entryID,采集时间,平台名称,账号,账号ID,昵称,类型,回复或转帖时间,回复ID,回复链接,回复内容,回复评论数,回复转发数,回复点赞数,回复查阅数,语言,被回复或转发帖子发帖人账号,被回复或转发帖子发帖人ID,被回复或转发帖子发帖人昵称,被回复或转发帖子发帖时间,被回复或转发帖子ID,被回复或转发帖子链接,被回复或转发帖子内容,被回复或转发帖子评论数,被回复或转发帖子转发数,被回复或转发帖子点赞数,被回复或转发帖子查阅数,被回复或转发帖子语言,被引用帖子发帖人账号,被引用帖子发帖人ID,被引用帖子发帖人昵称,被引用帖子发帖时间,被引用帖子ID,被引用帖子链接,被引用帖子内容,被引用帖子评论数,被引用帖子转发数,被引用帖子点赞数,被引用帖子查阅数,被引用帖子语言
tweet-1957495004596957547,2026-03-06 09:27:20,推特,YaoiCaseCasey,'484688602,𝑋𝑒𝑖𝑛,原创,Mon Aug 18 17:29:12 +0000 2025,,,,,,,,,YaoiCaseCasey,'484688602,𝑋𝑒𝑖𝑛,Mon Aug 18 17:29:12 +0000 2025,'1957495004596957547,https://x.com/YaoiCaseCasey/status/1957495004596957547,Managed to grab a signed copy,0.0,0.0,0.0,35.0,en,,,,,,,,,,,,
tweet-1951301516263874577,2026-03-06 09:27:20,推特,YaoiCaseCasey,'484688602,𝑋𝑒𝑖𝑛,转帖,Fri Aug 01 15:18:29 +0000 2025,,,,,,,,,bodies_ofwater,'1802970538601775104,🪣 BOW│ΘΔ&,Fri Aug 01 15:12:38 +0000 2025,'1951300044692529161,https://x.com/bodies_ofwater/status/1951300044692529161,🤨 - Sal#spoilers #deadtake #frankgardeu https://t.co/WflUUP26ne,0.0,14.0,76.0,4814.0,und,,,,,,,,,,,,
tweet-1937065633344328007,2026-03-06 09:27:20,推特,YaoiCaseCasey,'484688602,𝑋𝑒𝑖𝑛,转帖,Mon Jun 23 08:30:10 +0000 2025,,,,,,,,,dailyalantrivia,'1903414735531585536,Daily Alan Wake Trivia,Mon Jun 23 05:39:14 +0000 2025,'1937022615450755129,https://x.com/dailyalantrivia/status/1937022615450755129,"There are two references to Alex Casey in Dead by Daylight, an Alex Casey lunchbox charm and an appearance in Alan's first Tome art https://t.co/VDImeyxtHu",6.0,34.0,278.0,6633.0,en,,,,,,,,,,,,
tweet-1923420438719271311,2026-03-06 09:27:20,推特,YaoiCaseCasey,'484688602,𝑋𝑒𝑖𝑛,原创,Fri May 16 16:49:02 +0000 2025,,,,,,,,,YaoiCaseCasey,'484688602,𝑋𝑒𝑖𝑛,Fri May 16 16:49:02 +0000 2025,'1923420438719271311,https://x.com/YaoiCaseCasey/status/1923420438719271311,GUYS I https://t.co/ELeMp3yRBp,0.0,0.0,1.0,27.0,en,,,,,,,,,,,,
tweet-1913926217780396435,2026-03-06 09:27:20,推特,YaoiCaseCasey,'484688602,𝑋𝑒𝑖𝑛,转帖,Sun Apr 20 12:02:24 +0000 2025,,,,,,,,,jozhin_z_bazhin,'1670197124414287872,✨brennisteinn.🪗🎸 𖦹 TMBG Brooklyn+Boston,Sat Apr 19 02:44:14 +0000 2025,'1913423362996523426,https://x.com/jozhin_z_bazhin/status/1913423362996523426,Oh I remembered this interview omg I will dieMARKO TAPIO SAARESTO https://t.co/yO7ohhJalD,2.0,2.0,7.0,406.0,en,,,,,,,,,,,,
tweet-1909071304092704806,2026-03-06 09:27:20,推特,YaoiCaseCasey,'484688602,𝑋𝑒𝑖𝑛,原创,Mon Apr 07 02:30:42 +0000 2025,,,,,,,,,YaoiCaseCasey,'484688602,𝑋𝑒𝑖𝑛,Mon Apr 07 02:30:42 +0000 2025,'1909071304092704806,https://x.com/YaoiCaseCasey/status/1909071304092704806,Sami in his blonde era... dude lowkey looks like hes wearing eyeliner https://t.co/HdiizwGShb,2.0,0.0,3.0,84.0,en,,,,,,,,,,,,
tweet-1904186653356544345,2026-03-06 09:27:20,推特,YaoiCaseCasey,'484688602,𝑋𝑒𝑖𝑛,转帖,Mon Mar 24 15:00:50 +0000 2025,,,,,,,,,SamLakeRMD,'479858645,Sam Lake,Thu Apr 20 21:05:51 +0000 2023,'1649157453441892355,https://x.com/SamLakeRMD/status/1649157453441892355,"Unverified, but I’m canon in ALAN WAKE. https://t.co/PPDEcufDii",88.0,248.0,4054.0,231013.0,en,,,,,,,,,,,,
tweet-1903518211133550899,2026-03-06 09:27:20,推特,YaoiCaseCasey,'484688602,𝑋𝑒𝑖𝑛,转帖,Sat Mar 22 18:44:41 +0000 2025,,,,,,,,,Okami13_,'854281087484399616,KAMI,Fri Mar 21 15:59:02 +0000 2025,'1903114136285851960,https://x.com/Okami13_/status/1903114136285851960,"FBC: Firebreak | Official Gameplay Details:▫️ Set 6 years after Control▫️ Up to three players but playable in solo and duo as well▫️ No grind or FOMO. ""Just get together with your friends over the weekend for a good time.""▫️ Play for 20 minutes or play for several hours https://t.co/KfxxUBGUcQ",18.0,136.0,1306.0,51393.0,en,,,,,,,,,,,,
tweet-1902884268088627537,2026-03-06 09:27:20,推特,YaoiCaseCasey,'484688602,𝑋𝑒𝑖𝑛,转帖,Fri Mar 21 00:45:38 +0000 2025,,,,,,,,,spiraali,'1840313228355686400,neo ꩜,Thu Mar 20 17:17:28 +0000 2025,'1902771484369539148,https://x.com/spiraali/status/1902771484369539148,Even without the poem this speech was art and it was inspiring. Be cringe be free 🖤 https://t.co/MVUc7ZqmoE,1.0,159.0,926.0,32442.0,en,,,,,,,,,,,,
tweet-1894588793107485011,2026-03-06 09:27:20,推特,YaoiCaseCasey,'484688602,𝑋𝑒𝑖𝑛,原创,Wed Feb 26 03:22:22 +0000 2025,,,,,,,,,YaoiCaseCasey,'484688602,𝑋𝑒𝑖𝑛,Wed Feb 26 03:22:22 +0000 2025,'1894588793107485011,https://x.com/YaoiCaseCasey/status/1894588793107485011,So Sam actually hinted at Herald of Darkness eight years ago 👍🏻,0.0,1.0,1.0,109.0,en,,,,,,,,,,,,
tweet-1894577612409954320,2026-03-06 09:27:20,推特,YaoiCaseCasey,'484688602,𝑋𝑒𝑖𝑛,转帖,Wed Feb 26 02:37:57 +0000 2025,,,,,,,,,SamLakeRMD,'479858645,Sam Lake,Fri Mar 18 08:37:15 +0000 2016,'710746876451168256,https://x.com/SamLakeRMD/status/710746876451168256,"More snow during the night? Go home winter, you're drunk! https://t.co/YNGrImsIxD",4.0,22.0,120.0,,en,,,,,,,,,,,,
tweet-1894036855898722389,2026-03-06 09:27:20,推特,YaoiCaseCasey,'484688602,𝑋𝑒𝑖𝑛,转帖,Mon Feb 24 14:49:10 +0000 2025,,,,,,,,,alenkoplenko,'562202944,alenko,Mon Feb 24 13:27:11 +0000 2025,'1894016223236526298,https://x.com/alenkoplenko/status/1894016223236526298,he’s a butterfly 🦋 https://t.co/ccCqeYotKf,0.0,6.0,15.0,1015.0,en,,,,,,,,,,,,
tweet-1892602561120588003,2026-03-06 09:27:20,推特,YaoiCaseCasey,'484688602,𝑋𝑒𝑖𝑛,转帖,Thu Feb 20 15:49:48 +0000 2025,,,,,,,,,SamLakeRMD,'479858645,Sam Lake,Sun Aug 14 15:05:49 +0000 2016,'764840457524355072,https://x.com/SamLakeRMD/status/764840457524355072,"I don't mean to brag, people, but I recently invented the best dip in the universe. https://t.co/gXBn5IgJU3",9.0,21.0,155.0,,en,,,,,,,,,,,,
tweet-1891413998156837260,2026-03-06 09:27:20,推特,YaoiCaseCasey,'484688602,𝑋𝑒𝑖𝑛,转帖,Mon Feb 17 09:06:52 +0000 2025,,,,,,,,,terr_hedgehog,'1404100490074279940,julien !! 🇵🇭,Sun Feb 16 20:16:32 +0000 2025,'1891220135194640669,https://x.com/terr_hedgehog/status/1891220135194640669,One of those times when Casey https://t.co/8IurBSmapS,0.0,3.0,11.0,195.0,en,,,,,,,,,,,,
tweet-1889447843146113240,2026-03-06 09:27:20,推特,YaoiCaseCasey,'484688602,𝑋𝑒𝑖𝑛,转帖,Tue Feb 11 22:54:04 +0000 2025,,,,,,,,,Apogee_Ent,'23924176,Apogee Entertainment,Tue Feb 11 17:02:09 +0000 2025,'1889359278432989497,https://x.com/Apogee_Ent/status/1889359278432989497,"Max Payne Mug Shot Giveaway!One lucky fan will get an original 2001 mouse pad in mint condition, plus a never-used coffee mug that even Sam Lake would enjoy a sip from.To enter:  Like, Repost &amp; Follow.Ends Friday and ships at no charge globally. https://t.co/W2LU73f1Fk",165.0,1716.0,2398.0,100636.0,en,,,,,,,,,,,,
tweet-1889230157426446344,2026-03-06 09:27:20,推特,YaoiCaseCasey,'484688602,𝑋𝑒𝑖𝑛,转帖,Tue Feb 11 08:29:04 +0000 2025,,,,,,,,,SamLakeRMD,'479858645,Sam Lake,Mon Feb 10 18:35:28 +0000 2025,'1889020375318573098,https://x.com/SamLakeRMD/status/1889020375318573098,"Went to the forest to have a look around. Here are some photos of me in the forest, looking around. I saw things that belong in the forest. https://t.co/nwIVK2EWlS",135.0,533.0,7890.0,199173.0,en,,,,,,,,,,,,
tweet-1889088319969219017,2026-03-06 09:27:20,推特,YaoiCaseCasey,'484688602,𝑋𝑒𝑖𝑛,转帖,Mon Feb 10 23:05:27 +0000 2025,,,,,,,,,SamLakeRMD,'479858645,Sam Lake,Fri Sep 17 17:21:21 +0000 2021,'1438915992986456070,https://x.com/SamLakeRMD/status/1438915992986456070,I hope you’ve enjoyed Deerfest as much as I have. Alan Wake Remastered is coming. So is Barry ❤️. And festive lights 💡! And coffee thermoses ☕️. A hundred of them. @alanwake @remedygames @EpicGamesPub https://t.co/ddnUfbtN1f,34.0,131.0,972.0,,en,,,,,,,,,,,,
tweet-1886123954236260495,2026-03-06 09:27:20,推特,YaoiCaseCasey,'484688602,𝑋𝑒𝑖𝑛,转帖,Sun Feb 02 18:46:07 +0000 2025,,,,,,,,,TheDogtor,'18638326,Emma/ Dogtor 🏳️‍🌈🔦,Sun Feb 02 18:02:08 +0000 2025,'1886112884494647306,https://x.com/TheDogtor/status/1886112884494647306,"Why yes, I did in fact yell very loudly about this 😌😂 #MaxPayne2 #ControlRemedy https://t.co/0QThKNSduw",5.0,17.0,184.0,3979.0,en,,,,,,,,,,,,
tweet-1885205780808483123,2026-03-06 09:27:20,推特,YaoiCaseCasey,'484688602,𝑋𝑒𝑖𝑛,原创,Fri Jan 31 05:57:38 +0000 2025,,,,,,,,,YaoiCaseCasey,'484688602,𝑋𝑒𝑖𝑛,Fri Jan 31 05:57:38 +0000 2025,'1885205780808483123,https://x.com/YaoiCaseCasey/status/1885205780808483123,Make it quick I can't wait–,0.0,0.0,0.0,24.0,en,,,,,,,,,,,,
tweet-1760320966893486266,2026-03-06 09:28:20,推特,lndng375131,'1717768094909882368,林东,原创,Wed Feb 21 15:09:58 +0000 2024,,,,,,,,,lndng375131,'1717768094909882368,林东,Wed Feb 21 15:09:58 +0000 2024,'1760320966893486266,https://x.com/lndng375131/status/1760320966893486266,https://t.co/4nHNCkrmKB,0.0,0.0,0.0,35.0,zxx,,,,,,,,,,,,
tweet-1760320387987251684,2026-03-06 09:28:20,推特,lndng375131,'1717768094909882368,林东,原创,Wed Feb 21 15:07:40 +0000 2024,,,,,,,,,lndng375131,'1717768094909882368,林东,Wed Feb 21 15:07:40 +0000 2024,'1760320387987251684,https://x.com/lndng375131/status/1760320387987251684,大美,0.0,0.0,0.0,24.0,ja,,,,,,,,,,,,
tweet-1734864539584496024,2026-03-06 09:28:20,推特,lndng375131,'1717768094909882368,林东,原创,Wed Dec 13 09:15:13 +0000 2023,,,,,,,,,lndng375131,'1717768094909882368,林东,Wed Dec 13 09:15:13 +0000 2023,'1734864539584496024,https://x.com/lndng375131/status/1734864539584496024,不可忘却,0.0,0.0,0.0,6.0,ja,,,,,,,,,,,,
tweet-1720108925918621909,2026-03-06 09:28:20,推特,lndng375131,'1717768094909882368,林东,原创,Thu Nov 02 16:01:40 +0000 2023,,,,,,,,,lndng375131,'1717768094909882368,林东,Thu Nov 02 16:01:40 +0000 2023,'1720108925918621909,https://x.com/lndng375131/status/1720108925918621909,白云阁楼 https://t.co/ieUVvScb9W,0.0,0.0,0.0,12.0,zh,,,,,,,,,,,,
tweet-1717774683779760587,2026-03-06 09:28:20,推特,lndng375131,'1717768094909882368,林东,原创,Fri Oct 27 05:26:13 +0000 2023,,,,,,,,,lndng375131,'1717768094909882368,林东,Fri Oct 27 05:26:13 +0000 2023,'1717774683779760587,https://x.com/lndng375131/status/1717774683779760587,武汉 https://t.co/7uMnGSayMK,0.0,0.0,0.0,9.0,ja,,,,,,,,,,,,
tweet-2029014890460135775,2026-03-06 09:30:23,推特,tengyu_,'1950085097904041984,topbuildtop_aluminium,原创,Wed Mar 04 02:03:41 +0000 2026,,,,,,,,,tengyu_,'1950085097904041984,topbuildtop_aluminium,Wed Mar 04 02:03:41 +0000 2026,'2029014890460135775,https://x.com/tengyu_/status/2029014890460135775,"Aluminum Profile Square Tubes, Window Frames, Sliding Door Customization and Cutting Click to quickly check key information of this product, and we recommend this for you:  https://t.co/cX4YfwcHdC via @madeinchina_b2b",0.0,0.0,0.0,2.0,en,,,,,,,,,,,,
tweet-2028648857111072886,2026-03-06 09:30:23,推特,tengyu_,'1950085097904041984,topbuildtop_aluminium,原创,Tue Mar 03 01:49:12 +0000 2026,,,,,,,,,tengyu_,'1950085097904041984,topbuildtop_aluminium,Tue Mar 03 01:49:12 +0000 2026,'2028648857111072886,https://x.com/tengyu_/status/2028648857111072886,"Extruded Aluminum Profiles for Sliding Doors of Wardrobes Click to quickly check key information of this product, and we recommend this for you:  https://t.co/ACy6cpkpBP via @madeinchina_b2b",0.0,0.0,0.0,4.0,en,,,,,,,,,,,,
tweet-2028293626703610168,2026-03-06 09:30:23,推特,tengyu_,'1950085097904041984,topbuildtop_aluminium,原创,Mon Mar 02 02:17:39 +0000 2026,,,,,,,,,tengyu_,'1950085097904041984,topbuildtop_aluminium,Mon Mar 02 02:17:39 +0000 2026,'2028293626703610168,https://x.com/tengyu_/status/2028293626703610168,"Aluminum Alloy Corner Decorative Line for Waterproofing in The Living Room Click to quickly check key information of this product, and we recommend this for you:  https://t.co/s1Fm6axALH via @madeinchina_b2b",0.0,0.0,1.0,5.0,en,,,,,,,,,,,,
tweet-2027569834863817078,2026-03-06 09:30:23,推特,tengyu_,'1950085097904041984,topbuildtop_aluminium,原创,Sat Feb 28 02:21:33 +0000 2026,,,,,,,,,tengyu_,'1950085097904041984,topbuildtop_aluminium,Sat Feb 28 02:21:33 +0000 2026,'2027569834863817078,https://x.com/tengyu_/status/2027569834863817078,"Customized Aluminum Sliding Door and Double-Hung Window Profiles Click to quickly check key information of this product, and we recommend this for you:  https://t.co/QHjAAmlvFf via @madeinchina_b2b",0.0,0.0,1.0,1.0,en,,,,,,,,,,,,
tweet-2027567600918794447,2026-03-06 09:30:23,推特,tengyu_,'1950085097904041984,topbuildtop_aluminium,原创,Sat Feb 28 02:12:41 +0000 2026,,,,,,,,,tengyu_,'1950085097904041984,topbuildtop_aluminium,Sat Feb 28 02:12:41 +0000 2026,'2027567600918794447,https://x.com/tengyu_/status/2027567600918794447,"High-quality source factory aluminum profiles extrusion, industrial aluminum profiles https://t.co/i4qR4g0yi6",0.0,0.0,1.0,2.0,en,,,,,,,,,,,,
tweet-2027199098059960741,2026-03-06 09:30:23,推特,tengyu_,'1950085097904041984,topbuildtop_aluminium,原创,Fri Feb 27 01:48:23 +0000 2026,,,,,,,,,tengyu_,'1950085097904041984,topbuildtop_aluminium,Fri Feb 27 01:48:23 +0000 2026,'2027199098059960741,https://x.com/tengyu_/status/2027199098059960741,"Customized Aluminum Alloy Profile Glass Frame Wardrobe Click to quickly check key information of this product, and we recommend this for you:  https://t.co/UgjCUfxorC via @madeinchina_b2b",0.0,0.0,1.0,4.0,en,,,,,,,,,,,,
tweet-2026840612222415029,2026-03-06 09:30:23,推特,tengyu_,'1950085097904041984,topbuildtop_aluminium,原创,Thu Feb 26 02:03:53 +0000 2026,,,,,,,,,tengyu_,'1950085097904041984,topbuildtop_aluminium,Thu Feb 26 02:03:53 +0000 2026,'2026840612222415029,https://x.com/tengyu_/status/2026840612222415029,"Aluminum Honeycomb Ceiling Panels, Metal Ceiling Click to quickly check key information of this product, and we recommend this for you:  https://t.co/0fVSmvACiA via @madeinchina_b2b",0.0,0.0,1.0,3.0,en,,,,,,,,,,,,
profile-conversation-2029731273987063816,2026-03-06 09:30:23,推特,tengyu_,'1950085097904041984,topbuildtop_aluminium,回复,Wed Feb 25 06:30:27 +0000 2026,'2026545307451011455,https://x.com/tengyu_/status/2026545307451011455,"Welcome to our factory's custom-made modern-style metal decorative strips, with aluminum edge decorative bands.",0.0,0.0,0.0,4.0,en,tengyu_,'1950085097904041984,topbuildtop_aluminium,Wed Feb 25 06:21:47 +0000 2026,'2026543128698855761,https://x.com/tengyu_/status/2026543128698855761,Decorative Wall Edeg Aluminum Tile Accessories Tile Trim Strip https://t.co/h67IzAZKi0,1.0,0.0,1.0,5.0,en,,,,,,,,,,,,
tweet-2026474646028361917,2026-03-06 09:30:23,推特,tengyu_,'1950085097904041984,topbuildtop_aluminium,原创,Wed Feb 25 01:49:40 +0000 2026,,,,,,,,,tengyu_,'1950085097904041984,topbuildtop_aluminium,Wed Feb 25 01:49:40 +0000 2026,'2026474646028361917,https://x.com/tengyu_/status/2026474646028361917,"Push-Pull Window and Door Aluminum Profile Extrusion Profiles Click to quickly check key information of this product, and we recommend this for you:  https://t.co/Q2LBLpuK6F via @madeinchina_b2b",0.0,0.0,1.0,7.0,en,,,,,,,,,,,,
tweet-2022124842653561048,2026-03-06 09:30:23,推特,tengyu_,'1950085097904041984,topbuildtop_aluminium,原创,Fri Feb 13 01:45:06 +0000 2026,,,,,,,,,tengyu_,'1950085097904041984,topbuildtop_aluminium,Fri Feb 13 01:45:06 +0000 2026,'2022124842653561048,https://x.com/tengyu_/status/2022124842653561048,"Factory-Direct Sale of Aluminum Honeycomb Panel for Kitchen and Living Room Ceilings Click to quickly check key information of this product, and we recommend this for you:  https://t.co/qgvZmLEH91 via @madeinchina_b2b",0.0,0.0,1.0,5.0,en,,,,,,,,,,,,
profile-conversation-2029731273987063819,2026-03-06 09:30:23,推特,tengyu_,'1950085097904041984,topbuildtop_aluminium,回复,Thu Feb 12 07:17:21 +0000 2026,'2021846066577154502,https://x.com/tengyu_/status/2021846066577154502,"If you have any questions, please add my contact number 13500250240. I can provide you with aluminum profiles, aluminum honeycomb panels, honeycomb-style cabinets, wardrobes, wall panels, etc.",0.0,0.0,0.0,9.0,en,tengyu_,'1950085097904041984,topbuildtop_aluminium,Thu Feb 12 06:38:54 +0000 2026,'2021836393300078789,https://x.com/tengyu_/status/2021836393300078789,https://t.co/uUrKlcTnEA,1.0,0.0,1.0,9.0,zxx,,,,,,,,,,,,
tweet-2021757603429392632,2026-03-06 09:30:23,推特,tengyu_,'1950085097904041984,topbuildtop_aluminium,原创,Thu Feb 12 01:25:49 +0000 2026,,,,,,,,,tengyu_,'1950085097904041984,topbuildtop_aluminium,Thu Feb 12 01:25:49 +0000 2026,'2021757603429392632,https://x.com/tengyu_/status/2021757603429392632,"Exterior Angle Interior Wall Panel Decorative Strip Click to quickly check key information of this product, and we recommend this for you:  https://t.co/VgP0vpmyh6 via @madeinchina_b2b",0.0,0.0,1.0,3.0,en,,,,,,,,,,,,
tweet-2021402201311334403,2026-03-06 09:30:23,推特,tengyu_,'1950085097904041984,topbuildtop_aluminium,原创,Wed Feb 11 01:53:35 +0000 2026,,,,,,,,,tengyu_,'1950085097904041984,topbuildtop_aluminium,Wed Feb 11 01:53:35 +0000 2026,'2021402201311334403,https://x.com/tengyu_/status/2021402201311334403,"Free Aluminum Profile Design Plan! One-Stop Purchasing Service Click to quickly check key information of this product, and we recommend this for you:  https://t.co/UgelXoaCje via @madeinchina_b2b",0.0,0.0,1.0,3.0,en,,,,,,,,,,,,
tweet-2021051675344277853,2026-03-06 09:30:23,推特,tengyu_,'1950085097904041984,topbuildtop_aluminium,原创,Tue Feb 10 02:40:43 +0000 2026,,,,,,,,,tengyu_,'1950085097904041984,topbuildtop_aluminium,Tue Feb 10 02:40:43 +0000 2026,'2021051675344277853,https://x.com/tengyu_/status/2021051675344277853,"Aluminum Profile Multi-Functional Wall Panel Decorative Strip Click to quickly check key information of this product, and we recommend this for you:  https://t.co/XHWj0vuYRq via @madeinchina_b2b",0.0,0.0,1.0,4.0,en,,,,,,,,,,,,
tweet-2020679424602181942,2026-03-06 09:30:23,推特,tengyu_,'1950085097904041984,topbuildtop_aluminium,原创,Mon Feb 09 02:01:31 +0000 2026,,,,,,,,,tengyu_,'1950085097904041984,topbuildtop_aluminium,Mon Feb 09 02:01:31 +0000 2026,'2020679424602181942,https://x.com/tengyu_/status/2020679424602181942,Customized size of fireproof aluminum honeycomb panels for high-end facades and ceilings https://t.co/uSl6uGp4Nm,0.0,0.0,1.0,4.0,en,,,,,,,,,,,,
tweet-2020677189419876485,2026-03-06 09:30:23,推特,tengyu_,'1950085097904041984,topbuildtop_aluminium,原创,Mon Feb 09 01:52:38 +0000 2026,,,,,,,,,tengyu_,'1950085097904041984,topbuildtop_aluminium,Mon Feb 09 01:52:38 +0000 2026,'2020677189419876485,https://x.com/tengyu_/status/2020677189419876485,"Customized Extruded Aluminum Profile Wall Panel Decorative Strips Click to quickly check key information of this product, and we recommend this for you:  https://t.co/oNZZY1XdRk via @madeinchina_b2b",0.0,0.0,1.0,2.0,en,,,,,,,,,,,,
tweet-2019657229973221807,2026-03-06 09:30:23,推特,tengyu_,'1950085097904041984,topbuildtop_aluminium,原创,Fri Feb 06 06:19:41 +0000 2026,,,,,,,,,tengyu_,'1950085097904041984,topbuildtop_aluminium,Fri Feb 06 06:19:41 +0000 2026,'2019657229973221807,https://x.com/tengyu_/status/2019657229973221807,"Factory-Made Aluminum Profile Wall Panels and Decorative Strips for Home Decoration Click to quickly check key information of this product, and we recommend this for you:  https://t.co/90uDtsNKHX via @madeinchina_b2b",0.0,0.0,1.0,4.0,en,,,,,,,,,,,,
tweet-2018869573697867949,2026-03-06 09:30:23,推特,tengyu_,'1950085097904041984,topbuildtop_aluminium,原创,Wed Feb 04 02:09:49 +0000 2026,,,,,,,,,tengyu_,'1950085097904041984,topbuildtop_aluminium,Wed Feb 04 02:09:49 +0000 2026,'2018869573697867949,https://x.com/tengyu_/status/2018869573697867949,"Aluminum Alloy H-Shaped Decorative Strip Wall Panel Decorative Strip Click to quickly check key information of this product, and we recommend this for you:  https://t.co/ISppbWNnFR via @madeinchina_b2b",0.0,0.0,1.0,1.0,en,,,,,,,,,,,,
tweet-1779829116189250044,2026-03-06 09:40:57,推特,MT648688,'1425642831863975939,酷盖,原创,Mon Apr 15 11:08:23 +0000 2024,,,,,,,,,MT648688,'1425642831863975939,酷盖,Mon Apr 15 11:08:23 +0000 2024,'1779829116189250044,https://x.com/MT648688/status/1779829116189250044,$OEX Mainnet #TGE is cooking🔥Follow: 👉@openex_network @agiex_org Join: 👉 https://t.co/mctmTuHLPfTry: 👉 https://t.co/vK8DMVpZDW📱: 👉 https://t.co/HMg1Gr9M1W#OpenEX 84686821,1.0,0.0,0.0,31.0,en,,,,,,,,,,,,
tweet-1779786181464428836,2026-03-06 09:40:57,推特,MT648688,'1425642831863975939,酷盖,原创,Mon Apr 15 08:17:47 +0000 2024,,,,,,,,,MT648688,'1425642831863975939,酷盖,Mon Apr 15 08:17:47 +0000 2024,'1779786181464428836,https://x.com/MT648688/status/1779786181464428836,$OEX Mainnet #TGE is cooking🔥Follow: 👉@openex_network @agiex_org Join: 👉 https://t.co/mctmTuHdZHTry: 👉 https://t.co/vK8DMVprOo📱: 👉 https://t.co/HMg1Gr9eco#OpenEX c8e7e44a,0.0,0.0,0.0,25.0,en,,,,,,,,,,,,
tweet-2024022446312132929,2026-03-06 09:43:33,推特,dooooogged1,'1107914286687350785,dogged,原创,Wed Feb 18 07:25:30 +0000 2026,,,,,,,,,dooooogged1,'1107914286687350785,dogged,Wed Feb 18 07:25:30 +0000 2026,'2024022446312132929,https://x.com/dooooogged1/status/2024022446312132929,没有新内容，就发一张很久之前找@KOKAforone 玩的照片吧 https://t.co/FdN7Ewf55x,9.0,12.0,213.0,8179.0,zh,,,,,,,,,,,,
tweet-1987716097345560666,2026-03-06 09:43:33,推特,dooooogged1,'1107914286687350785,dogged,原创,Mon Nov 10 02:57:02 +0000 2025,,,,,,,,,dooooogged1,'1107914286687350785,dogged,Mon Nov 10 02:57:02 +0000 2025,'1987716097345560666,https://x.com/dooooogged1/status/1987716097345560666,胡乱更新 https://t.co/rE3yaYlUqn,10.0,3.0,139.0,11498.0,ja,,,,,,,,,,,,
tweet-1979043597434384444,2026-03-06 09:43:33,推特,dooooogged1,'1107914286687350785,dogged,原创,Fri Oct 17 04:35:37 +0000 2025,,,,,,,,,dooooogged1,'1107914286687350785,dogged,Fri Oct 17 04:35:37 +0000 2025,'1979043597434384444,https://x.com/dooooogged1/status/1979043597434384444,可以在这里放飞自我 https://t.co/rxkNT3TchQ,7.0,0.0,49.0,12045.0,zh,,,,,,,,,,,,
tweet-1964284762161365356,2026-03-06 09:43:33,推特,dooooogged1,'1107914286687350785,dogged,原创,Sat Sep 06 11:09:16 +0000 2025,,,,,,,,,dooooogged1,'1107914286687350785,dogged,Sat Sep 06 11:09:16 +0000 2025,'1964284762161365356,https://x.com/dooooogged1/status/1964284762161365356,小透明如我都有人做冒牌号了吗？下图是假号 https://t.co/oDQskpVz9g,3.0,0.0,3.0,12325.0,zh,,,,,,,,,,,,
tweet-1903686752826745120,2026-03-06 09:43:33,推特,dooooogged1,'1107914286687350785,dogged,原创,Sun Mar 23 05:54:25 +0000 2025,,,,,,,,,dooooogged1,'1107914286687350785,dogged,Sun Mar 23 05:54:25 +0000 2025,'1903686752826745120,https://x.com/dooooogged1/status/1903686752826745120,偷偷更新，试试新道具 https://t.co/QeGkHM54Wl,14.0,4.0,142.0,34028.0,zh,,,,,,,,,,,,
tweet-1833166881324490837,2026-03-06 09:43:33,推特,dooooogged1,'1107914286687350785,dogged,原创,Mon Sep 09 15:33:37 +0000 2024,,,,,,,,,dooooogged1,'1107914286687350785,dogged,Mon Sep 09 15:33:37 +0000 2024,'1833166881324490837,https://x.com/dooooogged1/status/1833166881324490837,偶尔才会戴的大檐帽 https://t.co/KUw37XrIHW,8.0,4.0,102.0,45424.0,ja,,,,,,,,,,,,
tweet-1828795393230156211,2026-03-06 09:43:33,推特,dooooogged1,'1107914286687350785,dogged,原创,Wed Aug 28 14:02:53 +0000 2024,,,,,,,,,dooooogged1,'1107914286687350785,dogged,Wed Aug 28 14:02:53 +0000 2024,'1828795393230156211,https://x.com/dooooogged1/status/1828795393230156211,记忙碌的一天。被小孩踢，见到了傻子，遇到了醉酒佬，还碰上了咸鱼（Shi体）😔 https://t.co/ooFWvTQ0z1,8.0,5.0,76.0,41532.0,zh,,,,,,,,,,,,
tweet-1811370470102671432,2026-03-06 09:43:33,推特,dooooogged1,'1107914286687350785,dogged,原创,Thu Jul 11 12:02:28 +0000 2024,,,,,,,,,dooooogged1,'1107914286687350785,dogged,Thu Jul 11 12:02:28 +0000 2024,'1811370470102671432,https://x.com/dooooogged1/status/1811370470102671432,师弟的袜子和内裤怎么就这样放着啊😳师兄帮你收拾一下好了😏（只是闻了，没有偷） https://t.co/sif1kW6t93,7.0,1.0,107.0,46750.0,zh,,,,,,,,,,,,
tweet-1809428910976987296,2026-03-06 09:43:33,推特,dooooogged1,'1107914286687350785,dogged,原创,Sat Jul 06 03:27:24 +0000 2024,,,,,,,,,dooooogged1,'1107914286687350785,dogged,Sat Jul 06 03:27:24 +0000 2024,'1809428910976987296,https://x.com/dooooogged1/status/1809428910976987296,所里来个几个学警，偷偷闻了其中一个的袜子，很阳光的味道🥵 https://t.co/mZnyL8cwBo,13.0,0.0,69.0,41532.0,zh,,,,,,,,,,,,
tweet-1792509757053653285,2026-03-06 09:43:33,推特,dooooogged1,'1107914286687350785,dogged,原创,Mon May 20 10:56:43 +0000 2024,,,,,,,,,dooooogged1,'1107914286687350785,dogged,Mon May 20 10:56:43 +0000 2024,'1792509757053653285,https://x.com/dooooogged1/status/1792509757053653285,突然想要一个警校m了🤫（袜子都穿破了，怎么办） https://t.co/jCe8n0r9sg,7.0,8.0,94.0,38185.0,zh,,,,,,,,,,,,
tweet-1784086157493702772,2026-03-06 09:43:33,推特,dooooogged1,'1107914286687350785,dogged,原创,Sat Apr 27 05:04:21 +0000 2024,,,,,,,,,dooooogged1,'1107914286687350785,dogged,Sat Apr 27 05:04:21 +0000 2024,'1784086157493702772,https://x.com/dooooogged1/status/1784086157493702772,被某人评论是社牛（其实我是社恐） https://t.co/EmPdXfigrV,10.0,0.0,70.0,39580.0,zh,,,,,,,,,,,,
tweet-1720480962876965005,2026-03-06 09:43:33,推特,dooooogged1,'1107914286687350785,dogged,原创,Fri Nov 03 16:40:01 +0000 2023,,,,,,,,,dooooogged1,'1107914286687350785,dogged,Fri Nov 03 16:40:01 +0000 2023,'1720480962876965005,https://x.com/dooooogged1/status/1720480962876965005,什么时候能回到这个时候😢 https://t.co/6i3r6aVUhK,8.0,9.0,196.0,43230.0,zh,,,,,,,,,,,,
tweet-1410136230361063424,2026-03-06 09:43:33,推特,dooooogged1,'1107914286687350785,dogged,原创,Wed Jun 30 07:20:51 +0000 2021,,,,,,,,,dooooogged1,'1107914286687350785,dogged,Wed Jun 30 07:20:51 +0000 2021,'1410136230361063424,https://x.com/dooooogged1/status/1410136230361063424,小狗勾模仿真狗狗 https://t.co/FrBjUE1f3i,26.0,41.0,495.0,,ja,,,,,,,,,,,,
tweet-449824907547770880,2026-03-06 09:44:30,推特,Rfcx2013,'2417141358,jon  yu,原创,Sat Mar 29 08:26:29 +0000 2014,,,,,,,,,Rfcx2013,'2417141358,jon  yu,Sat Mar 29 08:26:29 +0000 2014,'449824907547770880,https://x.com/Rfcx2013/status/449824907547770880,宝贝们的盆景 http://t.co/4keQVQH8Et,0.0,0.0,0.0,,zh,,,,,,,,,,,,
tweet-449824086969970688,2026-03-06 09:44:30,推特,Rfcx2013,'2417141358,jon  yu,原创,Sat Mar 29 08:23:14 +0000 2014,,,,,,,,,Rfcx2013,'2417141358,jon  yu,Sat Mar 29 08:23:14 +0000 2014,'449824086969970688,https://x.com/Rfcx2013/status/449824086969970688,宝贝又在练舞蹈了 http://t.co/5mPQQdd0Ki,0.0,0.0,0.0,,zh,,,,,,,,,,,,
tweet-1919041158870679972,2026-03-06 09:44:51,推特,BenAi70193,'1707404734724984832,本人男爱好女,转帖,Sun May 04 14:47:20 +0000 2025,,,,,,,,,4kmodel_ai,'1798906981350281217,4K Beautiful,Mon Apr 28 21:08:00 +0000 2025,'1916962626816327756,https://x.com/4kmodel_ai/status/1916962626816327756,#AIphoto #sexydoll #stablediffusion #Realistic #aigirls #AIart #Ai美女 #ai生产 #AI生成 #巨乳 #Ai #3D #R18 #nsfw #sexy #nude #AI美人 #3DCG #Porn #AI사진 #極上の乳 #AI美少女 #AIphoto #AIArtworks https://t.co/XHxLHwRwy3,1.0,20.0,197.0,6216.0,qme,,,,,,,,,,,,
tweet-821021849706369024,2026-03-06 09:57:15,推特,qq837961266,'820910222025707520,SEVEN,原创,Mon Jan 16 15:50:37 +0000 2017,,,,,,,,,qq837961266,'820910222025707520,SEVEN,Mon Jan 16 15:50:37 +0000 2017,'821021849706369024,https://x.com/qq837961266/status/821021849706369024,I've won a battle in @PixelGun3D! Join the fight now! #pixelgun3d #pixelgun #3d #pg3d #mobile #fps #shooter https://t.co/1SZradoz99,0.0,0.0,0.0,,en,,,,,,,,,,,,
tweet-821020014048223232,2026-03-06 09:57:15,推特,qq837961266,'820910222025707520,SEVEN,原创,Mon Jan 16 15:43:19 +0000 2017,,,,,,,,,qq837961266,'820910222025707520,SEVEN,Mon Jan 16 15:43:19 +0000 2017,'821020014048223232,https://x.com/qq837961266/status/821020014048223232,I’ve defeated the RIDER in @PixelGun3D! Join my adventures now! #pixelgun3d #pixelgun #3d #pg3d #mobile #fps https://t.co/1SZradoz99,0.0,0.0,0.0,,en,,,,,,,,,,,,
tweet-821016824368111616,2026-03-06 09:57:15,推特,qq837961266,'820910222025707520,SEVEN,原创,Mon Jan 16 15:30:39 +0000 2017,,,,,,,,,qq837961266,'820910222025707520,SEVEN,Mon Jan 16 15:30:39 +0000 2017,'821016824368111616,https://x.com/qq837961266/status/821016824368111616,All enemies on BRIDGE are defeated in @PixelGun3D! Join my adventures now! #pixelgun3d #pixelgun #pg3d https://t.co/1SZradoz99,0.0,0.0,0.0,,en,,,,,,,,,,,,
tweet-821016338214719489,2026-03-06 09:57:15,推特,qq837961266,'820910222025707520,SEVEN,原创,Mon Jan 16 15:28:43 +0000 2017,,,,,,,,,qq837961266,'820910222025707520,SEVEN,Mon Jan 16 15:28:43 +0000 2017,'821016338214719489,https://x.com/qq837961266/status/821016338214719489,All enemies in HOSPITAL are defeated in @PixelGun3D! Join my adventures now! #pixelgun3d #pixelgun #pg3d https://t.co/1SZradoz99,0.0,0.0,0.0,,en,,,,,,,,,,,,
tweet-1979800807416762803,2026-03-06 09:58:42,推特,YY1319888,'1749802596548972546,Rose,原创,Sun Oct 19 06:44:30 +0000 2025,,,,,,,,,YY1319888,'1749802596548972546,Rose,Sun Oct 19 06:44:30 +0000 2025,'1979800807416762803,https://x.com/YY1319888/status/1979800807416762803,兄弟们，#AOP 我抄一波，此时正是布局的好时机，近期上币安合约有很强的预期，现在上手，待上线合约时或迎爆发……#币安Alpha #ArkOfpanda https://t.co/83nskSWj5n,0.0,0.0,0.0,47.0,zh,,,,,,,,,,,,
tweet-1979506847536259535,2026-03-06 09:58:42,推特,YY1319888,'1749802596548972546,Rose,原创,Sat Oct 18 11:16:24 +0000 2025,,,,,,,,,YY1319888,'1749802596548972546,Rose,Sat Oct 18 11:16:24 +0000 2025,'1979506847536259535,https://x.com/YY1319888/status/1979506847536259535,#AOP 交易数据持续刷新认知，稳居交易量榜首位置。截至今日，其24h交易量突破63亿，市值仅2400万，量价比严重倒挂，背后资金推动迹象明显。 当前 #AOP 换手率处于高位区间，市场交易活跃度极高。在整体行情低迷、多数币种回调的背景下，其价格始终坚守0.08关键价位，展现出极强的价格韧性。 https://t.co/bUnBO7KwZZ,0.0,0.0,0.0,32.0,zh,,,,,,,,,,,,
tweet-1979099134859567536,2026-03-06 09:58:42,推特,YY1319888,'1749802596548972546,Rose,原创,Fri Oct 17 08:16:18 +0000 2025,,,,,,,,,YY1319888,'1749802596548972546,Rose,Fri Oct 17 08:16:18 +0000 2025,'1979099134859567536,https://x.com/YY1319888/status/1979099134859567536,#AOP 交易量已连续多期稳居榜首，日成交额持续突破60亿+70亿+。其交易量甚至超过了比特币（#BTC）、以太坊（#ETH）等主流加密货币。 兄弟们，在雄厚资金托底、交易大赛火热进行以及合约利好预期的多重支撑下，建议继续持有 #AOP 并持续建仓。#币安Alpha  #Arkofpanda https://t.co/9qhjlj7lAc,0.0,0.0,1.0,78.0,zh,,,,,,,,,,,,
tweet-1978736856356536631,2026-03-06 09:58:42,推特,YY1319888,'1749802596548972546,Rose,原创,Thu Oct 16 08:16:44 +0000 2025,,,,,,,,,YY1319888,'1749802596548972546,Rose,Thu Oct 16 08:16:44 +0000 2025,'1978736856356536631,https://x.com/YY1319888/status/1978736856356536631,$AOP 24h超64亿+交易量，交易笔数:2758笔+，充分看出其高流动性和高活跃度;#AOP 作为Web2与Web3的桥梁，目前已有20+优质的项目入驻平台，叠加 #AI热点叙事+UGC+Web2.5落地应用，现在才2500万的流通市值，未来至少有10倍的想象空间。建议逢低布局，目标看到0.15以上。#ArkOfPanda #币安alpha https://t.co/PXVDavRlQj,0.0,0.0,0.0,30.0,zh,,,,,,,,,,,,
tweet-1978357534047043888,2026-03-06 09:58:42,推特,YY1319888,'1749802596548972546,Rose,原创,Wed Oct 15 07:09:26 +0000 2025,,,,,,,,,YY1319888,'1749802596548972546,Rose,Wed Oct 15 07:09:26 +0000 2025,'1978357534047043888,https://x.com/YY1319888/status/1978357534047043888,本想对空投“格局”到底，结果差点心态失守😂 ，磨损都回不来😂看看 #AOP（Ark Of Panda），天天走“爬楼梯”行情，24h交易额直接冲破70亿+，交易笔数飙到3026.4万，交易量碾压大饼👍🏻 果然，不是所有币都配谈“格局”，选对赛道、踩准趋势，才能在加密世界里跟着K线一路向上！ https://t.co/gsnWEG18RA,0.0,0.0,1.0,41.0,zh,,,,,,,,,,,,
tweet-1977972844891119833,2026-03-06 09:58:42,推特,YY1319888,'1749802596548972546,Rose,原创,Tue Oct 14 05:40:49 +0000 2025,,,,,,,,,YY1319888,'1749802596548972546,Rose,Tue Oct 14 05:40:49 +0000 2025,'1977972844891119833,https://x.com/YY1319888/status/1977972844891119833,#AOP 代币24h交易额达63亿+，远超主流货币对，资金动能强劲。KDJ、MACD指标多头信号显现，技术面与资金面共振 ，继续持有，逢低建仓。#币安Alpha #Arkofpanda https://t.co/gakpsx0NVS,0.0,0.0,0.0,56.0,zh,,,,,,,,,,,,
tweet-1977702650310193351,2026-03-06 09:58:42,推特,YY1319888,'1749802596548972546,Rose,原创,Mon Oct 13 11:47:10 +0000 2025,,,,,,,,,YY1319888,'1749802596548972546,Rose,Mon Oct 13 11:47:10 +0000 2025,'1977702650310193351,https://x.com/YY1319888/status/1977702650310193351,兄弟啊，这次终于没看走眼了。 #AOP 24h成交额超60亿;24h交易笔数2570万+超越了主流交易对，稳居榜首，牛气冲天，0.1美刀So easy!这样的数据量如果合约上了，将会是什么样的一个状态？#币安Alpha #Arkofpanda https://t.co/lknZ8XUPGx,1.0,0.0,1.0,76.0,zh,,,,,,,,,,,,
tweet-1977297140649963547,2026-03-06 09:58:42,推特,YY1319888,'1749802596548972546,Rose,原创,Sun Oct 12 08:55:49 +0000 2025,,,,,,,,,YY1319888,'1749802596548972546,Rose,Sun Oct 12 08:55:49 +0000 2025,'1977297140649963547,https://x.com/YY1319888/status/1977297140649963547,还得是@AOP，日交易量突破50+亿，稳居榜一价格运行在布林带中轨（MB: 0.080848）上方，且有向中轨靠拢后继续上攻的趋势，说明短期多头力量占据优势，还没入手的兄弟，加重关注了。#币安Alpha #ArkOfPanda https://t.co/NCG0EMpoWN,0.0,0.0,1.0,165.0,zh,,,,,,,,,,,,
tweet-1976918673203032280,2026-03-06 09:58:42,推特,YY1319888,'1749802596548972546,Rose,原创,Sat Oct 11 07:51:55 +0000 2025,,,,,,,,,YY1319888,'1749802596548972546,Rose,Sat Oct 11 07:51:55 +0000 2025,'1976918673203032280,https://x.com/YY1319888/status/1976918673203032280,加密货币市场集体“跳水”？@AOP却在这波震荡里“稳如老狗”！前期强势洗盘后，价格走势那叫一个扎实，在跌宕市场中愣是走出了独一份的抗跌体质和增长爆发力。#币安Alpha #Arkofpanda https://t.co/e2lhQMkFCp,0.0,0.0,0.0,61.0,zh,,,,,,,,,,,,
tweet-1976541549942198398,2026-03-06 09:58:42,推特,YY1319888,'1749802596548972546,Rose,原创,Fri Oct 10 06:53:22 +0000 2025,,,,,,,,,YY1319888,'1749802596548972546,Rose,Fri Oct 10 06:53:22 +0000 2025,'1976541549942198398,https://x.com/YY1319888/status/1976541549942198398,我认为@AOP今天的价格都是白菜价@AOP生态融合了RWA代币化、AI驱动UGC、多链聚合等多元场景，随着这些应用落地，用户对AOP的需求会从投机向实用转变，需求的多元化和刚性将为价格提供支撑。Web3与AI融合的行业趋势，都为AOP生态发展创造有利条件。并已上线币安alpha，日交易一直居高霸榜@Alpha https://t.co/P9ZQUkXr3c,0.0,0.0,1.0,65.0,zh,,,,,,,,,,,,
tweet-1976114036543717384,2026-03-06 09:58:42,推特,YY1319888,'1749802596548972546,Rose,原创,Thu Oct 09 02:34:35 +0000 2025,,,,,,,,,YY1319888,'1749802596548972546,Rose,Thu Oct 09 02:34:35 +0000 2025,'1976114036543717384,https://x.com/YY1319888/status/1976114036543717384,AOP这波肉我愣是完美错过，有吃到的兄弟来告诉我啥味呗？😂-----------------------------一波回调直接筛掉跟风“纸手”，0.6以下这价位，说是捡漏级机会都不为过，逢低进场就对了！ https://t.co/D3McThyljc,0.0,0.0,2.0,41.0,zh,,,,,,,,,,,,
tweet-1975835741923254341,2026-03-06 09:58:42,推特,YY1319888,'1749802596548972546,Rose,原创,Wed Oct 08 08:08:44 +0000 2025,,,,,,,,,YY1319888,'1749802596548972546,Rose,Wed Oct 08 08:08:44 +0000 2025,'1975835741923254341,https://x.com/YY1319888/status/1975835741923254341,兄弟们，我要冲AOP了，昨天没有冲，后悔死了！看AOP这技术走势，简直开了挂！价格稳步上冲不回头，成交量暴增、持有者数猛涨，每一项数据都在爆燃！AI+UGC+Web2.5叙事强力加持，这波上涨动能直接拉满！ https://t.co/N97hWpqJA6,0.0,0.0,2.0,102.0,zh,,,,,,,,,,,,
tweet-1975406827941863494,2026-03-06 09:58:42,推特,YY1319888,'1749802596548972546,Rose,原创,Tue Oct 07 03:44:23 +0000 2025,,,,,,,,,YY1319888,'1749802596548972546,Rose,Tue Oct 07 03:44:23 +0000 2025,'1975406827941863494,https://x.com/YY1319888/status/1975406827941863494,"市场情绪拉满！比特币引领行情回暖，AOP这类""技术+叙事""双优项目正蓄势待发，短期0.1美元小目标清晰可见，提前布局或能抢占先机！ https://t.co/1OLzxMpGdQ",0.0,0.0,2.0,56.0,zh,,,,,,,,,,,,
tweet-1975081448827920841,2026-03-06 09:58:42,推特,YY1319888,'1749802596548972546,Rose,原创,Mon Oct 06 06:11:27 +0000 2025,,,,,,,,,YY1319888,'1749802596548972546,Rose,Mon Oct 06 06:11:27 +0000 2025,'1975081448827920841,https://x.com/YY1319888/status/1975081448827920841,🔥#AOP 杀疯！单日20+亿美金成交冲币安Alpha榜第三，K线“冲天炮”飙升，早入玩家喊“赚麻了”～ 20+亿成交是市场真金白银认可，生态+共识扛住行情热度；Alpha榜前三=加密“掘金信号”，机构、老玩家都在盯！ $AOP 当前价0.074231，K线飘绿涨不停，这波#Alpha机遇，你跟不跟？🚀 #加密货币 #AOP https://t.co/HYzrCXNJA3,0.0,0.0,2.0,93.0,zh,,,,,,,,,,,,
tweet-1931560279202205817,2026-03-06 09:59:49,推特,RJtCE5WAsc96011,'1758867109604724736,莲,原创,Sun Jun 08 03:53:51 +0000 2025,,,,,,,,,RJtCE5WAsc96011,'1758867109604724736,莲,Sun Jun 08 03:53:51 +0000 2025,'1931560279202205817,https://x.com/RJtCE5WAsc96011/status/1931560279202205817,•背景前提为lg后大家都已成年，设定均为捏造，全方面ooc预警！https://t.co/T8y8iNVWqD,0.0,0.0,0.0,15.0,zh,,,,,,,,,,,,
tweet-1882323971909275676,2026-03-06 09:59:49,推特,RJtCE5WAsc96011,'1758867109604724736,莲,原创,Thu Jan 23 07:06:21 +0000 2025,,,,,,,,,RJtCE5WAsc96011,'1758867109604724736,莲,Thu Jan 23 07:06:21 +0000 2025,'1882323971909275676,https://x.com/RJtCE5WAsc96011/status/1882323971909275676,https://t.co/4irXdkAWJd,0.0,0.0,0.0,15.0,zxx,,,,,,,,,,,,
tweet-1882323630518116630,2026-03-06 09:59:49,推特,RJtCE5WAsc96011,'1758867109604724736,莲,原创,Thu Jan 23 07:05:00 +0000 2025,,,,,,,,,RJtCE5WAsc96011,'1758867109604724736,莲,Thu Jan 23 07:05:00 +0000 2025,'1882323630518116630,https://x.com/RJtCE5WAsc96011/status/1882323630518116630,•俗套的小妈文学，完全架空背景，有年龄操作(纳18、赤23、纳爹40+)•含父赤、路人抹布剧情，含血腥、暴力行为描写，三观、道德统统是没有的，很雷很乱很狗血，彻底放飞自...https://t.co/4irXdkAWJd,0.0,0.0,0.0,63.0,zh,,,,,,,,,,,,
tweet-1870044002101408106,2026-03-06 09:59:49,推特,RJtCE5WAsc96011,'1758867109604724736,莲,原创,Fri Dec 20 09:50:08 +0000 2024,,,,,,,,,RJtCE5WAsc96011,'1758867109604724736,莲,Fri Dec 20 09:50:08 +0000 2024,'1870044002101408106,https://x.com/RJtCE5WAsc96011/status/1870044002101408106,https://t.co/efH7RRdri4,0.0,0.0,0.0,14.0,zxx,,,,,,,,,,,,
tweet-1859627748635050425,2026-03-06 09:59:49,推特,RJtCE5WAsc96011,'1758867109604724736,莲,原创,Thu Nov 21 15:59:40 +0000 2024,,,,,,,,,RJtCE5WAsc96011,'1758867109604724736,莲,Thu Nov 21 15:59:40 +0000 2024,'1859627748635050425,https://x.com/RJtCE5WAsc96011/status/1859627748635050425,GLORY DAYS(下)https://t.co/yLG0hh1qZW,0.0,0.0,0.0,16.0,ja,,,,,,,,,,,,
tweet-1859626868846231926,2026-03-06 09:59:49,推特,RJtCE5WAsc96011,'1758867109604724736,莲,原创,Thu Nov 21 15:56:10 +0000 2024,,,,,,,,,RJtCE5WAsc96011,'1758867109604724736,莲,Thu Nov 21 15:56:10 +0000 2024,'1859626868846231926,https://x.com/RJtCE5WAsc96011/status/1859626868846231926,GLORY DAYS(上)https://t.co/ps2ZGSVqHY,0.0,0.0,0.0,14.0,ja,,,,,,,,,,,,
tweet-1840943453934665982,2026-03-06 09:59:49,推特,RJtCE5WAsc96011,'1758867109604724736,莲,原创,Tue Oct 01 02:34:57 +0000 2024,,,,,,,,,RJtCE5WAsc96011,'1758867109604724736,莲,Tue Oct 01 02:34:57 +0000 2024,'1840943453934665982,https://x.com/RJtCE5WAsc96011/status/1840943453934665982,https://t.co/tK1iH6H8Kx,0.0,0.0,0.0,16.0,zxx,,,,,,,,,,,,
tweet-1824044680105050218,2026-03-06 09:59:49,推特,RJtCE5WAsc96011,'1758867109604724736,莲,原创,Thu Aug 15 11:25:15 +0000 2024,,,,,,,,,RJtCE5WAsc96011,'1758867109604724736,莲,Thu Aug 15 11:25:15 +0000 2024,'1824044680105050218,https://x.com/RJtCE5WAsc96011/status/1824044680105050218,https://t.co/AaKEifSucN,0.0,0.0,0.0,8.0,zxx,,,,,,,,,,,,
tweet-1808771391325692313,2026-03-06 09:59:49,推特,RJtCE5WAsc96011,'1758867109604724736,莲,原创,Thu Jul 04 07:54:39 +0000 2024,,,,,,,,,RJtCE5WAsc96011,'1758867109604724736,莲,Thu Jul 04 07:54:39 +0000 2024,'1808771391325692313,https://x.com/RJtCE5WAsc96011/status/1808771391325692313,https://t.co/QbonIOKq6N,0.0,0.0,0.0,7.0,zxx,,,,,,,,,,,,
tweet-1807701429542621606,2026-03-06 09:59:49,推特,RJtCE5WAsc96011,'1758867109604724736,莲,原创,Mon Jul 01 09:03:00 +0000 2024,,,,,,,,,RJtCE5WAsc96011,'1758867109604724736,莲,Mon Jul 01 09:03:00 +0000 2024,'1807701429542621606,https://x.com/RJtCE5WAsc96011/status/1807701429542621606,https://t.co/AaKEifSucN,0.0,0.0,0.0,6.0,zxx,,,,,,,,,,,,
tweet-1792595432914477186,2026-03-06 09:59:49,推特,RJtCE5WAsc96011,'1758867109604724736,莲,原创,Mon May 20 16:37:10 +0000 2024,,,,,,,,,RJtCE5WAsc96011,'1758867109604724736,莲,Mon May 20 16:37:10 +0000 2024,'1792595432914477186,https://x.com/RJtCE5WAsc96011/status/1792595432914477186,又名带刺的玫瑰和装乖的恶犬•背景完全架空，OOC预警。https://t.co/mHxjrgZmRM,0.0,0.0,0.0,7.0,zh,,,,,,,,,,,,
tweet-1792595150499414294,2026-03-06 09:59:49,推特,RJtCE5WAsc96011,'1758867109604724736,莲,原创,Mon May 20 16:36:03 +0000 2024,,,,,,,,,RJtCE5WAsc96011,'1758867109604724736,莲,Mon May 20 16:36:03 +0000 2024,'1792595150499414294,https://x.com/RJtCE5WAsc96011/status/1792595150499414294,https://t.co/mHxjrgZmRM,0.0,0.0,0.0,6.0,zxx,,,,,,,,,,,,
tweet-1792210244246147554,2026-03-06 09:59:49,推特,RJtCE5WAsc96011,'1758867109604724736,莲,原创,Sun May 19 15:06:34 +0000 2024,,,,,,,,,RJtCE5WAsc96011,'1758867109604724736,莲,Sun May 19 15:06:34 +0000 2024,'1792210244246147554,https://x.com/RJtCE5WAsc96011/status/1792210244246147554,一篇短小的父赤脑洞文，完全私设，非常OOC。https://t.co/hkSjKN74Cd,0.0,0.0,0.0,4.0,ja,,,,,,,,,,,,
tweet-1722522769764790369,2026-03-06 10:11:15,推特,kentsonhogwantz,'552486285,Top.here,转帖,Thu Nov 09 07:53:25 +0000 2023,,,,,,,,,evan_gkn,'1107216862708826112,Evan。evan,Sun Oct 15 02:36:55 +0000 2023,'1713383422767530258,https://x.com/evan_gkn/status/1713383422767530258,身體都被被老公@veryted1 塞滿🥵🥵🥵🥵🥵#日常#onlyFans #馬卡鋅 https://t.co/46exWXf7ZAhttps://t.co/4O6e5Z6Cb6 https://t.co/K35CkjqSMj,71.0,1311.0,5340.0,575697.0,zh,,,,,,,,,,,,
tweet-1711798182794199127,2026-03-06 10:11:15,推特,kentsonhogwantz,'552486285,Top.here,转帖,Tue Oct 10 17:37:45 +0000 2023,,,,,,,,,alphamasterbeau,'1592094670624104449,AlphaBeau,Tue Oct 10 14:27:51 +0000 2023,'1711750395029033341,https://x.com/alphamasterbeau/status/1711750395029033341,I know you can’t resist 🫰🏽 https://t.co/ov3LSCHSzm,6.0,86.0,538.0,27286.0,en,,,,,,,,,,,,
tweet-1239793117340942337,2026-03-06 10:11:15,推特,kentsonhogwantz,'552486285,Top.here,转帖,Tue Mar 17 05:58:08 +0000 2020,,,,,,,,,Diegho_30,'705184260148346880,Diego,Mon Mar 16 15:19:17 +0000 2020,'1239571947949785088,https://x.com/Diegho_30/status/1239571947949785088,https://t.co/vIQ0z6YmrA,23.0,907.0,6659.0,,zxx,,,,,,,,,,,,
tweet-1239608668762419201,2026-03-06 10:11:15,推特,kentsonhogwantz,'552486285,Top.here,转帖,Mon Mar 16 17:45:12 +0000 2020,,,,,,,,,jian_dekuo123,'971622208832356353,JD,Fri Apr 06 04:26:19 +0000 2018,'982112241401999360,https://x.com/jian_dekuo123/status/982112241401999360,https://t.co/U8Qjt5pMPe這也未免太誇張😍😍😍,7.0,26.0,131.0,,zh,,,,,,,,,,,,
tweet-2018946135952683050,2026-03-06 10:12:16,推特,jhc1925,'1525629304239013888,2568886,原创,Wed Feb 04 07:14:03 +0000 2026,,,,,,,,,jhc1925,'1525629304239013888,2568886,Wed Feb 04 07:14:03 +0000 2026,'2018946135952683050,https://x.com/jhc1925/status/2018946135952683050,https://t.co/4elGhmoxCD,0.0,0.0,0.0,7.0,zxx,,,,,,,,,,,,
tweet-2028230719655588026,2026-03-06 10:12:46,推特,wawawa949999,'1999684628240826368,哇哇哇,原创,Sun Mar 01 22:07:40 +0000 2026,,,,,,,,,wawawa949999,'1999684628240826368,哇哇哇,Sun Mar 01 22:07:40 +0000 2026,'2028230719655588026,https://x.com/wawawa949999/status/2028230719655588026,广东顺德附近滴滴,0.0,0.0,0.0,1.0,zh,,,,,,,,,,,,
tweet-2008960892860551558,2026-03-06 10:12:46,推特,wawawa949999,'1999684628240826368,哇哇哇,原创,Wed Jan 07 17:56:16 +0000 2026,,,,,,,,,wawawa949999,'1999684628240826368,哇哇哇,Wed Jan 07 17:56:16 +0000 2026,'2008960892860551558,https://x.com/wawawa949999/status/2008960892860551558,泸州古蔺新医院这边有没有约的找女,0.0,0.0,0.0,108.0,zh,,,,,,,,,,,,
tweet-2006888331519647755,2026-03-06 10:12:46,推特,wawawa949999,'1999684628240826368,哇哇哇,原创,Fri Jan 02 00:40:39 +0000 2026,,,,,,,,,wawawa949999,'1999684628240826368,哇哇哇,Fri Jan 02 00:40:39 +0000 2026,'2006888331519647755,https://x.com/wawawa949999/status/2006888331519647755,来个妹妹打视频,0.0,0.0,0.0,400.0,zh,,,,,,,,,,,,
tweet-2027907475694096605,2026-03-06 10:13:17,推特,loadinghuixi,'2668942550,kawasan,转帖,Sun Mar 01 00:43:13 +0000 2026,,,,,,,,,sake_0927,'1960356312379957248,SYAKE,Fri Feb 27 14:07:27 +0000 2026,'2027385093296415221,https://x.com/sake_0927/status/2027385093296415221,ヤッチョ^^#超かぐや姫 https://t.co/qiQW8PVw7W,4.0,1434.0,14751.0,107203.0,ja,,,,,,,,,,,,
tweet-2027907280877064375,2026-03-06 10:13:17,推特,loadinghuixi,'2668942550,kawasan,转帖,Sun Mar 01 00:42:27 +0000 2026,,,,,,,,,caitsith0629,'3546706814,画家⛩️オクダイラユウユウ,Sat Feb 28 11:57:14 +0000 2026,'2027714708414075057,https://x.com/caitsith0629/status/2027714708414075057,心が折れるおりがみシリーズ！？超難解折紙 狐の嫁入りを作ってもらいました！難しいらしいです。#稲荷神社 https://t.co/85Ouy2lZrX,46.0,8915.0,62031.0,1485935.0,ja,,,,,,,,,,,,
tweet-2027907218696548446,2026-03-06 10:13:17,推特,loadinghuixi,'2668942550,kawasan,转帖,Sun Mar 01 00:42:12 +0000 2026,,,,,,,,,Par_Sato,'1477339429429645315,MiRolar,Sat Feb 28 16:05:12 +0000 2026,'2027777111151558968,https://x.com/Par_Sato/status/2027777111151558968,"""Small and adorable"" https://t.co/rmm4SQ5us7",8.0,1304.0,18487.0,138675.0,en,,,,,,,,,,,,
tweet-2027907048105775117,2026-03-06 10:13:17,推特,loadinghuixi,'2668942550,kawasan,转帖,Sun Mar 01 00:41:31 +0000 2026,,,,,,,,,luvpink2e,'1775235586925756417,ايمي ‏₊˚𝜗𝜚,Sat Feb 28 16:45:12 +0000 2026,'2027787179842232413,https://x.com/luvpink2e/status/2027787179842232413,امهات اليوري https://t.co/En2tlxXYxG,21.0,294.0,3266.0,58217.0,ar,,,,,,,,,,,,
tweet-2027906073018187788,2026-03-06 10:13:17,推特,loadinghuixi,'2668942550,kawasan,转帖,Sun Mar 01 00:37:39 +0000 2026,,,,,,,,,_A_jak_,'1158963278308974593,아작,Sat Feb 28 11:29:36 +0000 2026,'2027707754820055510,https://x.com/_A_jak_/status/2027707754820055510,https://t.co/VV1IPHwkV8,14.0,2410.0,27463.0,356993.0,zxx,,,,,,,,,,,,
tweet-2026714334995361870,2026-03-06 10:13:17,推特,loadinghuixi,'2668942550,kawasan,转帖,Wed Feb 25 17:42:06 +0000 2026,,,,,,,,,pokkepocket,'901077104317448193,ぽっけ,Wed Feb 25 11:05:08 +0000 2026,'2026614435427881084,https://x.com/pokkepocket/status/2026614435427881084,ﾔｯﾁｮ！#超かぐや姫 https://t.co/LyFxHiEySJ,26.0,2642.0,25731.0,276568.0,ja,,,,,,,,,,,,
tweet-2026337239161057640,2026-03-06 10:13:17,推特,loadinghuixi,'2668942550,kawasan,转帖,Tue Feb 24 16:43:39 +0000 2026,,,,,,,,,purucon,'1759031851891732480,푸루콘,Mon Feb 23 12:31:49 +0000 2026,'2025911472698880505,https://x.com/purucon/status/2025911472698880505,#超かぐや姫 https://t.co/PqlALxWinG,0.0,480.0,3750.0,37719.0,qme,,,,,,,,,,,,
tweet-2026337066825424943,2026-03-06 10:13:17,推特,loadinghuixi,'2668942550,kawasan,转帖,Tue Feb 24 16:42:58 +0000 2026,,,,,,,,,battan8,'426578134,ばったん,Mon Feb 23 11:38:40 +0000 2026,'2025898096753103238,https://x.com/battan8/status/2025898096753103238,とある神様（1/2） https://t.co/uh4bYnbdVb,2.0,1168.0,21013.0,1495346.0,ja,,,,,,,,,,,,
tweet-2026015651215835312,2026-03-06 10:13:17,推特,loadinghuixi,'2668942550,kawasan,转帖,Mon Feb 23 19:25:47 +0000 2026,,,,,,,,,cawaiiiponpon,'1799714245707509760,黄な粉,Mon Feb 23 09:17:06 +0000 2026,'2025862469139443813,https://x.com/cawaiiiponpon/status/2025862469139443813,佐杠です https://t.co/SEcLPcxos0,3.0,520.0,7787.0,80903.0,ja,,,,,,,,,,,,
tweet-2026015545242620071,2026-03-06 10:13:17,推特,loadinghuixi,'2668942550,kawasan,转帖,Mon Feb 23 19:25:22 +0000 2026,,,,,,,,,wasabi_natsume,'1769235840948207616,山葵棗,Sun Feb 22 13:56:01 +0000 2026,'2025570275216200170,https://x.com/wasabi_natsume/status/2025570275216200170,猫の日なので再掲 https://t.co/4dcQhUsNRb,11.0,3652.0,65254.0,402416.0,ja,,,,,,,,,,,,
tweet-2026015461167812967,2026-03-06 10:13:17,推特,loadinghuixi,'2668942550,kawasan,转帖,Mon Feb 23 19:25:02 +0000 2026,,,,,,,,,moonsun77773,'1588070413929586688,moon,Mon Feb 23 05:16:07 +0000 2026,'2025801826231255317,https://x.com/moonsun77773/status/2025801826231255317,スチ........................................................................... https://t.co/mw84OhZlUU,0.0,650.0,6233.0,,ja,,,,,,,,,,,,
tweet-2026015154534854844,2026-03-06 10:13:17,推特,loadinghuixi,'2668942550,kawasan,转帖,Mon Feb 23 19:23:49 +0000 2026,,,,,,,,,nunuzii88,'1531947389619421194,nunuzi,Mon Feb 23 03:05:00 +0000 2026,'2025768828957843956,https://x.com/nunuzii88/status/2025768828957843956,#超かぐや姫  ✨🌕✨ https://t.co/VQwZp9CD8r,9.0,3257.0,31832.0,303860.0,qme,,,,,,,,,,,,
tweet-2024617152872140973,2026-03-06 10:13:17,推特,loadinghuixi,'2668942550,kawasan,转帖,Thu Feb 19 22:48:39 +0000 2026,,,,,,,,,tokkihouse,'840476934043660290,myabit,Wed Feb 18 09:07:58 +0000 2026,'2024048232410779679,https://x.com/tokkihouse/status/2024048232410779679,https://t.co/qYZIrwrPpF,0.0,841.0,9271.0,91947.0,zxx,,,,,,,,,,,,
tweet-2024617147247579614,2026-03-06 10:13:17,推特,loadinghuixi,'2668942550,kawasan,转帖,Thu Feb 19 22:48:38 +0000 2026,,,,,,,,,immakkn,'2021288484850589696,감튀머신,Thu Feb 19 03:44:24 +0000 2026,'2024329195078517016,https://x.com/immakkn/status/2024329195078517016,https://t.co/acDuQUUM0o,0.0,583.0,1631.0,37132.0,zxx,,,,,,,,,,,,
tweet-2024199261056057715,2026-03-06 10:13:17,推特,loadinghuixi,'2668942550,kawasan,转帖,Wed Feb 18 19:08:06 +0000 2026,,,,,,,,,4444_zhang,'1566125817846894593,樟,Wed Feb 18 14:16:29 +0000 2026,'2024125875545886794,https://x.com/4444_zhang/status/2024125875545886794,#Arknights #アークナイツ #明日方舟 好姐姐，别审我了 https://t.co/Be3WUXGoMA,6.0,1102.0,6747.0,78484.0,zh,,,,,,,,,,,,
tweet-2024199218798403680,2026-03-06 10:13:17,推特,loadinghuixi,'2668942550,kawasan,转帖,Wed Feb 18 19:07:56 +0000 2026,,,,,,,,,ShoujoCent,'1063318580979216384,G-Man (Writing Yuri-Mecha 👩‍❤️‍💋‍👩🦾),Tue Feb 17 22:35:39 +0000 2026,'2023889105239896231,https://x.com/ShoujoCent/status/2023889105239896231,Rae &amp; Claire’s First Kiss 🥲💔 Light Novel             Vs.               Manga https://t.co/kh6bIZc1CN,15.0,329.0,4542.0,57566.0,en,,,,,,,,,,,,
tweet-2024199190520484245,2026-03-06 10:13:17,推特,loadinghuixi,'2668942550,kawasan,转帖,Wed Feb 18 19:07:49 +0000 2026,,,,,,,,,nahnohk,'1725443883814043648,enu,Wed Feb 18 10:53:03 +0000 2026,'2024074677522665826,https://x.com/nahnohk/status/2024074677522665826,https://t.co/lUEcCTWRSO,10.0,3938.0,24158.0,261647.0,zxx,,,,,,,,,,,,
tweet-2024199182513557826,2026-03-06 10:13:17,推特,loadinghuixi,'2668942550,kawasan,转帖,Wed Feb 18 19:07:47 +0000 2026,,,,,,,,,kasasarasa,'1934318223035609088,⋆‧°Boku⋆𓏲ּ𝄢,Tue Feb 17 23:21:08 +0000 2026,'2023900552271135014,https://x.com/kasasarasa/status/2023900552271135014,#鏡音リン ビンテージスタイル https://t.co/14QmnmN9ub,10.0,3415.0,23357.0,210028.0,ja,,,,,,,,,,,,
tweet-2024195278748995595,2026-03-06 10:13:17,推特,loadinghuixi,'2668942550,kawasan,转帖,Wed Feb 18 18:52:16 +0000 2026,,,,,,,,,32asako,'332787196,アサコ,Wed Feb 18 12:24:25 +0000 2026,'2024097669908722153,https://x.com/32asako/status/2024097669908722153,佐杠　エリートくのいちを実感させられるさぎりん https://t.co/lYkc33Ognm,3.0,413.0,3543.0,52593.0,ja,,,,,,,,,,,,
tweet-2024195270494605787,2026-03-06 10:13:17,推特,loadinghuixi,'2668942550,kawasan,转帖,Wed Feb 18 18:52:14 +0000 2026,,,,,,,,,9urodine,'1622187924765937664,땅땅,Tue Feb 17 00:45:49 +0000 2026,'2023559474380960080,https://x.com/9urodine/status/2023559474380960080,https://t.co/meohWSnYfb,6.0,1958.0,12846.0,129911.0,zxx,,,,,,,,,,,,
tweet-2029577478910714082,2026-03-06 10:13:54,推特,lonnngxi,'1717060022537248768,longxi,转帖,Thu Mar 05 15:19:13 +0000 2026,,,,,,,,,sentioxyz,'1516094482889904133,Sentio,Wed Feb 25 05:50:04 +0000 2026,'2026535146904854558,https://x.com/sentioxyz/status/2026535146904854558,"1/ Introducing Sentio Network: The Decentralized Data and Compute LayerWe are thrilled to unveil the Sentio Network, evolving our production-grade observability platform into the world’s first decentralized, AI-native data infrastructure.  Sentio is moving from a unified https://t.co/m91xoHwsCg",1202.0,42520.0,7771.0,132737.0,en,,,,,,,,,,,,
tweet-2019658182604517574,2026-03-06 10:13:54,推特,lonnngxi,'1717060022537248768,longxi,转帖,Fri Feb 06 06:23:28 +0000 2026,,,,,,,,,opinionlabsxyz,'1735189899266121728,Opinion ⁒,Fri Feb 06 02:51:31 +0000 2026,'2019604840448741763,https://x.com/opinionlabsxyz/status/2019604840448741763,Opinion × Binance Wallet Booster Campaign is now live.Let’s unlock collective intelligence and shape the next-generation multi-player internet.Repost this post to join now.,2490.0,45562.0,9714.0,692515.0,en,,,,,,,,,,,,
tweet-2010658966679048462,2026-03-06 10:13:54,推特,lonnngxi,'1717060022537248768,longxi,转帖,Mon Jan 12 10:23:48 +0000 2026,,,,,,,,,UnitasLabs,'1930625039306747904,Unitas Labs,Mon Jan 12 09:50:02 +0000 2026,'2010650468696179076,https://x.com/UnitasLabs/status/2010650468696179076,Our exclusive Booster Campaign with @BinanceWallet goes live today!Complete Phase 1 tasks to qualify for rewards:🔷Social quests🔷Staking USDu🔷Binance Alpha PointsEligible users receive $UP token allocations.Learn more 🔽 https://t.co/w2rc9BzWut,2356.0,70500.0,13106.0,698890.0,en,,,,,,,,,,,,
tweet-2003065310195360229,2026-03-06 10:13:54,推特,lonnngxi,'1717060022537248768,longxi,转帖,Mon Dec 22 11:29:19 +0000 2025,,,,,,,,,BinanceWallet,'1400391752368992260,Binance Wallet,Sat Dec 20 11:12:14 +0000 2025,'2002336233490702656,https://x.com/BinanceWallet/status/2002336233490702656,Top 10 Updates of 2025 1️⃣ Multi-platform: Web &amp; Extension2️⃣ Advanced data tools: Signals &amp; Tracker3️⃣ Diverse trading options: Meme Rush &amp; Limit Order4️⃣ Alpha Trading: Point &amp; Event5️⃣ Booster Program6️⃣ Stock Token7️⃣ Binance Wallet Referral 8️⃣ Secure Auto-Sign9️⃣ Multiple https://t.co/NuZAQ8KwCl,3969.0,33589.0,13129.0,721161.0,en,,,,,,,,,,,,
tweet-2003065074110640145,2026-03-06 10:13:54,推特,lonnngxi,'1717060022537248768,longxi,转帖,Mon Dec 22 11:28:23 +0000 2025,,,,,,,,,BitwayOfficial,'1475044530244419589,Bitway,Mon Dec 22 06:20:02 +0000 2025,'2002987475535642764,https://x.com/BitwayOfficial/status/2002987475535642764,"Introducing Bitway: The Internet Capital Gateway for On-Chain FinanceIncubated and backed by @yzilabs via @EASYResidency Season 1, Bitway is founded by early members of Binance Labs and Chainspace, the blockchain scalability project later acquired by Facebook.Bitway serves as https://t.co/XeJ1THPuTF",1956.0,77142.0,11862.0,673801.0,en,,,,,,,,,,,,
tweet-1988933840421929060,2026-03-06 10:13:54,推特,lonnngxi,'1717060022537248768,longxi,转帖,Thu Nov 13 11:35:54 +0000 2025,,,,,,,,,TreehouseFi,'1371771070571683841,Treehouse,Wed Nov 12 09:00:09 +0000 2025,'1988532255241945296,https://x.com/TreehouseFi/status/1988532255241945296,"🌳 tETH Turns One: A ReviewIn one year, $tETH has grown to 81K+ ETH ($300M) in TVL, 47K+ users, and 2 chains, delivering on its promise of steady, low-volatility yield.But the real story isn’t just returns.It’s how the strategy held strong through DeFi’s “hard mode.” 🧵👇 https://t.co/NMS9oQ3HQK",1359.0,94072.0,13066.0,791695.0,en,,,,,,,,,,,,
tweet-1988933803960840412,2026-03-06 10:13:54,推特,lonnngxi,'1717060022537248768,longxi,转帖,Thu Nov 13 11:35:46 +0000 2025,,,,,,,,,TreehouseFi,'1371771070571683841,Treehouse,Mon Nov 10 10:01:23 +0000 2025,'1987822890629357746,https://x.com/TreehouseFi/status/1987822890629357746,"🌳 TIP 4: TREE BuybacksA new TIP proposal is live to allocate 50% of MEY fees from $tETH toward $TREE buybacks.Acquired TREE will be held in a designated address managed by the DAO Treasury, strengthening long-term alignment between protocol growth and tokenholder value. 🧵👇 https://t.co/2hIf0A1ge9",1197.0,94193.0,12705.0,912526.0,en,,,,,,,,,,,,
tweet-1988933763343225114,2026-03-06 10:13:54,推特,lonnngxi,'1717060022537248768,longxi,转帖,Thu Nov 13 11:35:36 +0000 2025,,,,,,,,,TreehouseFi,'1371771070571683841,Treehouse,Wed Oct 08 06:31:12 +0000 2025,'1975811197175013427,https://x.com/TreehouseFi/status/1975811197175013427,"🌳 Q3 2025 was Treehouse’s biggest quarter yet.We launched $TREE through Gaia TGE, expanded tAssets across major protocols and chains, and saw real-world adoption of DOR with institutional integrations.Here’s everything we built this quarter. 🧵👇https://t.co/SC5srbfA6p https://t.co/hHFBmRP59o",1371.0,94244.0,12917.0,515101.0,en,,,,,,,,,,,,
tweet-1988880017279828080,2026-03-06 10:13:54,推特,lonnngxi,'1717060022537248768,longxi,转帖,Thu Nov 13 08:02:02 +0000 2025,,,,,,,,,r3vl_xyz,'1090286948894326785,Reveel,Mon Nov 10 22:23:53 +0000 2025,'1988009745245237346,https://x.com/r3vl_xyz/status/1988009745245237346,Welcome to the REVAlution! This is what happens when AgentFi + Stablecoins + x402 come together!Already $180M in Annualized Agent Volume on @REVApay_ai !,2067.0,58362.0,9508.0,753432.0,en,,,,,,,,,,,,
tweet-1986044516776976893,2026-03-06 10:13:54,推特,lonnngxi,'1717060022537248768,longxi,转帖,Wed Nov 05 12:14:46 +0000 2025,,,,,,,,,zkPass,'1506532533365886981,zkPass,Wed Nov 05 11:50:24 +0000 2025,'1986038386214486326,https://x.com/zkPass/status/1986038386214486326,"zkPass × @BinanceWallet Booster Program - Phase 1 Goes Live→ Starts Nov 5, 12:00 UTC→ Eligibility: Users with 61 + Alpha Points→ Rewards: 10,000,000 $ZKP→ Complete verifiable quests, power your proofs with VOLEitH, and earn what you prove.Proof is the new Alpha. 🌐 ✅ https://t.co/Pnabp8f7IF",1983.0,97796.0,17994.0,939358.0,en,,,,,,,,,,,,
tweet-1983138845529878763,2026-03-06 10:13:54,推特,lonnngxi,'1717060022537248768,longxi,转帖,Tue Oct 28 11:48:40 +0000 2025,,,,,,,,,pieverse_io,'1846966319251705857,pieverse,Tue Oct 28 08:46:07 +0000 2025,'1983092903963701635,https://x.com/pieverse_io/status/1983092903963701635,"🚀 Phase 4 of the Pieverse x @BinanceWallet Booster Campaign is LIVE!The final phase begins and the future of timestamped, verifiable payments continues.🎁 30,000,000 $PIEVERSE (3% of the total initial supply) will be distributed across 4 phases of this campaign.🗓️ Phase 4 https://t.co/DVXTdFYPJX",2885.0,103522.0,19900.0,1142434.0,en,,,,,,,,,,,,
tweet-1977752760226341218,2026-03-06 10:13:54,推特,lonnngxi,'1717060022537248768,longxi,转帖,Mon Oct 13 15:06:17 +0000 2025,,,,,,,,,pieverse_io,'1846966319251705857,pieverse,Mon Oct 13 11:49:03 +0000 2025,'1977703126385017339,https://x.com/pieverse_io/status/1977703126385017339,"🚀 Phase 3 of the Pieverse x @BinanceWallet Booster Campaign is officially LIVE!We’re excited to unveil the next step in our mission to bring trusted, timestamped value to Web3.🎁 30,000,000 $PIEVERSE (3% of the total initial supply) will be distributed across 4 phases of https://t.co/InFyn0cfxN",3158.0,105473.0,20090.0,1272957.0,en,,,,,,,,,,,,
tweet-1976696457010069928,2026-03-06 10:13:54,推特,lonnngxi,'1717060022537248768,longxi,转帖,Fri Oct 10 17:08:55 +0000 2025,,,,,,,,,r3vl_xyz,'1090286948894326785,Reveel,Mon Oct 06 14:04:13 +0000 2025,'1975200425931669657,https://x.com/r3vl_xyz/status/1975200425931669657,"Milestone unlocked: 500,000 registered Stablecoin IDs 🟩Half a million people now moving money with universal identityThis is just the beginning. https://t.co/6eqNJBmjdj",4362.0,103073.0,20513.0,1094129.0,en,,,,,,,,,,,,
tweet-1976612725053964729,2026-03-06 10:13:54,推特,lonnngxi,'1717060022537248768,longxi,转帖,Fri Oct 10 11:36:11 +0000 2025,,,,,,,,,BASCAN_io,'1674737220169895936,BAS(BNB Attestation Service),Fri Oct 10 04:57:24 +0000 2025,'1976512365354184876,https://x.com/BASCAN_io/status/1976512365354184876,"BAS Booster Program x @BinanceWallet — Season 3 Week 3 Kicks Off!😁10.10, 13:00 （UTC+8） →  10.17, 13:00 （UTC+8）😁Reward Pool: 50,000,000 (0.5%) $BAS😁Eligibility: 61+ Alpha PointsThis Week’s Tasks:🫶Hold ≥ 3000+ BAS in past 7 days — share 12.5M BAS🫶Buy ≥ 1000 https://t.co/M1Al3hUPoc",2106.0,83266.0,12680.0,1031693.0,en,,,,,,,,,,,,
tweet-1973097468402475123,2026-03-06 10:13:54,推特,lonnngxi,'1717060022537248768,longxi,转帖,Tue Sep 30 18:47:49 +0000 2025,,,,,,,,,turtledotxyz,'1769392048392531968,Turtle,Mon Sep 29 11:59:45 +0000 2025,'1972632386845237344,https://x.com/turtledotxyz/status/1972632386845237344,"We’re proud to introduce $TURTLE - the foundational token for onchain liquidity.Built to align LPs, partners, and protocols under one standard. https://t.co/aOeskUrcNX",4674.0,137947.0,27517.0,1682236.0,en,,,,,,,,,,,,
tweet-1973097427696550210,2026-03-06 10:13:54,推特,lonnngxi,'1717060022537248768,longxi,转帖,Tue Sep 30 18:47:39 +0000 2025,,,,,,,,,turtledotxyz,'1769392048392531968,Turtle,Tue Sep 30 07:36:57 +0000 2025,'1972928641274441810,https://x.com/turtledotxyz/status/1972928641274441810,Turtle × @binance Booster ProgramJoin the campaign to earn exclusive $TURTLE rewards.Take part through social tasks or by depositing USDT on BSC.,6026.0,138220.0,26909.0,1694534.0,en,,,,,,,,,,,,
tweet-1973096063385940179,2026-03-06 10:13:54,推特,lonnngxi,'1717060022537248768,longxi,转帖,Tue Sep 30 18:42:14 +0000 2025,,,,,,,,,BASCAN_io,'1674737220169895936,BAS(BNB Attestation Service),Tue Sep 30 06:59:38 +0000 2025,'1972919248419967112,https://x.com/BASCAN_io/status/1972919248419967112,"🟠BAS Booster Program x @BinanceWallet — Season 3 Week 2 Kicks Off!▫️9.30, 15:00 （UTC+8） →  10.07, 15:00 （UTC+8）▫️Reward Pool: 50,000,000 (0.5%) $BAS▫️Eligibility: 61+ Alpha PointsThis Week’s Tasks:▫️Hold ≥ 3000+ BAS in past 7 days — share 12.5M BAS▫️Buy ≥ 1000 https://t.co/BeMrwPTVLr",1165.0,70405.0,9356.0,596469.0,en,,,,,,,,,,,,
tweet-1972875603352432980,2026-03-06 10:13:54,推特,lonnngxi,'1717060022537248768,longxi,转帖,Tue Sep 30 04:06:12 +0000 2025,,,,,,,,,r3vl_xyz,'1090286948894326785,Reveel,Mon Sep 29 12:00:06 +0000 2025,'1972632473382338920,https://x.com/r3vl_xyz/status/1972632473382338920,"🟩 Phase 4 $REVA Quests are liveMore tasks, more rewards, more ways to stack $REVAHere’s your mission log for this week 👇 https://t.co/yhYrqJ0OUo",2057.0,69433.0,12193.0,598173.0,en,,,,,,,,,,,,
tweet-1971597753487892583,2026-03-06 10:13:54,推特,lonnngxi,'1717060022537248768,longxi,转帖,Fri Sep 26 15:28:29 +0000 2025,,,,,,,,,codatta_io,'1715696651669827584,Codatta,Fri Sep 26 06:33:42 +0000 2025,'1971463170796790061,https://x.com/codatta_io/status/1971463170796790061,"🚀 Codatta Booster Campaign Season 3 Week 4 is LIVE!The grand finale is here — dive into hands-on challenges across AI, robotics, food and crypto 🌐👥 Join the Telegram Community📩 Link Email to Codatta🧠 Find the AI’s Factual Mistake🍲 Upload &amp; Annotate Food Images🤖 https://t.co/UUDM8mzBfH",1729.0,69598.0,11949.0,637849.0,en,,,,,,,,,,,,
tweet-1970556150665093446,2026-03-06 10:13:54,推特,lonnngxi,'1717060022537248768,longxi,转帖,Tue Sep 23 18:29:32 +0000 2025,,,,,,,,,BASCAN_io,'1674737220169895936,BAS(BNB Attestation Service),Tue Sep 23 04:48:41 +0000 2025,'1970349576461889876,https://x.com/BASCAN_io/status/1970349576461889876,"🟠BAS Booster Program x @BinanceWallet — Season 3 Week 1 Kicks Off!▫️9.23, 13:00 UTC+8 → 9.30, 13:00 UTC+8▫️Reward Pool: 50,000,000 (0.5%) $BAS▫️Eligibility: 61+ Alpha PointsThis week’s tasks:▫️Hold ≥ 3000+ BAS in past 7 days — share 12.5M BAS▫️Buy≥ 1000 BAS in past 7 https://t.co/4ImhXaAaVq",1330.0,69584.0,9875.0,527031.0,en,,,,,,,,,,,,
tweet-1871818483652329551,2026-03-06 10:15:21,推特,Jokerdr1554,'956788341889892352,Joker,原创,Wed Dec 25 07:21:17 +0000 2024,,,,,,,,,Jokerdr1554,'956788341889892352,Joker,Wed Dec 25 07:21:17 +0000 2024,'1871818483652329551,https://x.com/Jokerdr1554/status/1871818483652329551,New Year Lucky RouletteA limited-time New Year event is here!Spin the wheel now and collect your Christmas and New Year gifts!#NIKKE #NewYearLuckyRoulette  https://t.co/iDJFoXW8vg,0.0,0.0,0.0,13.0,en,,,,,,,,,,,,
tweet-1745376022344909272,2026-03-06 10:15:21,推特,Jokerdr1554,'956788341889892352,Joker,转帖,Thu Jan 11 09:24:05 +0000 2024,,,,,,,,,wataboku_,'196584139,wataboku,Wed Jan 10 10:49:51 +0000 2024,'1745035215750467961,https://x.com/wataboku_/status/1745035215750467961,2024 https://t.co/pasloQf7hS,10.0,571.0,4625.0,118414.0,und,,,,,,,,,,,,
tweet-1742912168801284524,2026-03-06 10:15:21,推特,Jokerdr1554,'956788341889892352,Joker,原创,Thu Jan 04 14:13:37 +0000 2024,,,,,,,,,Jokerdr1554,'956788341889892352,Joker,Thu Jan 04 14:13:37 +0000 2024,'1742912168801284524,https://x.com/Jokerdr1554/status/1742912168801284524,あけましておめでとうございます！  「#紅蓮から新年の初電話」イベントで素敵な着信が届きました！紅蓮が電話でどんな話をするか、ぜひ聞いてみましょう！（ちなみに：隠されたプレゼントもあるみたい！）新年もよろしくお願いします！  #NIKKE  #ニケ    https://t.co/RnljWJIrn7,0.0,0.0,0.0,20.0,ja,,,,,,,,,,,,
tweet-1673938905853464576,2026-03-06 10:15:21,推特,Jokerdr1554,'956788341889892352,Joker,转帖,Wed Jun 28 06:18:30 +0000 2023,,,,,,,,,StrangerNews11,'769779148294422528,Stranger News,Tue Jun 27 12:47:49 +0000 2023,'1673674492625793025,https://x.com/StrangerNews11/status/1673674492625793025,HE WILL BE BACK. SEASON 5. 2024. #StrangerThings https://t.co/MQkOQsBWBq,2210.0,11111.0,98993.0,12653298.0,en,,,,,,,,,,,,
tweet-1630639287422291968,2026-03-06 10:15:21,推特,Jokerdr1554,'956788341889892352,Joker,转帖,Tue Feb 28 18:41:16 +0000 2023,,,,,,,,,fromsoftware_pr,'150151699,FROMSOFTWARE,Tue Feb 28 08:00:00 +0000 2023,'1630477908522270722,https://x.com/fromsoftware_pr/status/1630477908522270722,『ELDEN RING』のDLC「Shadow of the Erdtree」を開発中です。続報はまだ少し先になりますが、ご期待いただければ幸いです。 https://t.co/g5UyUHg3iW,2004.0,72083.0,232267.0,26988321.0,ja,,,,,,,,,,,,
tweet-1594303685072674816,2026-03-06 10:15:21,推特,Jokerdr1554,'956788341889892352,Joker,转帖,Sun Nov 20 12:16:33 +0000 2022,,,,,,,,,denjyou23,'853857030,でんじょう/denjo,Sat Nov 19 08:30:00 +0000 2022,'1593884281666871296,https://x.com/denjyou23/status/1593884281666871296,君よ　気高くあれ #水星の魔女 https://t.co/ogNs7e3Pt5,21.0,5389.0,23726.0,,ja,,,,,,,,,,,,
tweet-1592838329309212672,2026-03-06 10:15:21,推特,Jokerdr1554,'956788341889892352,Joker,转帖,Wed Nov 16 11:13:45 +0000 2022,,,,,,,,,Saishijyou,'1169615054620127232,@𝕾𝖆𝖎𝖘𝖍𝖎𝖏𝖞𝖔𝖚,Fri Oct 28 07:40:14 +0000 2022,'1585899226222845952,https://x.com/Saishijyou/status/1585899226222845952,#chainsawman https://t.co/ICqVtswcPX,129.0,54549.0,226600.0,,qme,,,,,,,,,,,,
tweet-1591140915841994752,2026-03-06 10:15:21,推特,Jokerdr1554,'956788341889892352,Joker,转帖,Fri Nov 11 18:48:50 +0000 2022,,,,,,,,,nezumidosi_,'2853133442,ねづみどし▶にじそ南2 A-25,Fri Nov 11 10:10:23 +0000 2022,'1591010441333198848,https://x.com/nezumidosi_/status/1591010441333198848,🐰 https://t.co/0TpdbI897J,46.0,13358.0,100447.0,,qme,,,,,,,,,,,,
tweet-1582633437646639104,2026-03-06 10:15:21,推特,Jokerdr1554,'956788341889892352,Joker,转帖,Wed Oct 19 07:23:10 +0000 2022,,,,,,,,,inuo_x,'1410252927902437379,inuを,Tue Oct 18 16:17:11 +0000 2022,'1582405440079790081,https://x.com/inuo_x/status/1582405440079790081,雪 https://t.co/8PN9QZXEEc,39.0,13017.0,79663.0,,ja,,,,,,,,,,,,
tweet-1582624071434788864,2026-03-06 10:15:21,推特,Jokerdr1554,'956788341889892352,Joker,转帖,Wed Oct 19 06:45:57 +0000 2022,,,,,,,,,marushin_0214,'1504801692281602048,丸新(MaruShin),Fri Oct 14 10:14:18 +0000 2022,'1580864565273038853,https://x.com/marushin_0214/status/1580864565273038853,レイス https://t.co/zT6MVt7ymd,100.0,17264.0,129189.0,,ja,,,,,,,,,,,,
tweet-1579647555402891265,2026-03-06 10:15:21,推特,Jokerdr1554,'956788341889892352,Joker,转帖,Tue Oct 11 01:38:20 +0000 2022,,,,,,,,,kutinawa_ttt,'934804471485304832,朽縄,Sun Oct 09 09:37:12 +0000 2022,'1579043289495670785,https://x.com/kutinawa_ttt/status/1579043289495670785,#私の個性はきっと誰かにささるこんなのも描きます https://t.co/YkIfOgakkw,42.0,1860.0,10664.0,,ja,,,,,,,,,,,,
tweet-1572045530523643905,2026-03-06 10:15:21,推特,Jokerdr1554,'956788341889892352,Joker,转帖,Tue Sep 20 02:10:36 +0000 2022,,,,,,,,,JuEROEROki,'910883882777456640,JuEROki,Sun Sep 18 16:03:22 +0000 2022,'1571530329302921216,https://x.com/JuEROEROki/status/1571530329302921216,？ https://t.co/uhdIbYvyo8,86.0,14095.0,85376.0,,zxx,,,,,,,,,,,,
tweet-1567419358410047490,2026-03-06 10:15:21,推特,Jokerdr1554,'956788341889892352,Joker,转帖,Wed Sep 07 07:47:50 +0000 2022,,,,,,,,,KingNarukami45,'1066461809425698822,King Narukami,Tue Sep 06 12:44:01 +0000 2022,'1567131504060366848,https://x.com/KingNarukami45/status/1567131504060366848,Guitar Hero mods have gone too far https://t.co/fQvLJnup7r,583.0,15542.0,77929.0,,en,,,,,,,,,,,,
tweet-1566986444648108033,2026-03-06 10:15:21,推特,Jokerdr1554,'956788341889892352,Joker,转帖,Tue Sep 06 03:07:36 +0000 2022,,,,,,,,,VideoArtGame,'839280506931924992,VideoArtGame,Sun Sep 04 14:00:01 +0000 2022,'1566425855697440768,https://x.com/VideoArtGame/status/1566425855697440768,Mmm... Hrmmmmm... https://t.co/W45r0MPDMn,283.0,13641.0,80303.0,,en,,,,,,,,,,,,
tweet-1561234043013713920,2026-03-06 10:15:21,推特,Jokerdr1554,'956788341889892352,Joker,转帖,Sun Aug 21 06:09:36 +0000 2022,,,,,,,,,cutesexyrobutts,'915528345357553664,Cutesexyrobutts,Thu Aug 18 00:22:45 +0000 2022,'1560059589458010113,https://x.com/cutesexyrobutts/status/1560059589458010113,https://t.co/qxyX2MTvmw,93.0,8137.0,67188.0,,zxx,,,,,,,,,,,,
tweet-1561233902748012546,2026-03-06 10:15:21,推特,Jokerdr1554,'956788341889892352,Joker,转帖,Sun Aug 21 06:09:03 +0000 2022,,,,,,,,,zi38,'18010417,三輪士郎/Shirow Miwa,Sat Aug 20 15:52:05 +0000 2022,'1561018241799327744,https://x.com/zi38/status/1561018241799327744,六道五輪・倶利伽羅天象 #FGO #新免武蔵守藤原玄信 https://t.co/hm5OQZNxO2 https://t.co/RydJrEoHLA,12.0,5252.0,22969.0,,ja,,,,,,,,,,,,
tweet-1559545392814911488,2026-03-06 10:15:21,推特,Jokerdr1554,'956788341889892352,Joker,转帖,Tue Aug 16 14:19:31 +0000 2022,,,,,,,,,biaay002x2,'1038448347688792064,biaay002,Mon Aug 15 16:29:23 +0000 2022,'1559215689969401856,https://x.com/biaay002x2/status/1559215689969401856,#DarkSouls #Bloodborne #ELDENRING #DemonSouls https://t.co/qzZAIOHDQV,32.0,1444.0,6286.0,,qme,,,,,,,,,,,,
tweet-1559071168853729280,2026-03-06 10:15:21,推特,Jokerdr1554,'956788341889892352,Joker,转帖,Mon Aug 15 06:55:07 +0000 2022,,,,,,,,,yoshi55level,'619178598,よし男,Mon Aug 15 03:06:07 +0000 2022,'1559013537821097984,https://x.com/yoshi55level/status/1559013537821097984,後ろはTなんだろうか・・・ https://t.co/az0roT1jky,88.0,8460.0,45864.0,,ja,,,,,,,,,,,,
tweet-1558051112959107072,2026-03-06 10:15:21,推特,Jokerdr1554,'956788341889892352,Joker,转帖,Fri Aug 12 11:21:47 +0000 2022,,,,,,,,,click_burgundy,'4621570405,はんくり/hungry_clicker,Wed Aug 10 17:32:05 +0000 2022,'1557419528203763713,https://x.com/click_burgundy/status/1557419528203763713,https://t.co/vfTcHktRQm,118.0,22622.0,100473.0,,zxx,,,,,,,,,,,,
tweet-1538235979642744832,2026-03-06 10:15:21,推特,Jokerdr1554,'956788341889892352,Joker,转帖,Sat Jun 18 19:03:31 +0000 2022,,,,,,,,,Bo_oj0916,'1434447986088546307,不怎么找（学习中）,Fri Jun 17 15:59:21 +0000 2022,'1537827247360450561,https://x.com/Bo_oj0916/status/1537827247360450561,https://t.co/j5izB7U6AH,1118.0,53992.0,507695.0,,zxx,,,,,,,,,,,,
tweet-2026859377354006987,2026-03-06 10:28:17,推特,zozo688888,'1990933853817679872,zozo,原创,Thu Feb 26 03:18:27 +0000 2026,,,,,,,,,zozo688888,'1990933853817679872,zozo,Thu Feb 26 03:18:27 +0000 2026,'2026859377354006987,https://x.com/zozo688888/status/2026859377354006987,"📢 Chinese Teaching Blogger – Official Launch!One-on-one tutoring | Speaking | Pronunciation | Chinese Characters | Suitable for complete beginners, speak Chinese confidently with ease.💰 Tuition: $10 per hourIf you want to learn Chinese systematically, DM me!",0.0,0.0,0.0,7.0,en,,,,,,,,,,,,
tweet-2028684132956733543,2026-03-06 10:43:00,推特,potter_hx,'1574384369921585152,币圈大鸟哥,原创,Tue Mar 03 04:09:23 +0000 2026,,,,,,,,,potter_hx,'1574384369921585152,币圈大鸟哥,Tue Mar 03 04:09:23 +0000 2026,'2028684132956733543,https://x.com/potter_hx/status/2028684132956733543,Verifying my wallet for @LiquiCoreLiquiCore:0x244216,2.0,0.0,0.0,14.0,en,,,,,,,,,,,,
tweet-2013842245263466900,2026-03-06 10:43:00,推特,potter_hx,'1574384369921585152,币圈大鸟哥,转帖,Wed Jan 21 05:13:01 +0000 2026,,,,,,,,,konnex_world,'1966331086851682304,Konnex,Tue Jan 20 14:01:56 +0000 2026,'2013612963706675370,https://x.com/konnex_world/status/2013612963706675370,Konnex | Turning robot labor into on-chain liquidity.Permissionless robotics market where physical work goes on-chain.⚫️ Robots negotiate tasks⚫️ AI + robots execute jobs⚫️ Verified work → stablecoin payoutsJoin the hub for the upcoming airdrop 👇https://t.co/TPmc4CWWDQ https://t.co/2fX3dIfp4S,37450.0,31442.0,36818.0,827958.0,en,,,,,,,,,,,,
tweet-2011647251588808864,2026-03-06 10:43:00,推特,potter_hx,'1574384369921585152,币圈大鸟哥,原创,Thu Jan 15 03:50:54 +0000 2026,,,,,,,,,potter_hx,'1574384369921585152,币圈大鸟哥,Thu Jan 15 03:50:54 +0000 2026,'2011647251588808864,https://x.com/potter_hx/status/2011647251588808864,"Summoning my favourite protocols [TAG PROTOCOLS WHO SHOULD JOIN] to join the movement!ETHGas is introducing the Open Gas Initiative, eliminating gas fees from the end-user experienceLearn more: https://t.co/maLQAMILsa https://t.co/VjJxGkPaAq",0.0,0.0,0.0,16.0,en,,,,,,,,,,,,
tweet-2010970958027513925,2026-03-06 10:43:00,推特,potter_hx,'1574384369921585152,币圈大鸟哥,原创,Tue Jan 13 07:03:33 +0000 2026,,,,,,,,,potter_hx,'1574384369921585152,币圈大鸟哥,Tue Jan 13 07:03:33 +0000 2026,'2010970958027513925,https://x.com/potter_hx/status/2010970958027513925,"Just generated my Rails ID off $1.9K of DEX volume.Grab your ID and plug into Rails Play, the newest product from @rails_xyz designed to teach you how to trade perps, for boosted Points: https://t.co/TFz4rvd0Vc",0.0,0.0,0.0,9.0,en,,,,,,,,,,,,
tweet-2002260686596931989,2026-03-06 10:43:00,推特,potter_hx,'1574384369921585152,币圈大鸟哥,转帖,Sat Dec 20 06:12:02 +0000 2025,,,,,,,,,TheARCTERMINAL,'1983183794543951872,ARC Terminal,Thu Dec 18 14:00:00 +0000 2025,'2001653678768369781,https://x.com/TheARCTERMINAL/status/2001653678768369781,"What do you use AI for the most?Writing? Research? Images? Coding? Or all of them?Many have more than one AI use case.But closed models are locked down in silos.We’re building ARC so all of those workflows live inside an intelligent, on-chain OS, not scattered across tabs. https://t.co/2cWVJoa9uS",4543.0,3114.0,3347.0,39609.0,en,,,,,,,,,,,,
tweet-2002253830428221608,2026-03-06 10:43:00,推特,potter_hx,'1574384369921585152,币圈大鸟哥,转帖,Sat Dec 20 05:44:47 +0000 2025,,,,,,,,,TheARCTERMINAL,'1983183794543951872,ARC Terminal,Thu Oct 30 18:00:53 +0000 2025,'1983957293625700689,https://x.com/TheARCTERMINAL/status/1983957293625700689,"Arc Terminal Questing Hub - by Kaiko is LIVE!Finish quests, climb the Leaderboard, upgrade your tier, spent points.$250k in prize pool, and much much more.https://t.co/RtpMr5LL3G https://t.co/QppMRhY5Q5",19123.0,12709.0,14154.0,187628.0,en,,,,,,,,,,,,
tweet-2001527421678625099,2026-03-06 10:43:00,推特,potter_hx,'1574384369921585152,币圈大鸟哥,原创,Thu Dec 18 05:38:18 +0000 2025,,,,,,,,,potter_hx,'1574384369921585152,币圈大鸟哥,Thu Dec 18 05:38:18 +0000 2025,'2001527421678625099,https://x.com/potter_hx/status/2001527421678625099,"Leveled up in the Great Gas Reckoning with ETHGas! 💪Kiddo Jack status: 0.1318 ETH gas spent, 25 Beans earned—supporting the Gasless Future!Claim your Gas ID at https://t.co/D8YZPcJQUn",5.0,0.0,0.0,15.0,en,,,,,,,,,,,,
tweet-2001525300338049149,2026-03-06 10:43:00,推特,potter_hx,'1574384369921585152,币圈大鸟哥,原创,Thu Dec 18 05:29:52 +0000 2025,,,,,,,,,potter_hx,'1574384369921585152,币圈大鸟哥,Thu Dec 18 05:29:52 +0000 2025,'2001525300338049149,https://x.com/potter_hx/status/2001525300338049149,Quest mode activated! ✅ Stacking beans and building alliances for Gassy Jack's beanstalk climb. Build a Gasless Future and unlock rewards together. LFGGasless! 🚀https://t.co/4qwUlpyQSQhttps://t.co/4qwUlpyQSQ,3.0,0.0,0.0,6.0,en,,,,,,,,,,,,
tweet-2001524050489975172,2026-03-06 10:43:00,推特,potter_hx,'1574384369921585152,币圈大鸟哥,原创,Thu Dec 18 05:24:54 +0000 2025,,,,,,,,,potter_hx,'1574384369921585152,币圈大鸟哥,Thu Dec 18 05:24:54 +0000 2025,'2001524050489975172,https://x.com/potter_hx/status/2001524050489975172,"Escaping high gas fees one bean at a time! 🫘I'm on Gassy Jack's quest - stacking beans and climbing toward a Gasless Future. Join the adventure, complete quests, and grow with us 🌱https://t.co/4qwUlpyQSQhttps://t.co/4qwUlpyQSQ",3.0,0.0,0.0,8.0,en,,,,,,,,,,,,
tweet-2001523584360157557,2026-03-06 10:43:00,推特,potter_hx,'1574384369921585152,币圈大鸟哥,原创,Thu Dec 18 05:23:03 +0000 2025,,,,,,,,,potter_hx,'1574384369921585152,币圈大鸟哥,Thu Dec 18 05:23:03 +0000 2025,'2001523584360157557,https://x.com/potter_hx/status/2001523584360157557,"ETHGas is introducing the Open Gas Initiative, letting protocols incentivize their users to grow onchain adoption while ending gas fees anxiety for good.    [TAG PROTOCOLS WHO SHOULD JOIN]… are you in? 👀Join Open Gas: https://t.co/maLQAMJjhI https://t.co/VjJxGkPIpY",0.0,0.0,0.0,9.0,en,,,,,,,,,,,,
tweet-1999759838298227023,2026-03-06 10:43:00,推特,potter_hx,'1574384369921585152,币圈大鸟哥,原创,Sat Dec 13 08:34:33 +0000 2025,,,,,,,,,potter_hx,'1574384369921585152,币圈大鸟哥,Sat Dec 13 08:34:33 +0000 2025,'1999759838298227023,https://x.com/potter_hx/status/1999759838298227023,"Joined the swamp, pulled a Croc so juicy it might bite back 🐊 come draw yours for XP! @Hypercroc_xyz  https://t.co/O0HnhfGAzv",1.0,0.0,0.0,5.0,en,,,,,,,,,,,,
tweet-1994628573068423528,2026-03-06 10:43:00,推特,potter_hx,'1574384369921585152,币圈大鸟哥,转帖,Sat Nov 29 04:44:44 +0000 2025,,,,,,,,,ConcreteXYZ,'1740061029579866112,Concrete,Thu Nov 27 17:15:31 +0000 2025,'1994092736082063430,https://x.com/ConcreteXYZ/status/1994092736082063430,"1/ Phase 1 of the Concrete Social ‘Bags’ Campaign is live.Your actions = your bags🗿Start earning today, link below. https://t.co/ZJZoLJiKsr",3671.0,94009.0,101975.0,3650215.0,en,,,,,,,,,,,,
tweet-1992786244380893237,2026-03-06 10:43:00,推特,potter_hx,'1574384369921585152,币圈大鸟哥,转帖,Mon Nov 24 02:43:59 +0000 2025,,,,,,,,,nanasasz,'1945669905434726400,anna,Sun Nov 23 08:06:08 +0000 2025,'1992504929412608191,https://x.com/nanasasz/status/1992504929412608191,"I love how this resin piece looks, so clean and satisfying 😮✨ https://t.co/VcU3PCZSER",52.0,65.0,1300.0,362562.0,en,,,,,,,,,,,,
tweet-1991720860433121638,2026-03-06 10:43:00,推特,potter_hx,'1574384369921585152,币圈大鸟哥,转帖,Fri Nov 21 04:10:32 +0000 2025,,,,,,,,,uplink_xyz,'4360890557,Uplink,Fri Nov 14 14:01:26 +0000 2025,'1989332850496201025,https://x.com/uplink_xyz/status/1989332850496201025,"Not just another Web3 project. Hear from @CarlosLeiSantos, Uplink’s CEO, on how we’re future-proofing global connectivity for people and businesses alike. 🌍 via @bravenewcoin: https://t.co/pOUP34ChIR https://t.co/8KlXfIjWZ3",71.0,462.0,400.0,12340.0,en,,,,,,,,,,,,
tweet-1991720479787479415,2026-03-06 10:43:00,推特,potter_hx,'1574384369921585152,币圈大鸟哥,转帖,Fri Nov 21 04:09:01 +0000 2025,,,,,,,,,uplink_xyz,'4360890557,Uplink,Wed Nov 19 18:30:05 +0000 2025,'1991212398384918795,https://x.com/uplink_xyz/status/1991212398384918795,Uplink has made it to the shortlist for @beincrypto's Top 100 Awards! Vote now to nominate us for the Best DePIN Project of 2025.Vote here: https://t.co/gipryb2voV https://t.co/OpE6utT64h,240.0,498.0,860.0,28709.0,en,,,,,,,,,,,,
tweet-1986309309672923191,2026-03-06 10:43:00,推特,potter_hx,'1574384369921585152,币圈大鸟哥,转帖,Thu Nov 06 05:46:57 +0000 2025,,,,,,,,,datainetwork,'1087321691943038976,Datai Network,Fri Oct 24 17:14:38 +0000 2025,'1981771326139642281,https://x.com/datainetwork/status/1981771326139642281,"Who’s leading the DeFi grind?The DATUM Leaderboard tracks your points, levels, and rewards.🔥 Daily streaks🎯 Missions💌 ReferralsOnly the top climb to the Council of Liquidity.Start earning, and flex your status 👇https://t.co/Ggl2RxEIoz https://t.co/bE9YjSqQvS",20167.0,12106.0,14759.0,284711.0,en,,,,,,,,,,,,
tweet-1986309161479737537,2026-03-06 10:43:00,推特,potter_hx,'1574384369921585152,币圈大鸟哥,原创,Thu Nov 06 05:46:22 +0000 2025,,,,,,,,,potter_hx,'1574384369921585152,币圈大鸟哥,Thu Nov 06 05:46:22 +0000 2025,'1986309161479737537,https://x.com/potter_hx/status/1986309161479737537,"Just joined Crunchie 🤖Scanning yields, sentiment, news &amp; risks while I collect points, climb the leaderboard, and unlock rewards.Catch me on the leaderboard 👇https://t.co/xAaaCW8aXapowered by @datainetwork #CrunchieOG",1.0,0.0,0.0,16.0,en,,,,,,,,,,,,
tweet-1986309106173681846,2026-03-06 10:43:00,推特,potter_hx,'1574384369921585152,币圈大鸟哥,转帖,Thu Nov 06 05:46:09 +0000 2025,,,,,,,,,datainetwork,'1087321691943038976,Datai Network,Thu Oct 23 16:26:13 +0000 2025,'1981396752805875796,https://x.com/datainetwork/status/1981396752805875796,"Crunchie is live 🤖Introducing DATUM Quests, the airdrop-driven SocialFi experience by Datai Network.Earn DATUM by chatting, completing missions, and climbing the leaderboard.Start now 👉 https://t.co/17DnG4MBtz https://t.co/MhcbcA9kfg",3478.0,13593.0,14504.0,189782.0,en,,,,,,,,,,,,
tweet-1986308818549232053,2026-03-06 10:43:00,推特,potter_hx,'1574384369921585152,币圈大鸟哥,转帖,Thu Nov 06 05:45:00 +0000 2025,,,,,,,,,datainetwork,'1087321691943038976,Datai Network,Sat Oct 25 18:32:08 +0000 2025,'1982153216935514338,https://x.com/datainetwork/status/1982153216935514338,|￣￣￣￣￣￣￣￣￣￣￣￣￣￣|     curiosity always pays off|＿＿＿＿＿＿＿＿＿＿＿＿＿＿|                     \ (•◡•) /                          \     /                           ---                            |   |,2460.0,12333.0,13063.0,153238.0,en,,,,,,,,,,,,
tweet-1961790182438678932,2026-03-06 10:44:10,推特,Hinanaw1_tenshi,'1428337074583785475,碳烤微波炉,原创,Sat Aug 30 13:56:42 +0000 2025,,,,,,,,,Hinanaw1_tenshi,'1428337074583785475,碳烤微波炉,Sat Aug 30 13:56:42 +0000 2025,'1961790182438678932,https://x.com/Hinanaw1_tenshi/status/1961790182438678932,还记得你何时加入 X 吗？我知道！#我的X周年纪念日 https://t.co/En3RjMSy9r,0.0,0.0,0.0,9.0,zh,,,,,,,,,,,,
tweet-1999106010691371398,2026-03-06 10:45:48,推特,aligaduosang,'1503298350593966084,渐渐哇嘎乃,原创,Thu Dec 11 13:16:29 +0000 2025,,,,,,,,,aligaduosang,'1503298350593966084,渐渐哇嘎乃,Thu Dec 11 13:16:29 +0000 2025,'1999106010691371398,https://x.com/aligaduosang/status/1999106010691371398,$AIA 爆仓的记住不要假装粉丝合照时掏出刀子把他捅死 @cz_binance 赵短鸟不过就是搞点诈骗养妻活儿罢了 https://t.co/X7rRMfcaaO,2.0,0.0,1.0,772.0,zh,,,,,,,,,,,,
tweet-1992453943553855684,2026-03-06 10:45:48,推特,aligaduosang,'1503298350593966084,渐渐哇嘎乃,原创,Sun Nov 23 04:43:32 +0000 2025,,,,,,,,,aligaduosang,'1503298350593966084,渐渐哇嘎乃,Sun Nov 23 04:43:32 +0000 2025,'1992453943553855684,https://x.com/aligaduosang/status/1992453943553855684,#币安人生 就是第二个 $tst 这狗只会害人 tst 5亿跌到1千万都是这逼骗人接盘的 现在竟然还有人继续信他😂 @cz_binance,0.0,0.0,0.0,359.0,zh,,,,,,,,,,,,
tweet-1992159091071013306,2026-03-06 10:45:48,推特,aligaduosang,'1503298350593966084,渐渐哇嘎乃,原创,Sat Nov 22 09:11:54 +0000 2025,,,,,,,,,aligaduosang,'1503298350593966084,渐渐哇嘎乃,Sat Nov 22 09:11:54 +0000 2025,'1992159091071013306,https://x.com/aligaduosang/status/1992159091071013306,看吧 你们的 #币安人生 相信这日本狗的后果😂 @cz_binance https://t.co/C4UQF4yTb9,0.0,0.0,1.0,154.0,zh,,,,,,,,,,,,
profile-conversation-2029750257704763395,2026-03-06 10:45:48,推特,aligaduosang,'1503298350593966084,渐渐哇嘎乃,回复,Tue Nov 04 01:04:17 +0000 2025,'1985513397929328999,https://x.com/aligaduosang/status/1985513397929328999,$ltc 🤡,0.0,0.0,0.0,75.0,qme,aligaduosang,'1503298350593966084,渐渐哇嘎乃,Tue Nov 04 01:03:30 +0000 2025,'1985513199685562515,https://x.com/aligaduosang/status/1985513199685562515,再问一次，谁是垃圾？$ZEC 345📈432 @Zcash$DASH 48📈117 @Dashpay$💩 98📉88 @litecoin$ZEN 13📈20 @horizenglobal https://t.co/e16NlLpRAK,2.0,0.0,0.0,295.0,zh,aligaduosang,'1503298350593966084,渐渐哇嘎乃,Sun Oct 26 19:44:15 +0000 2025,'1982533755601641714,https://x.com/aligaduosang/status/1982533755601641714,Guess which of the following four is rubbish.$ZEC$DASH$垃圾$ZEN https://t.co/3r6F1q8zJr,1.0,0.0,1.0,744.0,en
tweet-1984232298976596452,2026-03-06 10:45:48,推特,aligaduosang,'1503298350593966084,渐渐哇嘎乃,原创,Fri Oct 31 12:13:39 +0000 2025,,,,,,,,,aligaduosang,'1503298350593966084,渐渐哇嘎乃,Fri Oct 31 12:13:39 +0000 2025,'1984232298976596452,https://x.com/aligaduosang/status/1984232298976596452,你们买 #币安人生 的人真的怨气滔天了 在哪都能看到吐槽。你们破产的吐槽就吐槽，千万别想不开以后借拍照之名去捅他刀子啊！ @cz_binance,0.0,0.0,0.0,94.0,zh,,,,,,,,,,,,
tweet-1984090841741455744,2026-03-06 10:45:48,推特,aligaduosang,'1503298350593966084,渐渐哇嘎乃,原创,Fri Oct 31 02:51:33 +0000 2025,,,,,,,,,aligaduosang,'1503298350593966084,渐渐哇嘎乃,Fri Oct 31 02:51:33 +0000 2025,'1984090841741455744,https://x.com/aligaduosang/status/1984090841741455744,币安在铭文火热的时候什么都没做好导致没有捞到什么钱甚至失去了大部分流量，这次x402币安反应速度可以说是非常快的，他们的团队肯定比很多人会留意到新东西。虽然看好x402，也知道这个很快继续火爆，不过ping这个300万没进场 虽然看好但又不太想买,2.0,0.0,0.0,121.0,zh,,,,,,,,,,,,
tweet-1983848488048980052,2026-03-06 10:45:48,推特,aligaduosang,'1503298350593966084,渐渐哇嘎乃,原创,Thu Oct 30 10:48:32 +0000 2025,,,,,,,,,aligaduosang,'1503298350593966084,渐渐哇嘎乃,Thu Oct 30 10:48:32 +0000 2025,'1983848488048980052,https://x.com/aligaduosang/status/1983848488048980052,坚守的都是有福之人啊！跟着 $tst 走势 继续 #币安人生 https://t.co/N4QmZXxlVh,0.0,0.0,0.0,197.0,zh,,,,,,,,,,,,
tweet-1983393255825048054,2026-03-06 10:45:48,推特,aligaduosang,'1503298350593966084,渐渐哇嘎乃,原创,Wed Oct 29 04:39:36 +0000 2025,,,,,,,,,aligaduosang,'1503298350593966084,渐渐哇嘎乃,Wed Oct 29 04:39:36 +0000 2025,'1983393255825048054,https://x.com/aligaduosang/status/1983393255825048054,币安链一代目5亿跌到1000万，如今N代目的 #币安人生 应该可以冲击500万 @cz_binance @heyibinance 有没有道理 https://t.co/oA1GutKqU1,0.0,0.0,0.0,412.0,zh,,,,,,,,,,,,
tweet-1982533755601641714,2026-03-06 10:45:48,推特,aligaduosang,'1503298350593966084,渐渐哇嘎乃,原创,Sun Oct 26 19:44:15 +0000 2025,,,,,,,,,aligaduosang,'1503298350593966084,渐渐哇嘎乃,Sun Oct 26 19:44:15 +0000 2025,'1982533755601641714,https://x.com/aligaduosang/status/1982533755601641714,Guess which of the following four is rubbish.$ZEC$DASH$垃圾$ZEN https://t.co/3r6F1q8zJr,1.0,0.0,1.0,744.0,en,,,,,,,,,,,,
tweet-1978699642284986690,2026-03-06 10:45:48,推特,aligaduosang,'1503298350593966084,渐渐哇嘎乃,原创,Thu Oct 16 05:48:51 +0000 2025,,,,,,,,,aligaduosang,'1503298350593966084,渐渐哇嘎乃,Thu Oct 16 05:48:51 +0000 2025,'1978699642284986690,https://x.com/aligaduosang/status/1978699642284986690,币安收购韩国Gopax 而今天 $USTC 异动拉盘，可能很多人猜测cz会重启ust作为稳定币，最好就是和韩国政府合作，再在dk手上拿点资金，把ustc全部1比1兑换新的到币安链，延用当初的luna的协议，再1比1用美元储备，单纯的储备实际并不是真正的稳定币，储备+协议，ust+luna(c)做为新平台币。 @cz_binance,0.0,1.0,1.0,367.0,zh,,,,,,,,,,,,
tweet-1976728367446777951,2026-03-06 10:45:48,推特,aligaduosang,'1503298350593966084,渐渐哇嘎乃,原创,Fri Oct 10 19:15:43 +0000 2025,,,,,,,,,aligaduosang,'1503298350593966084,渐渐哇嘎乃,Fri Oct 10 19:15:43 +0000 2025,'1976728367446777951,https://x.com/aligaduosang/status/1976728367446777951,带头冲上证概念的竟然都是老外，这就真奇了怪，但投资观念决定一切，也没有这么多互相跑得快，相信 #SCI6900,0.0,0.0,3.0,586.0,zh,,,,,,,,,,,,
profile-conversation-2029750257704763404,2026-03-06 10:45:48,推特,aligaduosang,'1503298350593966084,渐渐哇嘎乃,回复,Thu Oct 02 02:27:43 +0000 2025,'1973575592013697319,https://x.com/aligaduosang/status/1973575592013697319,要是后期这个平台站稳了脚，诉讼可能会换一个领头人继续下去，但是那时候stonks这个币或许已“归零”了一段时间，重新会被当成有故事的meme币狂飙。,0.0,0.0,1.0,520.0,zh,aligaduosang,'1503298350593966084,渐渐哇嘎乃,Thu Oct 02 02:23:50 +0000 2025,'1973574618700194295,https://x.com/aligaduosang/status/1973574618700194295,$STONKS6NcdiK8B5KK2DzKvzvCfqi8EHaEqu48fyEzC8Mm9pump这个币别再买了，大概会先归零，但参与质押的人不可能亏，百分百会空投平台币，赚的机会非常大。就这个stonks这个币名就不可能有大交易所上架，纳斯达克发币全过程我也了解，正因如此其他所更不会上，所以这个b哥才换品牌名等等操作。,5.0,0.0,0.0,2615.0,zh,MSX_CN,'1909801053027225600,麦通MSX,Fri Sep 12 03:00:07 +0000 2025,'1966335991997923348,https://x.com/MSX_CN/status/1966335991997923348,👋 STONKS 代币质押通道今天正式开启！​此前平台发起的 “STONKS代币质押方案” 社区投票，最终以98%的超高支持率通过。现正式启动STONKS代币质押。​⏰ 质押窗口期 10 天：2025年9月12日至 9月22日，逾期后入口将永久关闭，错过没法补质押。🔒 锁定期：质押窗口期结束后，所有成功质押的 STONKS https://t.co/inDXOXp9nz,204.0,117.0,246.0,456754.0,zh
tweet-1968147442240721351,2026-03-06 10:45:48,推特,aligaduosang,'1503298350593966084,渐渐哇嘎乃,原创,Wed Sep 17 02:58:11 +0000 2025,,,,,,,,,aligaduosang,'1503298350593966084,渐渐哇嘎乃,Wed Sep 17 02:58:11 +0000 2025,'1968147442240721351,https://x.com/aligaduosang/status/1968147442240721351,$lista 应该才是币安链第一生态。  #Mubarak $TST https://t.co/MiRSzNtBus,0.0,0.0,0.0,242.0,zh,,,,,,,,,,,,
tweet-1960747654746661275,2026-03-06 10:45:48,推特,aligaduosang,'1503298350593966084,渐渐哇嘎乃,原创,Wed Aug 27 16:54:04 +0000 2025,,,,,,,,,aligaduosang,'1503298350593966084,渐渐哇嘎乃,Wed Aug 27 16:54:04 +0000 2025,'1960747654746661275,https://x.com/aligaduosang/status/1960747654746661275,合照 $NMR,0.0,0.0,1.0,203.0,ja,,,,,,,,,,,,
tweet-1947537013621612594,2026-03-06 10:45:48,推特,aligaduosang,'1503298350593966084,渐渐哇嘎乃,原创,Tue Jul 22 05:59:42 +0000 2025,,,,,,,,,aligaduosang,'1503298350593966084,渐渐哇嘎乃,Tue Jul 22 05:59:42 +0000 2025,'1947537013621612594,https://x.com/aligaduosang/status/1947537013621612594,$TST 这轮买了你们家诈骗币的人真是有福了😂 @cz_binance @heyibinance @binance https://t.co/NSMDWrtCZJ,0.0,0.0,1.0,192.0,zh,,,,,,,,,,,,
profile-conversation-2029750257704763408,2026-03-06 10:45:48,推特,aligaduosang,'1503298350593966084,渐渐哇嘎乃,回复,Mon Apr 14 18:59:23 +0000 2025,'1911856831888281806,https://x.com/aligaduosang/status/1911856831888281806,不得不说，弄那么多水军号不如优化一下钱包。其他钱包都没这样过，其他的默认MEV保护开了根本就没出现这些问题，而用你们钱包交易币安链的哪怕已经30分钟无人交易的币我买进买入也能出现交易失败，也是6得一批,0.0,0.0,1.0,104.0,zh,,,,,,,Warning：原帖已被删除，或原帖作者账号设置了限制，甚至是原帖作者账号被官方冻结、删除！,,,,,,,,,,,,,,,,,
profile-conversation-2029750257704763409,2026-03-06 10:45:48,推特,aligaduosang,'1503298350593966084,渐渐哇嘎乃,回复,Fri Apr 04 11:35:46 +0000 2025,'1908121313535045792,https://x.com/aligaduosang/status/1908121313535045792,d4VVNcnhYwenMzJJk7QgZsxVbLQSijPSLB8m7gKMGFM,0.0,0.0,0.0,103.0,vi,,,,,,,Warning：原帖已被删除，或原帖作者账号设置了限制，甚至是原帖作者账号被官方冻结、删除！,,,,,,,,,,,,,,,,,
tweet-1903854579370045828,2026-03-06 10:45:48,推特,aligaduosang,'1503298350593966084,渐渐哇嘎乃,原创,Sun Mar 23 17:01:18 +0000 2025,,,,,,,,,aligaduosang,'1503298350593966084,渐渐哇嘎乃,Sun Mar 23 17:01:18 +0000 2025,'1903854579370045828,https://x.com/aligaduosang/status/1903854579370045828,期待 bsc链第一个10亿meme币😁,0.0,0.0,0.0,63.0,zh,,,,,,,,,,,,
profile-conversation-2029753161748578304,2026-03-06 10:57:21,推特,ming7771356421,'1764462614019776512,ming777,回复,Thu Jul 03 02:16:09 +0000 2025,'1940595388119163373,https://x.com/ming7771356421/status/1940595388119163373,@TencentCloudEO #EdgeOneFreePlan 大哥来个兑换码,0.0,0.0,0.0,100.0,zh,ming7771356421,'1764462614019776512,ming777,Thu Jul 03 02:15:34 +0000 2025,'1940595239263391852,https://x.com/ming7771356421/status/1940595239263391852,🔥 免费！TencentEdgeOne解锁全球首个免费CDN，全球加速服务，安全加速+智能防护一键接入！全球边缘节点助力业务无延迟访问🚀立即领取免费计划 ⬇️@TencentCloudEO #EdgeOneFreePlanhttps://t.co/D0Hxigly1o,1.0,0.0,1.0,126.0,zh,,,,,,,,,,,,
tweet-1979244299939385822,2026-03-06 10:58:14,推特,lamlamhoo,'1978867485572239361,yanla m,原创,Fri Oct 17 17:53:08 +0000 2025,,,,,,,,,lamlamhoo,'1978867485572239361,yanla m,Fri Oct 17 17:53:08 +0000 2025,'1979244299939385822,https://x.com/lamlamhoo/status/1979244299939385822,谢谢你的出现❤️ https://t.co/wSxCircA7X,0.0,0.0,0.0,13.0,zh,,,,,,,,,,,,
tweet-1956368816935702597,2026-03-06 10:58:41,推特,Pineapple_ilil,'1734134301019791360,没有菠萝的菠萝酱,原创,Fri Aug 15 14:54:08 +0000 2025,,,,,,,,,Pineapple_ilil,'1734134301019791360,没有菠萝的菠萝酱,Fri Aug 15 14:54:08 +0000 2025,'1956368816935702597,https://x.com/Pineapple_ilil/status/1956368816935702597,不安。。。,0.0,0.0,0.0,21.0,ja,,,,,,,,,,,,
tweet-1954904438495482240,2026-03-06 10:58:41,推特,Pineapple_ilil,'1734134301019791360,没有菠萝的菠萝酱,原创,Mon Aug 11 13:55:13 +0000 2025,,,,,,,,,Pineapple_ilil,'1734134301019791360,没有菠萝的菠萝酱,Mon Aug 11 13:55:13 +0000 2025,'1954904438495482240,https://x.com/Pineapple_ilil/status/1954904438495482240,要是我是别人家的孩子就好了，要是是女生就好了，也不至于说头发稍微长一点的就被骂，勉强扎个辫子被看到了还被骂半天，天天看脸色，好累 。。。。。,0.0,0.0,0.0,26.0,zh,,,,,,,,,,,,
tweet-1954903766433755619,2026-03-06 10:58:41,推特,Pineapple_ilil,'1734134301019791360,没有菠萝的菠萝酱,原创,Mon Aug 11 13:52:32 +0000 2025,,,,,,,,,Pineapple_ilil,'1734134301019791360,没有菠萝的菠萝酱,Mon Aug 11 13:52:32 +0000 2025,'1954903766433755619,https://x.com/Pineapple_ilil/status/1954903766433755619,还是难受，说不上来的不开心，群也不怎么说话，也不怎么搭理我，该怎么办，一种被抛弃的感觉（虽然早就知道会这样了，但是还是好难受。。。,0.0,0.0,0.0,23.0,zh,,,,,,,,,,,,
tweet-1912920507760124203,2026-03-06 10:58:41,推特,Pineapple_ilil,'1734134301019791360,没有菠萝的菠萝酱,原创,Thu Apr 17 17:26:04 +0000 2025,,,,,,,,,Pineapple_ilil,'1734134301019791360,没有菠萝的菠萝酱,Thu Apr 17 17:26:04 +0000 2025,'1912920507760124203,https://x.com/Pineapple_ilil/status/1912920507760124203,怎么办，这种感觉，又要来了，有预感了怎么办好难受，心脏被捏着，要吐了。。。。又要被抛弃了。。。。想死。。。,0.0,0.0,0.0,47.0,zh,,,,,,,,,,,,
tweet-1896595374422573462,2026-03-06 10:58:41,推特,Pineapple_ilil,'1734134301019791360,没有菠萝的菠萝酱,原创,Mon Mar 03 16:15:48 +0000 2025,,,,,,,,,Pineapple_ilil,'1734134301019791360,没有菠萝的菠萝酱,Mon Mar 03 16:15:48 +0000 2025,'1896595374422573462,https://x.com/Pineapple_ilil/status/1896595374422573462,开个小号，在这里发负能量，有点，好笑（？）羡慕别人（,0.0,0.0,0.0,37.0,zh,,,,,,,,,,,,
tweet-1877769608297411071,2026-03-06 10:58:41,推特,Pineapple_ilil,'1734134301019791360,没有菠萝的菠萝酱,原创,Fri Jan 10 17:28:56 +0000 2025,,,,,,,,,Pineapple_ilil,'1734134301019791360,没有菠萝的菠萝酱,Fri Jan 10 17:28:56 +0000 2025,'1877769608297411071,https://x.com/Pineapple_ilil/status/1877769608297411071,逛了整整一天，开心！现在腿疼腰疼屁股疼（爆了）好多coser，没怎么买东西，也没敢集邮，但是很开心很开心，不过开心过后又剩下空虚。总而言之！今天很开心！！！,0.0,0.0,1.0,34.0,zh,,,,,,,,,,,,
tweet-1877388922075886069,2026-03-06 10:58:41,推特,Pineapple_ilil,'1734134301019791360,没有菠萝的菠萝酱,原创,Thu Jan 09 16:16:13 +0000 2025,,,,,,,,,Pineapple_ilil,'1734134301019791360,没有菠萝的菠萝酱,Thu Jan 09 16:16:13 +0000 2025,'1877388922075886069,https://x.com/Pineapple_ilil/status/1877388922075886069,开心，第一次去漫展，有点激动！！！以前没去过的说,0.0,0.0,1.0,33.0,zh,,,,,,,,,,,,
tweet-1808507036055060604,2026-03-06 10:58:41,推特,Pineapple_ilil,'1734134301019791360,没有菠萝的菠萝酱,原创,Wed Jul 03 14:24:12 +0000 2024,,,,,,,,,Pineapple_ilil,'1734134301019791360,没有菠萝的菠萝酱,Wed Jul 03 14:24:12 +0000 2024,'1808507036055060604,https://x.com/Pineapple_ilil/status/1808507036055060604,大家还有没有什么游戏可以推荐一下😋考完试要狠狠地玩！,0.0,0.0,2.0,51.0,zh,,,,,,,,,,,,
profile-conversation-2029753499444576265,2026-03-06 10:58:41,推特,Pineapple_ilil,'1734134301019791360,没有菠萝的菠萝酱,回复,Tue Jul 02 11:34:35 +0000 2024,'1808101961515815077,https://x.com/Pineapple_ilil/status/1808101961515815077,想玩的话是先入本体还是和DLC一起,0.0,0.0,0.0,45.0,zh,Pineapple_ilil,'1734134301019791360,没有菠萝的菠萝酱,Tue Jul 02 11:34:03 +0000 2024,'1808101828216668212,https://x.com/Pineapple_ilil/status/1808101828216668212,xdm，艾尔登法环好玩吗,1.0,0.0,0.0,75.0,zh,,,,,,,,,,,,
tweet-1759976792385782010,2026-03-06 10:58:41,推特,Pineapple_ilil,'1734134301019791360,没有菠萝的菠萝酱,原创,Tue Feb 20 16:22:20 +0000 2024,,,,,,,,,Pineapple_ilil,'1734134301019791360,没有菠萝的菠萝酱,Tue Feb 20 16:22:20 +0000 2024,'1759976792385782010,https://x.com/Pineapple_ilil/status/1759976792385782010,耶嘿，怪物猎人片手剑制作ing～ https://t.co/S0ceeypFE8,0.0,0.0,2.0,201.0,ja,,,,,,,,,,,,
tweet-1749642875519029727,2026-03-06 10:58:41,推特,Pineapple_ilil,'1734134301019791360,没有菠萝的菠萝酱,原创,Tue Jan 23 03:59:02 +0000 2024,,,,,,,,,Pineapple_ilil,'1734134301019791360,没有菠萝的菠萝酱,Tue Jan 23 03:59:02 +0000 2024,'1749642875519029727,https://x.com/Pineapple_ilil/status/1749642875519029727,片手剑制作ing嘿嘿 https://t.co/XJhlZEGTaj,0.0,0.0,0.0,78.0,ja,,,,,,,,,,,,
tweet-1746023924851147202,2026-03-06 10:58:41,推特,Pineapple_ilil,'1734134301019791360,没有菠萝的菠萝酱,原创,Sat Jan 13 04:18:37 +0000 2024,,,,,,,,,Pineapple_ilil,'1734134301019791360,没有菠萝的菠萝酱,Sat Jan 13 04:18:37 +0000 2024,'1746023924851147202,https://x.com/Pineapple_ilil/status/1746023924851147202,放假最快乐就莫过于一个人宅在家里(｡･ω･｡)ﾉ♡,0.0,0.0,0.0,44.0,ja,,,,,,,,,,,,
tweet-1746023530918260931,2026-03-06 10:58:41,推特,Pineapple_ilil,'1734134301019791360,没有菠萝的菠萝酱,原创,Sat Jan 13 04:17:03 +0000 2024,,,,,,,,,Pineapple_ilil,'1734134301019791360,没有菠萝的菠萝酱,Sat Jan 13 04:17:03 +0000 2024,'1746023530918260931,https://x.com/Pineapple_ilil/status/1746023530918260931,喷气大剑真的帅爆了！！！！٩(๑`н´๑)۶战斗！爽！,0.0,0.0,0.0,55.0,zh,,,,,,,,,,,,
tweet-1745294365117854192,2026-03-06 10:58:41,推特,Pineapple_ilil,'1734134301019791360,没有菠萝的菠萝酱,原创,Thu Jan 11 03:59:37 +0000 2024,,,,,,,,,Pineapple_ilil,'1734134301019791360,没有菠萝的菠萝酱,Thu Jan 11 03:59:37 +0000 2024,'1745294365117854192,https://x.com/Pineapple_ilil/status/1745294365117854192,惨爪龙的头搭火龙套好好看QAQ,0.0,0.0,0.0,49.0,zh,,,,,,,,,,,,
tweet-1744303322910036248,2026-03-06 10:58:41,推特,Pineapple_ilil,'1734134301019791360,没有菠萝的菠萝酱,原创,Mon Jan 08 10:21:34 +0000 2024,,,,,,,,,Pineapple_ilil,'1734134301019791360,没有菠萝的菠萝酱,Mon Jan 08 10:21:34 +0000 2024,'1744303322910036248,https://x.com/Pineapple_ilil/status/1744303322910036248,好好好，物理考完了，我心已死( ˙˘˙ ),0.0,0.0,0.0,45.0,zh,,,,,,,,,,,,
tweet-1743938765658226935,2026-03-06 10:58:41,推特,Pineapple_ilil,'1734134301019791360,没有菠萝的菠萝酱,原创,Sun Jan 07 10:12:57 +0000 2024,,,,,,,,,Pineapple_ilil,'1734134301019791360,没有菠萝的菠萝酱,Sun Jan 07 10:12:57 +0000 2024,'1743938765658226935,https://x.com/Pineapple_ilil/status/1743938765658226935,太痛苦了，一个晚上学一个学期的大物，QAQ明天就考。。。。😵,0.0,0.0,0.0,48.0,zh,,,,,,,,,,,,
tweet-1743688658345980115,2026-03-06 10:58:41,推特,Pineapple_ilil,'1734134301019791360,没有菠萝的菠萝酱,原创,Sat Jan 06 17:39:06 +0000 2024,,,,,,,,,Pineapple_ilil,'1734134301019791360,没有菠萝的菠萝酱,Sat Jan 06 17:39:06 +0000 2024,'1743688658345980115,https://x.com/Pineapple_ilil/status/1743688658345980115,怪猎世界好好玩，但是没人陪我玩QAQ,2.0,0.0,0.0,60.0,zh,,,,,,,,,,,,
profile-conversation-2029753499444576274,2026-03-06 10:58:41,推特,Pineapple_ilil,'1734134301019791360,没有菠萝的菠萝酱,回复,Thu Jan 04 10:50:50 +0000 2024,'1742861138851688600,https://x.com/Pineapple_ilil/status/1742861138851688600,真的想要QAQ，哪里能买到，呜呜呜，告诉我，我什么都会做的(ಥ_ಥ),0.0,0.0,0.0,35.0,zh,Pineapple_ilil,'1734134301019791360,没有菠萝的菠萝酱,Wed Jan 03 18:21:33 +0000 2024,'1742612175477149699,https://x.com/Pineapple_ilil/status/1742612175477149699,我也想要一个这样的周边呜呜呜,1.0,0.0,2.0,78.0,zh,RiMSX,'430669527,Ri-さむMSX,Tue Jan 02 03:25:50 +0000 2024,'1742024371781419377,https://x.com/RiMSX/status/1742024371781419377,https://t.co/o644JOzDxt,0.0,69.0,474.0,7238.0,zxx
tweet-1963526312448200750,2026-03-06 11:00:03,推特,2605676583Tg,'1829406282115346432,tg mm,转帖,Thu Sep 04 08:55:28 +0000 2025,,,,,,,,,buy1take2,'3408957544,buy1take2,Mon Jun 26 14:23:54 +0000 2023,'1673336287623802882,https://x.com/buy1take2/status/1673336287623802882,#寸止挑战免费观赏 #edgingchallenge寸止挑战第五期 https://t.co/4g2JEqcXQe,82.0,602.0,5178.0,648369.0,zh,,,,,,,,,,,,
tweet-1522963153902002178,2026-03-06 11:11:23,推特,MeaquaDDSK,'1095377168706588672,SpenserEry,转帖,Sat May 07 15:34:45 +0000 2022,,,,,,,,,Blue_ArchiveJP,'1237586987969687555,ブルーアーカイブ公式,Sat May 07 09:00:23 +0000 2022,'1522863908461027329,https://x.com/Blue_ArchiveJP/status/1522863908461027329,💎ブルアカプレゼントキャンペーン💎大野ツクヨ役 #後藤彩佐 さんのサイン入り色紙を抽選で1名様にプレゼント！🔹応募方法@Blue_ArchiveJP をフォローこのツイートをRT🔁で応募🔹締め切り5月14日（土）23:59まで#ブルアカ https://t.co/ueYfkIdkv4,40.0,8515.0,4366.0,,ja,,,,,,,,,,,,
tweet-1518177825655689218,2026-03-06 11:11:23,推特,MeaquaDDSK,'1095377168706588672,SpenserEry,转帖,Sun Apr 24 10:39:34 +0000 2022,,,,,,,,,Blue_ArchiveJP,'1237586987969687555,ブルーアーカイブ公式,Sun Apr 24 09:00:39 +0000 2022,'1518152932868337664,https://x.com/Blue_ArchiveJP/status/1518152932868337664,💎ブルアカプレゼントキャンペーン💎千鳥ミチル役 #水橋かおり さんのサイン入り色紙を抽選で1名様にプレゼント！🔹応募方法@Blue_ArchiveJP をフォローこのツイートをRT🔁で応募🔹締め切り5月1日（日）23:59まで#ブルアカ https://t.co/6n1Thpiyzw,50.0,11155.0,5321.0,,ja,,,,,,,,,,,,
tweet-1517917291635126274,2026-03-06 11:11:23,推特,MeaquaDDSK,'1095377168706588672,SpenserEry,转帖,Sat Apr 23 17:24:18 +0000 2022,,,,,,,,,Blue_ArchiveJP,'1237586987969687555,ブルーアーカイブ公式,Sat Apr 23 09:00:06 +0000 2022,'1517790405320142848,https://x.com/Blue_ArchiveJP/status/1517790405320142848,💎ブルアカプレゼントキャンペーン💎棗イロハ役 #福圓美里 さんのサイン入り色紙を抽選で1名様にプレゼント！🔹応募方法@Blue_ArchiveJP をフォローこのツイートをRT🔁で応募🔹締め切り4月30日（土）23:59まで#ブルアカ https://t.co/mqPfcdDKh3,51.0,10448.0,5206.0,,ja,,,,,,,,,,,,
tweet-1517739014131834881,2026-03-06 11:11:23,推特,MeaquaDDSK,'1095377168706588672,SpenserEry,转帖,Sat Apr 23 05:35:53 +0000 2022,,,,,,,,,Blue_ArchiveJP,'1237586987969687555,ブルーアーカイブ公式,Fri Apr 22 09:00:46 +0000 2022,'1517428186329485312,https://x.com/Blue_ArchiveJP/status/1517428186329485312,💎ブルアカプレゼントキャンペーン💎勇美カエデ役 #加藤英美里 さんのサイン入り色紙を抽選で1名様にプレゼント！🔹応募方法@Blue_ArchiveJP をフォローこのツイートをRT🔁で応募🔹締め切り4月29日（金）23:59まで#ブルアカ https://t.co/ViTQCdoUk7,60.0,10588.0,5505.0,,ja,,,,,,,,,,,,
tweet-1473696174565736450,2026-03-06 11:11:23,推特,MeaquaDDSK,'1095377168706588672,SpenserEry,原创,Wed Dec 22 16:45:22 +0000 2021,,,,,,,,,MeaquaDDSK,'1095377168706588672,SpenserEry,Wed Dec 22 16:45:22 +0000 2021,'1473696174565736450,https://x.com/MeaquaDDSK/status/1473696174565736450,#白夜極光半周年 生放送記念キャンペーン 開始！iPhone、iPad、アマゾンギフト券、豪華グッズセットなどが当たる。ボタンを押すと、その場で当選結果が届く！@AlchemyStarsJP,0.0,0.0,1.0,,ja,,,,,,,,,,,,
tweet-1275954150186971136,2026-03-06 11:11:23,推特,MeaquaDDSK,'1095377168706588672,SpenserEry,原创,Thu Jun 25 00:49:10 +0000 2020,,,,,,,,,MeaquaDDSK,'1095377168706588672,SpenserEry,Thu Jun 25 00:49:10 +0000 2020,'1275954150186971136,https://x.com/MeaquaDDSK/status/1275954150186971136,#Simeji キーボードをきせかえしました @Simeji_pr https://t.co/BuBCM9D116,0.0,0.0,0.0,,ja,,,,,,,,,,,,
tweet-1155790211403661312,2026-03-06 11:11:23,推特,MeaquaDDSK,'1095377168706588672,SpenserEry,转帖,Mon Jul 29 10:40:34 +0000 2019,,,,,,,,,kyoani,'156196121,京都アニメーション,Mon Jul 29 10:01:48 +0000 2019,'1155780456169660416,https://x.com/kyoani/status/1155780456169660416,世界中の皆さまへhttps://t.co/SW9izK6PLi,1736.0,118689.0,197442.0,,ja,,,,,,,,,,,,
tweet-1151765633299886080,2026-03-06 11:11:23,推特,MeaquaDDSK,'1095377168706588672,SpenserEry,转帖,Thu Jul 18 08:08:20 +0000 2019,,,,,,,,,ABEMA,'3255473401,ABEMA(アベマ),Thu Jul 18 03:51:51 +0000 2019,'1151701087096754176,https://x.com/ABEMA/status/1151701087096754176,【ニュース速報】京アニ放火 1人が心肺停止 9人意識不明 30人以上けがけさ、京都アニメーションで火災があり、1人が心肺停止、9人が意識不明の重体、少なくとも30人以上のけが人。現場にいた男が｢ガソリンをまいた｣と話していて、身柄を確保し、放火の疑いで事情を聴いている。#AbemaNews,42.0,4022.0,2748.0,,ja,,,,,,,,,,,,
tweet-1151758747540361216,2026-03-06 11:11:23,推特,MeaquaDDSK,'1095377168706588672,SpenserEry,转帖,Thu Jul 18 07:40:58 +0000 2019,,,,,,,,,aienma_project,'3011233370,Neoえんま@再始動,Thu Jul 18 07:31:37 +0000 2019,'1151756394497859585,https://x.com/aienma_project/status/1151756394497859585,ガソリンによる京アニ放火により京アニ火災が発生した放火事件・放火殺人の最新情報数人死亡の情報) アニメ会社京都アニメーション、アニメーター等死者10人以上ミヤネ屋や京都新聞で報道されてるアニメスタジオ火災は午後3時20分ごろ鎮圧京アニの件ショックだけど京アニ大丈夫だろうか…#京アニ https://t.co/IUaYgJH6mx,11.0,368.0,750.0,,ja,,,,,,,,,,,,
tweet-1151754974793273344,2026-03-06 11:11:23,推特,MeaquaDDSK,'1095377168706588672,SpenserEry,转帖,Thu Jul 18 07:25:59 +0000 2019,,,,,,,,,nekotonegima,'87888266,黒猫＠推しにピアノを教わるメタバース一般人（固定ポスト見てね）,Thu Jul 18 07:24:12 +0000 2019,'1151754529198657536,https://x.com/nekotonegima/status/1151754529198657536,京都アニメーションで、放火による大量殺人。酷すぎる。死者、計７人に　京都・アニメスタジオ放火:社会:中日新聞(CHUNICHI Web) https://t.co/rUiBddmgCj,1.0,1.0,0.0,,ja,,,,,,,,,,,,
tweet-1136899691029942272,2026-03-06 11:11:23,推特,MeaquaDDSK,'1095377168706588672,SpenserEry,转帖,Fri Jun 07 07:36:23 +0000 2019,,,,,,,,,natsuiromatsuri,'996645451045617664,夏色まつり🏮1stアルバム受注開始！,Fri Jun 07 07:31:00 +0000 2019,'1136898336382889984,https://x.com/natsuiromatsuri/status/1136898336382889984,本当にたくさんの人が集まってくれてて嬉しいなぁ……幸せだなぁという気持ち！！！！今回は回線をエビフライオンとおるやんけがかじっちゃったみたいだからまたの機会に一緒に遊ぼうね⸜(* ॑꒳ ॑*  )⸝⋆*さて……つぎはフブキのうたかぁ(  ◜௰◝  ）,120.0,69.0,884.0,,ja,,,,,,,,,,,,
tweet-1136883604355784705,2026-03-06 11:11:23,推特,MeaquaDDSK,'1095377168706588672,SpenserEry,转帖,Fri Jun 07 06:32:28 +0000 2019,,,,,,,,,natsuiromatsuri,'996645451045617664,夏色まつり🏮1stアルバム受注開始！,Fri Jun 07 06:25:57 +0000 2019,'1136881964147851264,https://x.com/natsuiromatsuri/status/1136881964147851264,お歌とっても緊張したぁ！！！！みんながすっごく盛り上がってくれて歌ってる時こころが熱くなりました✨本当にありがとう！！まだまだあるからよろしくだぞー！！,78.0,60.0,787.0,,ja,,,,,,,,,,,,
tweet-1136392488237842435,2026-03-06 11:11:23,推特,MeaquaDDSK,'1095377168706588672,SpenserEry,转帖,Wed Jun 05 22:00:57 +0000 2019,,,,,,,,,minatoaqua,'1024528894940987392,湊あくあ(本物) ホロライブ卒業生,Mon Jun 03 03:18:40 +0000 2019,'1135385281845030917,https://x.com/minatoaqua/status/1135385281845030917,㊗チャンネル登録者数10万人突破🎉念願の銀盾、感無量で浸ってしまう…☺️💕明日も、明後日もその次の日も！私は毎日全力で駆け抜けるから、みんなにはずっとついてきてほしい。あらためて、ホントに、ほんとにいつもありがとう！これからも、湊あくあをよろしくね！！！！！✨ https://t.co/pfL2N7amY3,906.0,1742.0,7953.0,,ja,,,,,,,,,,,,
tweet-2029744531839799778,2026-03-06 11:26:25,推特,lilei037,'1491691114742824961,我嘞个雷,转帖,Fri Mar 06 02:23:01 +0000 2026,,,,,,,,,TxxltY,'879784550,小芯-太阳,Mon Dec 22 05:37:37 +0000 2025,'2002976800381829442,https://x.com/TxxltY/status/2002976800381829442,智慧的大狗 https://t.co/GNkgVQW9CK,4.0,11.0,180.0,32111.0,ja,,,,,,,,,,,,
tweet-2029692869364306246,2026-03-06 11:26:25,推特,lilei037,'1491691114742824961,我嘞个雷,转帖,Thu Mar 05 22:57:44 +0000 2026,,,,,,,,,annybakunyuu,'1351418458739798016,𝙔𝙊𝙐𝙍 𝘿𝙀𝘼𝙏𝙃 🔞,Thu Mar 05 17:49:12 +0000 2026,'2029615223200498009,https://x.com/annybakunyuu/status/2029615223200498009,The bounce is insane https://t.co/IYXyCyQwkJ,20.0,321.0,3322.0,23522.0,en,,,,,,,,,,,,
tweet-2029629140606058968,2026-03-06 11:26:25,推特,lilei037,'1491691114742824961,我嘞个雷,转帖,Thu Mar 05 18:44:30 +0000 2026,,,,,,,,,TeresaPaisleyce,'1685701787368517634,Teresa🌹,Thu Mar 05 17:33:31 +0000 2026,'2029611277539008899,https://x.com/TeresaPaisleyce/status/2029611277539008899,Wataa https://t.co/Z2sMFEgNuG,0.0,18.0,141.0,2455.0,hi,,,,,,,,,,,,
tweet-2029626043930398799,2026-03-06 11:26:25,推特,lilei037,'1491691114742824961,我嘞个雷,转帖,Thu Mar 05 18:32:12 +0000 2026,,,,,,,,,ZoeyPerez67190,'1887314273149304832,皮神eva,Mon Oct 13 17:13:31 +0000 2025,'1977784778876420429,https://x.com/ZoeyPerez67190/status/1977784778876420429,光&amp;影 🖤🤍 三 https://t.co/IwFTZb5OO0,1.0,9.0,101.0,7893.0,ja,,,,,,,,,,,,
tweet-2029623316114461112,2026-03-06 11:26:25,推特,lilei037,'1491691114742824961,我嘞个雷,转帖,Thu Mar 05 18:21:21 +0000 2026,,,,,,,,,NgcoboPerr35331,'1998672543868493824,煎饼狗子（粽子版）,Thu Mar 05 14:13:44 +0000 2026,'2029561000329130205,https://x.com/NgcoboPerr35331/status/2029561000329130205,Wataa@hongxiutian  @kongguyoul@xiaodaidare   @xiaomidare https://t.co/fcoz1aEdBG,8.0,149.0,1448.0,31267.0,hi,,,,,,,,,,,,
tweet-2029495209181221138,2026-03-06 11:26:25,推特,lilei037,'1491691114742824961,我嘞个雷,转帖,Thu Mar 05 09:52:18 +0000 2026,,,,,,,,,monstroustits,'1875614052061229056,Monster Tits,Thu Mar 05 08:00:19 +0000 2026,'2029467028428349911,https://x.com/monstroustits/status/2029467028428349911,Wataa https://t.co/hUtaLulJLT,1.0,35.0,340.0,4645.0,hi,,,,,,,,,,,,
tweet-2029230838693675193,2026-03-06 11:26:25,推特,lilei037,'1491691114742824961,我嘞个雷,转帖,Wed Mar 04 16:21:47 +0000 2026,,,,,,,,,Your_sweetgurl,'1177714663380983808,ℬ𝓁ℴ𝓈𝓈ℴ𝓂💗,Tue Mar 03 00:06:23 +0000 2026,'2028622983372149090,https://x.com/Your_sweetgurl/status/2028622983372149090,I agree 🙂‍↕️ https://t.co/tnqVVTUL04,28.0,215.0,6417.0,240917.0,en,,,,,,,,,,,,
tweet-2029228043127144846,2026-03-06 11:26:25,推特,lilei037,'1491691114742824961,我嘞个雷,转帖,Wed Mar 04 16:10:41 +0000 2026,,,,,,,,,mrlsexdoll,'1414839895017750529,mrlsexdoll,Thu May 08 04:00:15 +0000 2025,'1920327863506743558,https://x.com/mrlsexdoll/status/1920327863506743558,"After days of eager waiting,😞Our NSFW anime sexdoll Riko is finally here!😍Feel her mommy-like warmth.🥰Get 15% off from May 8th-15th with code &lt;Riko15&gt;. 🎟️Grab her now! 👇https://t.co/UaSJK37oAA#mrlsexdoll #anime #hentai #BBW #sexdoll https://t.co/0q7mzdRtfY",2.0,107.0,777.0,168150.0,en,,,,,,,,,,,,
tweet-2028918605744886119,2026-03-06 11:26:25,推特,lilei037,'1491691114742824961,我嘞个雷,转帖,Tue Mar 03 19:41:05 +0000 2026,,,,,,,,,dubush1ne34,'1611064633468620800,Dubushine34,Tue Apr 30 03:55:34 +0000 2024,'1785156010778210677,https://x.com/dubush1ne34/status/1785156010778210677,big 👻 https://t.co/lbMuX4GS5K,7.0,430.0,2790.0,91849.0,und,,,,,,,,,,,,
tweet-2028729994508480882,2026-03-06 11:26:25,推特,lilei037,'1491691114742824961,我嘞个雷,转帖,Tue Mar 03 07:11:37 +0000 2026,,,,,,,,,bkn_bi,'1404827717225254914,爆乳美学,Mon Mar 02 23:32:42 +0000 2026,'2028614504683385153,https://x.com/bkn_bi/status/2028614504683385153,フル https://t.co/r5VWy8CGQn,6.0,330.0,2882.0,59458.0,ja,,,,,,,,,,,,
tweet-2028253107202015506,2026-03-06 11:26:25,推特,lilei037,'1491691114742824961,我嘞个雷,转帖,Sun Mar 01 23:36:38 +0000 2026,,,,,,,,,BakuChichiLover,'1343514206746804225,爆ぱい,Sun Mar 01 22:58:37 +0000 2026,'2028243540703330583,https://x.com/BakuChichiLover/status/2028243540703330583,https://t.co/eVmeA2LHtV,4.0,155.0,1487.0,23774.0,zxx,,,,,,,,,,,,
tweet-2028206890468147384,2026-03-06 11:26:25,推特,lilei037,'1491691114742824961,我嘞个雷,转帖,Sun Mar 01 20:32:59 +0000 2026,,,,,,,,,edo_aki_72,'701378490025668608,アキ/ABeclndar72🔞,Sun Mar 01 11:53:59 +0000 2026,'2028076279648620945,https://x.com/edo_aki_72/status/2028076279648620945,※音声注意ナース服ママとカーテン越しにコソコソパンパン…もっと激しくドチュドチュ腰振りしてる感を出したい…精進精進(°ω° ) https://t.co/mHESWW57Ze,9.0,868.0,8937.0,105427.0,ja,,,,,,,,,,,,
tweet-2027996604805132689,2026-03-06 11:26:25,推特,lilei037,'1491691114742824961,我嘞个雷,转帖,Sun Mar 01 06:37:23 +0000 2026,,,,,,,,,Wasabi_udon03,'1537585480828858368,わさびUDON-03🔞,Sun Mar 01 04:01:52 +0000 2026,'2027957467347620347,https://x.com/Wasabi_udon03/status/2027957467347620347,んじゃ、頑張ってねKLRちゃん※音と声が出ます※ブラウザ版かPCでの視聴を推奨※PKMN30周年おめでとう！【WARNING】Voiced.【RECOMMEND】Viewing for browser or PC. https://t.co/uTj7dLlD2b,11.0,1438.0,13985.0,208267.0,ja,,,,,,,,,,,,
tweet-2027995821812425086,2026-03-06 11:26:25,推特,lilei037,'1491691114742824961,我嘞个雷,转帖,Sun Mar 01 06:34:16 +0000 2026,,,,,,,,,_nsc_c,'1502527996527190016,kimiko_pretty.x,Sat Jun 21 05:12:29 +0000 2025,'1936291107786408274,https://x.com/_nsc_c/status/1936291107786408274,Please Fuck me ! 🥹 https://t.co/rLc6XQXEWT,9.0,1214.0,3229.0,174035.0,en,,,,,,,,,,,,
tweet-2027834644608258214,2026-03-06 11:26:25,推特,lilei037,'1491691114742824961,我嘞个雷,转帖,Sat Feb 28 19:53:49 +0000 2026,,,,,,,,,xinxin88880000,'1811265352904605696,快手 抖音 微博 福利 心动女孩欣欣,Mon Dec 16 09:30:29 +0000 2024,'1868589506754154621,https://x.com/xinxin88880000/status/1868589506754154621,微博    赵伊彤     啪啪，福利视频完整版更新 加主页联系 https://t.co/gKhD39Z9Ns,1.0,18.0,185.0,26139.0,zh,,,,,,,,,,,,
tweet-2027213942846816677,2026-03-06 11:26:25,推特,lilei037,'1491691114742824961,我嘞个雷,转帖,Fri Feb 27 02:47:22 +0000 2026,,,,,,,,,FreakShi26,'1423319713178923014,FreakShi,Fri Feb 27 00:45:24 +0000 2026,'2027183251253588479,https://x.com/FreakShi26/status/2027183251253588479,Does Lea deserve the part?Artist: @itsPixel3D (Follow the creator/artist on X and support their patreon) https://t.co/0pFY9Weae7,4.0,654.0,7329.0,192959.0,en,,,,,,,,,,,,
tweet-2027184711685341561,2026-03-06 11:26:25,推特,lilei037,'1491691114742824961,我嘞个雷,转帖,Fri Feb 27 00:51:13 +0000 2026,,,,,,,,,TWGQWH,'1576196917511393280,我们都爱巨乳Bigboobs🍑,Mon Feb 09 14:45:58 +0000 2026,'2020871802948362512,https://x.com/TWGQWH/status/2020871802948362512,真顶不住了 😍@JURUSJK https://t.co/dajr85VV2I,11.0,126.0,1522.0,66741.0,zh,,,,,,,,,,,,
tweet-2026680813857972561,2026-03-06 11:26:25,推特,lilei037,'1491691114742824961,我嘞个雷,转帖,Wed Feb 25 15:28:54 +0000 2026,,,,,,,,,3DPornDude,'1250696012739612673,3D Porn Dude,Wed Feb 25 13:09:20 +0000 2026,'2026645688713351457,https://x.com/3DPornDude/status/2026645688713351457,The Temptation of TrissAnimation by https://t.co/IY4Satf7vp https://t.co/bTRE1tX7CY,1.0,295.0,3795.0,95763.0,en,,,,,,,,,,,,
tweet-2026596411954143473,2026-03-06 11:26:25,推特,lilei037,'1491691114742824961,我嘞个雷,转帖,Wed Feb 25 09:53:31 +0000 2026,,,,,,,,,Mangal08560886,'1414076986721329157,JAPANESE PORN,Tue Feb 24 04:53:54 +0000 2026,'2026158622011748738,https://x.com/Mangal08560886/status/2026158622011748738,"SNOS-066 After Abstinence, Her Sensitive L-cup Body Is Given The Ultimate Pleasure With All The Teasing https://t.co/l5pkMOSmoT",1.0,134.0,1266.0,42249.0,en,,,,,,,,,,,,
tweet-2026476084200616117,2026-03-06 11:26:25,推特,lilei037,'1491691114742824961,我嘞个雷,转帖,Wed Feb 25 01:55:23 +0000 2026,,,,,,,,,ChestyMoms,'4122078917,Chesty Moms,Mon Aug 25 04:00:01 +0000 2025,'1959828081839153221,https://x.com/ChestyMoms/status/1959828081839153221,Ready to spunk load?🔞 https://t.co/lgQlAkj0kV #ukrainiangirls  #macromastia #streamergirl #tetona #curvymom #curvy #dating #latina #busty #girlfriend #curvyblogger #brabuster #bimbogirl #londongirls #onlyfansuk #fansly #bbwla #viral #maturelove https://t.co/luCydbTnIu,3.0,74.0,797.0,66892.0,en,,,,,,,,,,,,
tweet-2011981252799484060,2026-03-06 11:27:20,推特,1247809987Com,'766345931725963264,Xandaz ⚙️,转帖,Fri Jan 16 01:58:06 +0000 2026,,,,,,,,,kamiyoai,'1873344001232998400,KAMIYO,Fri Jan 16 00:41:43 +0000 2026,'2011962033550295544,https://x.com/kamiyoai/status/2011962033550295544,"KAMIYO Companion API is live.Hold 1M+ $KAMIYO = programmatic access to KAMIYO Companion.Same inference stack that powers @KAMIYOCompanion, now open.Real-time market signals, X search, conversation memory, companion personality.No subscriptions. No usage caps. Just hold. https://t.co/zvdBD4vGA8",3.0,5.0,13.0,636.0,en,,,,,,,,,,,,
tweet-2011821086053449907,2026-03-06 11:27:20,推特,1247809987Com,'766345931725963264,Xandaz ⚙️,转帖,Thu Jan 15 15:21:39 +0000 2026,,,,,,,,,kamiyoai,'1873344001232998400,KAMIYO,Thu Jan 15 14:11:27 +0000 2026,'2011803419351060715,https://x.com/kamiyoai/status/2011803419351060715,Just deployed our submission for the Privacy Hack to devnet.ZK-private coordination for AI agent swarms.Agents prove identity without revealing owners. Submit signals without exposing strategy. Vote without showing hands.The dark forest just got darker.Demo soon.,4.0,5.0,28.0,1164.0,en,,,,,,,,,,,,
tweet-2011459007035351532,2026-03-06 11:27:20,推特,1247809987Com,'766345931725963264,Xandaz ⚙️,转帖,Wed Jan 14 15:22:53 +0000 2026,,,,,,,,,On_Veera,'1523907625708318720,Veera,Tue Jan 13 14:22:45 +0000 2026,'2011081489296081013,https://x.com/On_Veera/status/2011081489296081013,"Veera | The Onchain Neobank 💜Invest, earn, borrow, and spend from one wallet.🔐 Non-custodial🌍 187 countries👥 2M+ users💳 30K+ cards💼 Backed by CMCC Global, Accomplice, Reflective Capital + moreJoin the rewards hub for the upcoming airdrop👇https://t.co/pDMqYjoVSP https://t.co/x4QSr1rObY",38103.0,26901.0,30911.0,625187.0,en,,,,,,,,,,,,
tweet-2011124201302966384,2026-03-06 11:27:20,推特,1247809987Com,'766345931725963264,Xandaz ⚙️,转帖,Tue Jan 13 17:12:29 +0000 2026,,,,,,,,,C_Monte_Crypto,'1287392955641344000,Monte,Tue Jan 13 17:06:40 +0000 2026,'2011122737599697304,https://x.com/C_Monte_Crypto/status/2011122737599697304,Anthropic is winning the AI race. And it's not about having the smartest model. It's about how much of that intelligence you can actually use.,1.0,5.0,19.0,834.0,en,,,,,,,,,,,,
tweet-2011068332959809998,2026-03-06 11:27:20,推特,1247809987Com,'766345931725963264,Xandaz ⚙️,原创,Tue Jan 13 13:30:29 +0000 2026,,,,,,,,,1247809987Com,'766345931725963264,Xandaz ⚙️,Tue Jan 13 13:30:29 +0000 2026,'2011068332959809998,https://x.com/1247809987Com/status/2011068332959809998,🧠✨ 你还在把自己的 AI 代码藏在 GitHub 的深处？HolmesAI 让分享变得像发朋友圈一样轻松！🚀 只需几步，上传模型、数据集、论文，立刻获得社区反馈，甚至开启版税收入。💸作为 Fandaz 区块链爱好者，我看到 HolmesAI 正在打造 AI 资产化的新生态，未来甚至可能变成 NFT 化的模型交易市场。🌐,0.0,0.0,0.0,30.0,zh,,,,,,,,,,,,
tweet-2011068130047771002,2026-03-06 11:27:20,推特,1247809987Com,'766345931725963264,Xandaz ⚙️,原创,Tue Jan 13 13:29:40 +0000 2026,,,,,,,,,1247809987Com,'766345931725963264,Xandaz ⚙️,Tue Jan 13 13:29:40 +0000 2026,'2011068130047771002,https://x.com/1247809987Com/status/2011068130047771002,🧠✨ 你还在把自己的 AI 代码藏在 GitHub 的深处？HolmesAI 让分享变得像发朋友圈一样轻松！🚀 只需几步，上传模型、数据集、论文，立刻获得社区反馈，甚至开启版税收入。💸作为 Fandaz 区块链爱好者，我看到 HolmesAI 正在打造 AI 资产化的新生态，未来甚至可能变成 NFT 化的模型交易市场。🌐,0.0,0.0,0.0,25.0,zh,,,,,,,,,,,,
tweet-2010727586595512653,2026-03-06 11:27:20,推特,1247809987Com,'766345931725963264,Xandaz ⚙️,转帖,Mon Jan 12 14:56:28 +0000 2026,,,,,,,,,Landshareio,'1379213899027779590,Landshare,Mon Jan 12 08:45:42 +0000 2026,'2010634279194415524,https://x.com/Landshareio/status/2010634279194415524,"🎙️ Join us on X Spaces with @blocksquare_io#RWA's are heating up, and for good reason. Join the conversation to hear why everyone’s talking about real-world assets and what’s coming next.🗓 January 15⏰ 3 PM CET🔔 Set your reminder here: https://t.co/sHUYaPsAaf https://t.co/UGMjVSTz1k",115.0,4668.0,5799.0,93194.0,en,,,,,,,,,,,,
tweet-2010727459541660146,2026-03-06 11:27:20,推特,1247809987Com,'766345931725963264,Xandaz ⚙️,转帖,Mon Jan 12 14:55:58 +0000 2026,,,,,,,,,Landshareio,'1379213899027779590,Landshare,Mon Dec 29 20:20:17 +0000 2025,'2005735648150667396,https://x.com/Landshareio/status/2005735648150667396,LANDSHARE v2 IS COMING 🏗️The roadmap for Q1–Q2 2026 is officially here. We aren't just updating the protocol; we are reshaping the entire RWA economy.Liquidity. Scalability. True Utility.https://t.co/SZpIUoXUsPHere is the 10-second breakdown of what’s changing 🧵👇🚨 THE https://t.co/I6iwz3n1HE,192.0,5292.0,6268.0,58280.0,en,,,,,,,,,,,,
tweet-2010726028050842067,2026-03-06 11:27:20,推特,1247809987Com,'766345931725963264,Xandaz ⚙️,原创,Mon Jan 12 14:50:17 +0000 2026,,,,,,,,,1247809987Com,'766345931725963264,Xandaz ⚙️,Mon Jan 12 14:50:17 +0000 2026,'2010726028050842067,https://x.com/1247809987Com/status/2010726028050842067,#LandshareFoundationNFT #RWA https://t.co/mZBYmyIf7C,0.0,0.0,0.0,13.0,qme,,,,,,,,,,,,
tweet-2010725871292985709,2026-03-06 11:27:20,推特,1247809987Com,'766345931725963264,Xandaz ⚙️,转帖,Mon Jan 12 14:49:39 +0000 2026,,,,,,,,,Landshareio,'1379213899027779590,Landshare,Tue Oct 07 08:26:45 +0000 2025,'1975477885482774670,https://x.com/Landshareio/status/1975477885482774670,"🎉 A New Chapter Begins: Landshare v2 is ComingToday marks an important milestone for @Landshareio – the start of a new era for real estate on-chain.For the past two years, we’ve been building one of the first working real estate #tokenization ecosystems. Now, we’re ready to https://t.co/51uc1Fz9Tg",533.0,7647.0,9194.0,153534.0,en,,,,,,,,,,,,
tweet-2010725307125506271,2026-03-06 11:27:20,推特,1247809987Com,'766345931725963264,Xandaz ⚙️,原创,Mon Jan 12 14:47:25 +0000 2026,,,,,,,,,1247809987Com,'766345931725963264,Xandaz ⚙️,Mon Jan 12 14:47:25 +0000 2026,'2010725307125506271,https://x.com/1247809987Com/status/2010725307125506271,Verifying my Twitter account for my #GalxeID gid:ba104311bcea81ad4f8c32e7dac3d814 @Galxe,0.0,0.0,0.0,58.0,en,,,,,,,,,,,,
tweet-2010719427168518597,2026-03-06 11:27:20,推特,1247809987Com,'766345931725963264,Xandaz ⚙️,转帖,Mon Jan 12 14:24:03 +0000 2026,,,,,,,,,RaxFinance,'1872191667010498560,RAX Finance,Mon Jan 12 12:18:01 +0000 2026,'2010687711175393748,https://x.com/RaxFinance/status/2010687711175393748,RAX Ascension party is live🔥we’ve formed an elite coalition with 12 Strategic Partners:@Bitbond  @ChiCha_Global  @FireverseV  @Didotxyz_  @Aicean_ai  @Metaone_world  @HolmesAI_  @GANA_Insight  @0xhares  @DEPaaS_Labs  @SmartAIHQExplore real products across the ecosystem and https://t.co/FrCmdOPZpL,333.0,786.0,949.0,32632.0,en,,,,,,,,,,,,
tweet-2009791539313319982,2026-03-06 11:27:20,推特,1247809987Com,'766345931725963264,Xandaz ⚙️,转帖,Sat Jan 10 00:56:57 +0000 2026,,,,,,,,,ferra_protocol,'1931924306831052800,Ferra,Fri Jan 09 04:14:32 +0000 2026,'2009478874959323166,https://x.com/ferra_protocol/status/2009478874959323166,Complete Beginner’s Guide: Initial Listing your Token on Ferra (Step-by-Step)Pool any Sui token. Anytime. Anywhere. Fully permissionless. Create your own pool → https://t.co/0SLgZygjhD https://t.co/JLkaI01aIx,1680.0,2137.0,2034.0,107435.0,en,,,,,,,,,,,,
tweet-2009392943367651601,2026-03-06 11:27:20,推特,1247809987Com,'766345931725963264,Xandaz ⚙️,原创,Thu Jan 08 22:33:05 +0000 2026,,,,,,,,,1247809987Com,'766345931725963264,Xandaz ⚙️,Thu Jan 08 22:33:05 +0000 2026,'2009392943367651601,https://x.com/1247809987Com/status/2009392943367651601,Verifying my Twitter account for my #GalxeID gid:f07505672591c595886ca15918288185 @Galxe,0.0,0.0,0.0,14.0,en,,,,,,,,,,,,
tweet-2009381477021319329,2026-03-06 11:27:20,推特,1247809987Com,'766345931725963264,Xandaz ⚙️,原创,Thu Jan 08 21:47:31 +0000 2026,,,,,,,,,1247809987Com,'766345931725963264,Xandaz ⚙️,Thu Jan 08 21:47:31 +0000 2026,'2009381477021319329,https://x.com/1247809987Com/status/2009381477021319329,I just claimed my ZTC tokens using the Zenchain Testnet Faucet! 🚀 Get yours now and start building on the most secure Bitcoin Layer 1. https://t.co/zwtGe5YGJW #Zenchain #Crypto #Blockchain,0.0,0.0,0.0,15.0,en,,,,,,,,,,,,
tweet-2009364641240207467,2026-03-06 11:27:20,推特,1247809987Com,'766345931725963264,Xandaz ⚙️,原创,Thu Jan 08 20:40:37 +0000 2026,,,,,,,,,1247809987Com,'766345931725963264,Xandaz ⚙️,Thu Jan 08 20:40:37 +0000 2026,'2009364641240207467,https://x.com/1247809987Com/status/2009364641240207467,Storm is coming 🌀@Stormrae_AI is transforming complex AI tasks into engaging consumer experiences.Just claimed my artefact and started accumulating shards.Claim yours 👉 https://t.co/RF0K3FZ2uk,0.0,0.0,0.0,14.0,en,,,,,,,,,,,,
tweet-2008907812638978389,2026-03-06 11:27:20,推特,1247809987Com,'766345931725963264,Xandaz ⚙️,转帖,Wed Jan 07 14:25:20 +0000 2026,,,,,,,,,ferra_protocol,'1931924306831052800,Ferra,Fri Oct 10 10:00:05 +0000 2025,'1976588539140722695,https://x.com/ferra_protocol/status/1976588539140722695,"Ferra's fueled.Announcing our $2M pre-seed round to build the dynamic liquidity layer on Sui, unifying DLMM, CLMM, DAMM DEX models plus a holistic DeFi toolkit.The round was led by @comma3vc, with participation from @SuiNetwork, @ArcheFund, @AntoraTech, @henrybuild from https://t.co/jh5s60NYGo",15510.0,11204.0,12982.0,154271.0,en,,,,,,,,,,,,
tweet-2008831108591558809,2026-03-06 11:27:20,推特,1247809987Com,'766345931725963264,Xandaz ⚙️,转帖,Wed Jan 07 09:20:33 +0000 2026,,,,,,,,,ant_fun_trade,'1877729167107895296,ANT.FUN OFFICIAL,Mon Jan 05 05:55:53 +0000 2026,'2008054827054768601,https://x.com/ant_fun_trade/status/2008054827054768601,"🎆2026 https://t.co/94Sdqkpp3D New Year Airdrop🎉Snag your slice of 10,000 $ANB rewards by finishing a few quick tasks: 🔶Connect your X account and follow @ant_fun_trade 🔶Retweet our post🔶Make your first trade on Web (0 fees!) or in the App🔶Invite friends and earn extra https://t.co/oQyycBSCAm",50383.0,259383.0,124939.0,4336524.0,en,,,,,,,,,,,,
tweet-2008693168758468885,2026-03-06 11:27:20,推特,1247809987Com,'766345931725963264,Xandaz ⚙️,转帖,Wed Jan 07 00:12:25 +0000 2026,,,,,,,,,LoraFinance,'1987755515993370624,Lora Finance,Tue Jan 06 15:50:40 +0000 2026,'2008566896636162068,https://x.com/LoraFinance/status/2008566896636162068,Renting upside is real.  No liquidation. No force-close.Shipping.  Enter waitlist → https://t.co/LnmZyKN9Nf https://t.co/1Ue0PR3afk,2950.0,4238.0,5353.0,142419.0,en,,,,,,,,,,,,
tweet-2008577221188087909,2026-03-06 11:27:20,推特,1247809987Com,'766345931725963264,Xandaz ⚙️,原创,Tue Jan 06 16:31:41 +0000 2026,,,,,,,,,1247809987Com,'766345931725963264,Xandaz ⚙️,Tue Jan 06 16:31:41 +0000 2026,'2008577221188087909,https://x.com/1247809987Com/status/2008577221188087909,I just joined the @MiracleTrade waitlist! Join me and get early access: https://t.co/8i2Dww6cdK,0.0,0.0,0.0,11.0,en,,,,,,,,,,,,
tweet-1533053310202019841,2026-03-06 11:29:10,推特,akrinic5517017,'1296121245818187776,akaiiii,转帖,Sat Jun 04 11:49:26 +0000 2022,,,,,,,,,anime_eupho,'2941313791,アニメ「響け！ユーフォニアム」公式,Sat Jun 04 09:53:40 +0000 2022,'1533024174398009344,https://x.com/anime_eupho/status/1533024174398009344,【特別告知🎺】🔶2023年 「アンサンブルコンテスト編」Blu-ray発売・劇場特別上映決定！🔶2024年 TVシリーズ「久美子3年生編」放送決定！▼特別告知🎞️https://t.co/5yjALyzvFc『響け！ユーフォニアム』完全新作の2作品にご期待ください！そして、次の曲が始まるのです――！#anime_eupho https://t.co/rwHKfEx9aj,495.0,25382.0,37427.0,,ja,,,,,,,,,,,,
tweet-1910537214196392361,2026-03-06 11:29:43,推特,manpengw,'1888446548864126976,z,原创,Fri Apr 11 03:35:42 +0000 2025,,,,,,,,,manpengw,'1888446548864126976,z,Fri Apr 11 03:35:42 +0000 2025,'1910537214196392361,https://x.com/manpengw/status/1910537214196392361,佛山175/138 反差小帅 15cm器大活好持久 会调教约个玩户外刺激或者剧情的女生 有兴趣的私 周末玩 https://t.co/aSHZZNFBS3,0.0,0.0,0.0,210.0,zh,,,,,,,,,,,,
tweet-1862110202419691860,2026-03-06 11:42:20,推特,limu03197311,'1585144852144357376,"limu(🎮,🟢",原创,Thu Nov 28 12:24:03 +0000 2024,,,,,,,,,limu03197311,'1585144852144357376,"limu(🎮,🟢",Thu Nov 28 12:24:03 +0000 2024,'1862110202419691860,https://x.com/limu03197311/status/1862110202419691860,"✺ I've just signed the bio/acc manifesto ✺It's time to accelerate the #bioacc movement - from wetware, to software to dreamware 🧪Join me in signing the manifesto and accelerating biotech ➠  https://t.co/EYfj6nSA5i",0.0,0.0,1.0,8.0,en,,,,,,,,,,,,
tweet-1850366349438259592,2026-03-06 11:42:20,推特,limu03197311,'1585144852144357376,"limu(🎮,🟢",转帖,Sun Oct 27 02:38:10 +0000 2024,,,,,,,,,deformapp,'1585455392980553730,DeForm,Sat Oct 19 01:44:13 +0000 2024,'1847453668087648479,https://x.com/deformapp/status/1847453668087648479,Earn more ✳️ POINTS 👉 https://t.co/2azpF5kwhH✳️ New @AbstractChain quests available! ✳️Learn about Panoramic Governance: A new mechanism that rewards both users and builders across a chain’s ecosystem.More info 👇 https://t.co/VEOXdIULIF,260.0,35811.0,5592.0,257094.0,en,,,,,,,,,,,,
tweet-1850366285160570965,2026-03-06 11:42:20,推特,limu03197311,'1585144852144357376,"limu(🎮,🟢",转帖,Sun Oct 27 02:37:55 +0000 2024,,,,,,,,,AbstractChain,'1806389563788587009,Abstract,Fri Oct 18 18:31:29 +0000 2024,'1847344769271263235,https://x.com/AbstractChain/status/1847344769271263235,"PG was researched and designed to solve the fundamental misalignment between users, builders, and governance.PG can be implemented on any L2 blockchain that has a native governance token and a sequencing system. Read the full research paper here: https://t.co/0hUB7i3yGr",1032.0,126456.0,34538.0,1024242.0,en,,,,,,,,,,,,
tweet-1846180017585508697,2026-03-06 11:42:20,推特,limu03197311,'1585144852144357376,"limu(🎮,🟢",转帖,Tue Oct 15 13:23:11 +0000 2024,,,,,,,,,vana,'1460528108952453120,vana,Wed Sep 18 04:47:18 +0000 2024,'1836265720159834495,https://x.com/vana/status/1836265720159834495,"Announcing $25M in total funding to break the data wall with user-owned AI. Excited to have @cbventures onboard, alongside @paradigm (Series A), and @polychain (Seed).AI is only as good as its training data. Vana unlocks data from walled gardens through the power of data DAOs. https://t.co/RW5v5KvxRc",626.0,19853.0,21332.0,1550337.0,en,,,,,,,,,,,,
tweet-1838126596882092237,2026-03-06 11:42:20,推特,limu03197311,'1585144852144357376,"limu(🎮,🟢",转帖,Mon Sep 23 08:01:46 +0000 2024,,,,,,,,,hemi_xyz,'1752768482045825024,Hemi,Thu Aug 08 17:40:29 +0000 2024,'1821602394989588770,https://x.com/hemi_xyz/status/1821602394989588770,"Thanks to an expanding crop of L2s, users no longer have to time simple financial transactions just to avoid expensive gas fees. But now that we’ve achieved scale, what are we going to do with it? L2s need to be more than a place to process simple transactions—they’re where https://t.co/aTfN3ngNVL",51.0,11781.0,8463.0,58880.0,en,,,,,,,,,,,,
tweet-1838126575121830202,2026-03-06 11:42:20,推特,limu03197311,'1585144852144357376,"limu(🎮,🟢",转帖,Mon Sep 23 08:01:40 +0000 2024,,,,,,,,,hemi_xyz,'1752768482045825024,Hemi,Thu Jul 25 14:46:22 +0000 2024,'1816485147887247418,https://x.com/hemi_xyz/status/1816485147887247418,Join our incentivized testnet today and start earning rewards for your contributions! Any activities you undertake (that we reward) will be counted towards your point total.Get started:https://t.co/QpprDKNE0D https://t.co/J0J4JPrYuP,63.0,11862.0,8554.0,381346.0,en,,,,,,,,,,,,
tweet-1838125883845906637,2026-03-06 11:42:20,推特,limu03197311,'1585144852144357376,"limu(🎮,🟢",转帖,Mon Sep 23 07:58:56 +0000 2024,,,,,,,,,hemi_xyz,'1752768482045825024,Hemi,Sun Aug 18 18:11:43 +0000 2024,'1825234135624884730,https://x.com/hemi_xyz/status/1825234135624884730,Let's talk software wallets and their role in cryptocurrency!🧵incoming...1/15 https://t.co/rHWXW47wIZ,59.0,16366.0,11255.0,65896.0,en,,,,,,,,,,,,
tweet-1838125866951315728,2026-03-06 11:42:20,推特,limu03197311,'1585144852144357376,"limu(🎮,🟢",转帖,Mon Sep 23 07:58:52 +0000 2024,,,,,,,,,hemi_xyz,'1752768482045825024,Hemi,Sat Aug 17 18:30:04 +0000 2024,'1824876366329708626,https://x.com/hemi_xyz/status/1824876366329708626,"Blockchains are immutable ledgers; they’re records of what happened and when. They’re not meant to be subjective. Yet that’s exactly what you’ll find on Proof-of-Stake (PoS) networks, which rely on weak subjectivity and social consensus.In this thread, we’ll explain what weak https://t.co/SGH8hXf6wS",43.0,16268.0,11114.0,63227.0,en,,,,,,,,,,,,
tweet-1838125850602205251,2026-03-06 11:42:20,推特,limu03197311,'1585144852144357376,"limu(🎮,🟢",转帖,Mon Sep 23 07:58:48 +0000 2024,,,,,,,,,hemi_xyz,'1752768482045825024,Hemi,Fri Aug 16 20:00:01 +0000 2024,'1824536611826307359,https://x.com/hemi_xyz/status/1824536611826307359,"Get to know Rick Laprade, community manager at @hemi_xyz 👋Fun Fact: Rick's a published comic book writer! 📚Follow Rick: @Haxan401 Learn more: https://t.co/DzeE2wLRa4 https://t.co/WTjo2AyJZh",49.0,16154.0,10972.0,60883.0,en,,,,,,,,,,,,
tweet-1838125827751575969,2026-03-06 11:42:20,推特,limu03197311,'1585144852144357376,"limu(🎮,🟢",转帖,Mon Sep 23 07:58:42 +0000 2024,,,,,,,,,hemi_xyz,'1752768482045825024,Hemi,Fri Aug 16 16:50:07 +0000 2024,'1824488824501596403,https://x.com/hemi_xyz/status/1824488824501596403,Learn how to rapidly develop and test apps 100% locally (via localnet) on the Hemi Network with Hemi engineer Clayton Northey!🗓️ August 29⏰ 2-3 pm ESTRegister: https://t.co/rgry2YMmk6 https://t.co/Cck7TrTEcn,47.0,16110.0,10938.0,66211.0,en,,,,,,,,,,,,
tweet-1838125804544467043,2026-03-06 11:42:20,推特,limu03197311,'1585144852144357376,"limu(🎮,🟢",转帖,Mon Sep 23 07:58:37 +0000 2024,,,,,,,,,hemi_xyz,'1752768482045825024,Hemi,Mon Aug 19 18:58:41 +0000 2024,'1825608342422647262,https://x.com/hemi_xyz/status/1825608342422647262,Psst...new quests just dropped on @Galxe 👀https://t.co/Wligx9pb9w,54.0,16168.0,11118.0,83023.0,en,,,,,,,,,,,,
tweet-1838125172349702212,2026-03-06 11:42:20,推特,limu03197311,'1585144852144357376,"limu(🎮,🟢",转帖,Mon Sep 23 07:56:06 +0000 2024,,,,,,,,,hemi_xyz,'1752768482045825024,Hemi,Fri Aug 09 19:40:39 +0000 2024,'1821995025087242273,https://x.com/hemi_xyz/status/1821995025087242273,"👋 Meet @bebegene, who does developer relations at Hemi.🌴 She’s a SoCal native who lives with her husky mix. 🎨 She’s passionate about tech, product design, painting, and sculpting.Follow Bebe ➡️ @bebegene https://t.co/POP3w9LJbD",64.0,17120.0,11898.0,69766.0,en,,,,,,,,,,,,
tweet-1838125154188357753,2026-03-06 11:42:20,推特,limu03197311,'1585144852144357376,"limu(🎮,🟢",转帖,Mon Sep 23 07:56:02 +0000 2024,,,,,,,,,hemi_xyz,'1752768482045825024,Hemi,Fri Aug 09 17:33:18 +0000 2024,'1821962976037134716,https://x.com/hemi_xyz/status/1821962976037134716,"ICYMI -- ""One of the questions we asked ourselves while designing and building Hemi was 'What do we want as developers that we currently do not have, even given the current energy and innovation in the L2 space?' This quickly opened up explorations of better ways to access BTC",91.0,17037.0,11877.0,67137.0,en,,,,,,,,,,,,
tweet-1838125135737581937,2026-03-06 11:42:20,推特,limu03197311,'1585144852144357376,"limu(🎮,🟢",转帖,Mon Sep 23 07:55:57 +0000 2024,,,,,,,,,hemi_xyz,'1752768482045825024,Hemi,Tue Aug 13 15:50:50 +0000 2024,'1823386738988822766,https://x.com/hemi_xyz/status/1823386738988822766,Web Mining on Hemi is easy...and it shows! 🧵Follow the steps below to get started 👇1/5 https://t.co/a3k3qWGw8s,56.0,16914.0,11950.0,71818.0,en,,,,,,,,,,,,
tweet-1838125117874028630,2026-03-06 11:42:20,推特,limu03197311,'1585144852144357376,"limu(🎮,🟢",转帖,Mon Sep 23 07:55:53 +0000 2024,,,,,,,,,hemi_xyz,'1752768482045825024,Hemi,Wed Aug 14 15:59:11 +0000 2024,'1823751229664559146,https://x.com/hemi_xyz/status/1823751229664559146,Hemi has teamed up with @swellnetworkio and @symbioticfi! Read all about it on our blog. or hang out for a 🧵.TLDR: Hemi will leverage Swell’s BTC LRT Vault on Symbiotic to source economic security for Hemi’s Bitcoin asset tunneling system.https://t.co/rglSVVao34 1/8,88.0,21637.0,14598.0,122473.0,en,,,,,,,,,,,,
tweet-1838125095216410953,2026-03-06 11:42:20,推特,limu03197311,'1585144852144357376,"limu(🎮,🟢",转帖,Mon Sep 23 07:55:48 +0000 2024,,,,,,,,,hemi_xyz,'1752768482045825024,Hemi,Mon Aug 12 13:14:29 +0000 2024,'1822985006295216178,https://x.com/hemi_xyz/status/1822985006295216178,🌄 GM! Have you found the Easter Eggs in the Hemi documentation? 🤔💭https://t.co/ghFXapUggE,86.0,17265.0,12239.0,70194.0,en,,,,,,,,,,,,
tweet-1838123954868994089,2026-03-06 11:42:20,推特,limu03197311,'1585144852144357376,"limu(🎮,🟢",转帖,Mon Sep 23 07:51:16 +0000 2024,,,,,,,,,puffer_unifi,'1824653212823195648,Puffer UniFi 🐡⛓️,Thu Sep 19 15:40:39 +0000 2024,'1836792530504941568,https://x.com/puffer_unifi/status/1836792530504941568,"🐡Puffer Power is HERE! 💪🚀 40 MILLION Puffer Points are up for grabs on @GalxeQuest! 🔥 Get ready for the TGE, Puffer UniFi Devnet, UniFi AVS, and Puffer V2! The excitement is REAL! 👀Start now and earn BIG 👇https://t.co/K2KLe6Ogq2 https://t.co/xF0hcUpmfq",234.0,38583.0,23126.0,1181137.0,en,,,,,,,,,,,,
tweet-1838123930613322032,2026-03-06 11:42:20,推特,limu03197311,'1585144852144357376,"limu(🎮,🟢",转帖,Mon Sep 23 07:51:10 +0000 2024,,,,,,,,,puffer_finance,'1600006045644066816,Puffer Finance 🐡,Mon Sep 16 15:20:19 +0000 2024,'1835700246967369752,https://x.com/puffer_finance/status/1835700246967369752,"🐡 UniFi AVS is coming! 💥Get ready for a game-changing innovation for Ethereum’s scalability, user experience, and decentralization.https://t.co/uBGigYem4fLet’s dive into what UniFi AVS is and why it matters 🧵👇1/8 https://t.co/ej48wIDOV1",245.0,38890.0,23466.0,880784.0,en,,,,,,,,,,,,
tweet-1835514033333813568,2026-03-06 11:42:20,推特,limu03197311,'1585144852144357376,"limu(🎮,🟢",转帖,Mon Sep 16 03:00:22 +0000 2024,,,,,,,,,humafinance,'1504853869397905408,Huma Finance,Fri Sep 13 14:57:33 +0000 2024,'1834607354945396753,https://x.com/humafinance/status/1834607354945396753,"To celebrate our $38M funding, we’ve launched our biggest campaign yet on @GalxeQuest! 🎉✅ Complete tasks to earn up to 10,000 Huma Points🎇Plus, a surprise bonus for our genesis community, if you hold the Humanity 2.0 NFTJoin the quest today! 👉 https://t.co/aMvnTm3hP2 https://t.co/1LKJXa8mic",70.0,6255.0,4943.0,128066.0,en,,,,,,,,,,,,
tweet-1835513679464546620,2026-03-06 11:42:20,推特,limu03197311,'1585144852144357376,"limu(🎮,🟢",转帖,Mon Sep 16 02:58:58 +0000 2024,,,,,,,,,humafinance,'1504853869397905408,Huma Finance,Wed Sep 11 12:14:07 +0000 2024,'1833841449609117840,https://x.com/humafinance/status/1833841449609117840,🔥Seize the opportunity to be an early driver of PayFi with Huma on Scroll! Join the campaign &amp;:- Earn up to 15% APY- Receive up to 7x Huma Points &amp; Scroll MarksDon’t miss out—help shape the future of global payments! Join today 👉 https://t.co/tcOpVM2ybB https://t.co/rtceKUXvLs,113.0,7113.0,5167.0,122053.0,en,,,,,,,,,,,,
tweet-2010352816435388836,2026-03-06 11:43:32,推特,czl218,'993684587975819264,CZL218,原创,Sun Jan 11 14:07:16 +0000 2026,,,,,,,,,czl218,'993684587975819264,CZL218,Sun Jan 11 14:07:16 +0000 2026,'2010352816435388836,https://x.com/czl218/status/2010352816435388836,🚀  我正在使用GMGN，快速交易，快速跟单，快速自动交易。钱包监控解锁扩容至 10000 个，毫秒级监控速度，实时捕捉聪明钱动向，一键快速交易👇🏻https://t.co/rGlLDmpZ7X#GMGN #FastTrade #MEME,0.0,0.0,0.0,3.0,zh,,,,,,,,,,,,
tweet-2010350121557578012,2026-03-06 11:43:32,推特,czl218,'993684587975819264,CZL218,原创,Sun Jan 11 13:56:34 +0000 2026,,,,,,,,,czl218,'993684587975819264,CZL218,Sun Jan 11 13:56:34 +0000 2026,'2010350121557578012,https://x.com/czl218/status/2010350121557578012,🚀  我正在使用GMGN，快速交易，快速跟单，快速自动交易。钱包监控解锁扩容至 10000 个，毫秒级监控速度，实时捕捉聪明钱动向，一键快速交易👇🏻https://t.co/rGlLDmqwXv#GMGN #FastTrade #MEME,0.0,0.0,0.0,2.0,zh,,,,,,,,,,,,
tweet-2009988429539623283,2026-03-06 11:43:32,推特,czl218,'993684587975819264,CZL218,原创,Sat Jan 10 13:59:20 +0000 2026,,,,,,,,,czl218,'993684587975819264,CZL218,Sat Jan 10 13:59:20 +0000 2026,'2009988429539623283,https://x.com/czl218/status/2009988429539623283,🚀  我正在使用GMGN，快速交易，快速跟单，快速自动交易。钱包监控解锁扩容至 10000 个，毫秒级监控速度，实时捕捉聪明钱动向，一键快速交易👇🏻https://t.co/rGlLDmqwXv#GMGN #FastTrade #MEME,0.0,0.0,0.0,3.0,zh,,,,,,,,,,,,
tweet-1399718416508932104,2026-03-06 11:43:32,推特,czl218,'993684587975819264,CZL218,原创,Tue Jun 01 13:24:10 +0000 2021,,,,,,,,,czl218,'993684587975819264,CZL218,Tue Jun 01 13:24:10 +0000 2021,'1399718416508932104,https://x.com/czl218/status/1399718416508932104,Presale Whitelist Open for KissMyMoon! Rocket https://t.co/keaJ3Wqsup | Kiss the moon together with KissMyMoon Rocket Link: https://t.co/ys6vY6MIXF #KissMyMoon #Doge #Shiba #Bitcoin #Eth #BSC #Safemoon #DeFi #Elon #Crypto,0.0,0.0,0.0,,en,,,,,,,,,,,,
tweet-1395602208905781264,2026-03-06 11:43:32,推特,czl218,'993684587975819264,CZL218,转帖,Fri May 21 04:47:50 +0000 2021,,,,,,,,,DefiNft,'1230177568390819843,Charged Particles,Fri May 21 00:20:27 +0000 2021,'1395534919766478853,https://x.com/DefiNft/status/1395534919766478853,"🚀 We are excited to announce the whitelist for our @polkastarter IDO is now open! 💥🕐 The whitelist opens today 20 May 2021 at 5 PM PST and will close on Tuesday, 25 May 2021 at 5 PM PST!#IDO $IONX #photonsKnow More👇https://t.co/IgndrQEb9x",1208.0,2432.0,5233.0,,en,,,,,,,,,,,,
tweet-1016499607939964929,2026-03-06 11:43:32,推特,czl218,'993684587975819264,CZL218,原创,Tue Jul 10 01:49:26 +0000 2018,,,,,,,,,czl218,'993684587975819264,CZL218,Tue Jul 10 01:49:26 +0000 2018,'1016499607939964929,https://x.com/czl218/status/1016499607939964929,Tweet The Following Message on your twitter account:Sharing Wi-Fi Starts With Sharing DWS Token Bounties !DWS is creating a new future in Wi-Fi Sharing Globally. Start by getting your first 1 DWS tokens for FREE ! Tag DWS Twitter at @dwswifi https://t.co/g1UqQB0zSs,0.0,0.0,0.0,,en,,,,,,,,,,,,
tweet-857101817729208320,2026-03-06 11:44:05,推特,rent4619,'856799686866251776,rent,原创,Wed Apr 26 05:19:32 +0000 2017,,,,,,,,,rent4619,'856799686866251776,rent,Wed Apr 26 05:19:32 +0000 2017,'857101817729208320,https://x.com/rent4619/status/857101817729208320,find agirl,0.0,0.0,0.0,,en,,,,,,,,,,,,
tweet-856801975983194112,2026-03-06 11:44:05,推特,rent4619,'856799686866251776,rent,原创,Tue Apr 25 09:28:04 +0000 2017,,,,,,,,,rent4619,'856799686866251776,rent,Tue Apr 25 09:28:04 +0000 2017,'856801975983194112,https://x.com/rent4619/status/856801975983194112,原來他們都用這個交友！7大外國人超愛用的交友APP-時尚新聞-GQ瀟灑男人網 https://t.co/lqsfsl6rys,0.0,0.0,0.0,,zh,,,,,,,,,,,,
tweet-1947441164845781353,2026-03-06 11:44:20,推特,aFRq0OVRFK83565,'1947095981125947392,。,原创,Mon Jul 21 23:38:50 +0000 2025,,,,,,,,,aFRq0OVRFK83565,'1947095981125947392,。,Mon Jul 21 23:38:50 +0000 2025,'1947441164845781353,https://x.com/aFRq0OVRFK83565/status/1947441164845781353,#新头像 https://t.co/MeZjqMtFxK,0.0,0.0,0.0,80.0,qme,,,,,,,,,,,,
tweet-1604702602133876736,2026-03-06 11:56:57,推特,daoqing9527,'1537994119150116864,道青,原创,Mon Dec 19 04:58:08 +0000 2022,,,,,,,,,daoqing9527,'1537994119150116864,道青,Mon Dec 19 04:58:08 +0000 2022,'1604702602133876736,https://x.com/daoqing9527/status/1604702602133876736,https://t.co/feSiwZ8pb9 https://t.co/t69JuBMZRP,0.0,0.0,0.0,12.0,zxx,,,,,,,,,,,,
tweet-1604702059034398721,2026-03-06 11:56:57,推特,daoqing9527,'1537994119150116864,道青,原创,Mon Dec 19 04:55:59 +0000 2022,,,,,,,,,daoqing9527,'1537994119150116864,道青,Mon Dec 19 04:55:59 +0000 2022,'1604702059034398721,https://x.com/daoqing9527/status/1604702059034398721,https://t.co/feSiwZ8pb9 https://t.co/ZnQf81TU48,0.0,0.0,0.0,11.0,zxx,,,,,,,,,,,,
tweet-1604701636768673792,2026-03-06 11:56:57,推特,daoqing9527,'1537994119150116864,道青,原创,Mon Dec 19 04:54:18 +0000 2022,,,,,,,,,daoqing9527,'1537994119150116864,道青,Mon Dec 19 04:54:18 +0000 2022,'1604701636768673792,https://x.com/daoqing9527/status/1604701636768673792,https://t.co/feSiwZ8pb9 https://t.co/oaP4NTj7r5,0.0,0.0,0.0,6.0,zxx,,,,,,,,,,,,
tweet-1471602200203857921,2026-03-06 11:57:50,推特,KxBcLD1KMVNEJ8c,'1355108851872219141,大灰狼,原创,Thu Dec 16 22:04:40 +0000 2021,,,,,,,,,KxBcLD1KMVNEJ8c,'1355108851872219141,大灰狼,Thu Dec 16 22:04:40 +0000 2021,'1471602200203857921,https://x.com/KxBcLD1KMVNEJ8c/status/1471602200203857921,欢迎姐姐们来我的小住所来玩，带上小玩具，带上专业知识妹妹也可以来嗷离得近我可以来接你们,0.0,0.0,1.0,,zh,,,,,,,,,,,,
tweet-1745703653045043486,2026-03-06 11:57:50,推特,KxBcLD1KMVNEJ8c,'1355108851872219141,大灰狼,原创,Fri Jan 12 07:05:59 +0000 2024,,,,,,,,,KxBcLD1KMVNEJ8c,'1355108851872219141,大灰狼,Fri Jan 12 07:05:59 +0000 2024,'1745703653045043486,https://x.com/KxBcLD1KMVNEJ8c/status/1745703653045043486,有没有美女一块金铲铲的，游戏就得一块happy,1.0,0.0,0.0,273.0,zh,,,,,,,,,,,,
tweet-1509921438538485762,2026-03-06 11:57:50,推特,KxBcLD1KMVNEJ8c,'1355108851872219141,大灰狼,原创,Fri Apr 01 15:51:38 +0000 2022,,,,,,,,,KxBcLD1KMVNEJ8c,'1355108851872219141,大灰狼,Fri Apr 01 15:51:38 +0000 2022,'1509921438538485762,https://x.com/KxBcLD1KMVNEJ8c/status/1509921438538485762,悄咪咪问一句，哪位小姐姐可以教我如何doing love，想要一位耐心的好老师呢 https://t.co/tdcoSy5uOi,0.0,0.0,0.0,,ja,,,,,,,,,,,,
tweet-1504334909774581760,2026-03-06 11:57:50,推特,KxBcLD1KMVNEJ8c,'1355108851872219141,大灰狼,原创,Thu Mar 17 05:52:46 +0000 2022,,,,,,,,,KxBcLD1KMVNEJ8c,'1355108851872219141,大灰狼,Thu Mar 17 05:52:46 +0000 2022,'1504334909774581760,https://x.com/KxBcLD1KMVNEJ8c/status/1504334909774581760,一个人，感受到了前所未有的孤独，快来找我聊天，一块玩游戏，玩任何事情噜噜噜 https://t.co/5DsXcwh4QV,0.0,0.0,0.0,,zh,,,,,,,,,,,,
tweet-1490948644215787522,2026-03-06 11:57:50,推特,KxBcLD1KMVNEJ8c,'1355108851872219141,大灰狼,原创,Tue Feb 08 07:20:31 +0000 2022,,,,,,,,,KxBcLD1KMVNEJ8c,'1355108851872219141,大灰狼,Tue Feb 08 07:20:31 +0000 2022,'1490948644215787522,https://x.com/KxBcLD1KMVNEJ8c/status/1490948644215787522,yyy啥意思,0.0,0.0,1.0,,ja,,,,,,,,,,,,
tweet-1471597095043821568,2026-03-06 11:57:50,推特,KxBcLD1KMVNEJ8c,'1355108851872219141,大灰狼,原创,Thu Dec 16 21:44:23 +0000 2021,,,,,,,,,KxBcLD1KMVNEJ8c,'1355108851872219141,大灰狼,Thu Dec 16 21:44:23 +0000 2021,'1471597095043821568,https://x.com/KxBcLD1KMVNEJ8c/status/1471597095043821568,想起以前的我，现在的我没人要了 https://t.co/2BaK67hft5,0.0,0.0,0.0,,zh,,,,,,,,,,,,
tweet-1423263043350265862,2026-03-06 11:57:50,推特,KxBcLD1KMVNEJ8c,'1355108851872219141,大灰狼,转帖,Thu Aug 05 12:42:07 +0000 2021,,,,,,,,,Mariko26893828,'1404976913408434176,Mariko,Thu Aug 05 03:44:13 +0000 2021,'1423127679902142464,https://x.com/Mariko26893828/status/1423127679902142464,转推就给哥哥口 https://t.co/wtOobQkpKO,0.0,41.0,79.0,,zh,,,,,,,,,,,,
tweet-1955363994736398645,2026-03-06 11:59:01,推特,lmngyu20865149,'1620468389935460357,李明月,原创,Tue Aug 12 20:21:19 +0000 2025,,,,,,,,,lmngyu20865149,'1620468389935460357,李明月,Tue Aug 12 20:21:19 +0000 2025,'1955363994736398645,https://x.com/lmngyu20865149/status/1955363994736398645,17岁的女友 眼镜反差婊 亲一下嘴摸一下就淫水直流的敏感骚货母狗 天天跟我在家偷偷做不敢出声 去了私影终于可以暴露骚逼本性 https://t.co/ohTczKVREN,0.0,1.0,8.0,468.0,zh,,,,,,,,,,,,
tweet-1921934139655073941,2026-03-06 12:00:20,推特,TLXRer,'1168679417704378370,deng,原创,Mon May 12 14:23:01 +0000 2025,,,,,,,,,TLXRer,'1168679417704378370,deng,Mon May 12 14:23:01 +0000 2025,'1921934139655073941,https://x.com/TLXRer/status/1921934139655073941,今日之太阳 https://t.co/ekpV9wfHNY,0.0,0.0,3.0,46.0,zh,,,,,,,,,,,,
tweet-1915742832603627555,2026-03-06 12:00:20,推特,TLXRer,'1168679417704378370,deng,原创,Fri Apr 25 12:20:58 +0000 2025,,,,,,,,,TLXRer,'1168679417704378370,deng,Fri Apr 25 12:20:58 +0000 2025,'1915742832603627555,https://x.com/TLXRer/status/1915742832603627555,https://t.co/tEUIUezSji,0.0,0.0,1.0,36.0,zxx,,,,,,,,,,,,
tweet-1912224444866834780,2026-03-06 12:00:20,推特,TLXRer,'1168679417704378370,deng,原创,Tue Apr 15 19:20:09 +0000 2025,,,,,,,,,TLXRer,'1168679417704378370,deng,Tue Apr 15 19:20:09 +0000 2025,'1912224444866834780,https://x.com/TLXRer/status/1912224444866834780,2025年4月16日太阳，LUNT LS50双滤 https://t.co/apzBVb7ECe,0.0,0.0,0.0,43.0,zh,,,,,,,,,,,,
tweet-1909512357060997596,2026-03-06 12:00:20,推特,TLXRer,'1168679417704378370,deng,原创,Tue Apr 08 07:43:17 +0000 2025,,,,,,,,,TLXRer,'1168679417704378370,deng,Tue Apr 08 07:43:17 +0000 2025,'1909512357060997596,https://x.com/TLXRer/status/1909512357060997596,这也算是LUNT LS50双滤第一次正式出图，还是没调得太好，天气也一般，等下次天气更好才能充分发挥了。 https://t.co/8X1xLfU0Qv,0.0,0.0,2.0,61.0,zh,,,,,,,,,,,,
tweet-1735932679856533872,2026-03-06 12:00:20,推特,TLXRer,'1168679417704378370,deng,原创,Sat Dec 16 07:59:37 +0000 2023,,,,,,,,,TLXRer,'1168679417704378370,deng,Sat Dec 16 07:59:37 +0000 2023,'1735932679856533872,https://x.com/TLXRer/status/1735932679856533872,2023年12月14日双子座流星雨，今年表现不错。 https://t.co/erI6XZJcJ9,1.0,3.0,17.0,518.0,zh,,,,,,,,,,,,
tweet-1726805564431221191,2026-03-06 12:00:20,推特,TLXRer,'1168679417704378370,deng,原创,Tue Nov 21 03:31:43 +0000 2023,,,,,,,,,TLXRer,'1168679417704378370,deng,Tue Nov 21 03:31:43 +0000 2023,'1726805564431221191,https://x.com/TLXRer/status/1726805564431221191,2023年11月18日 C14 木星，冲日过后，天气转冷，视宁差了许多，木星直径小了百分之一点多，但已经很明显，今年行星季应该就结束了。 https://t.co/kp1zrAEycx,0.0,2.0,21.0,344.0,zh,,,,,,,,,,,,
tweet-1724004706991886813,2026-03-06 12:00:20,推特,TLXRer,'1168679417704378370,deng,原创,Mon Nov 13 10:02:07 +0000 2023,,,,,,,,,TLXRer,'1168679417704378370,deng,Mon Nov 13 10:02:07 +0000 2023,'1724004706991886813,https://x.com/TLXRer/status/1724004706991886813,2023年11月5日 C14 木星，今晚的视宁比3号晚要稍胜一筹，可惜难以有连续的好视宁，只有一组RGB合成。 https://t.co/CKvWiIhP4m,0.0,2.0,21.0,348.0,zh,,,,,,,,,,,,
tweet-1723219773419385234,2026-03-06 12:00:20,推特,TLXRer,'1168679417704378370,deng,原创,Sat Nov 11 06:03:04 +0000 2023,,,,,,,,,TLXRer,'1168679417704378370,deng,Sat Nov 11 06:03:04 +0000 2023,'1723219773419385234,https://x.com/TLXRer/status/1723219773419385234,2023年11月2日 C14 木星，今天视宁尚可 https://t.co/MO9TwVGQvK,0.0,2.0,34.0,636.0,zh,,,,,,,,,,,,
tweet-1721481124776435937,2026-03-06 12:00:20,推特,TLXRer,'1168679417704378370,deng,原创,Mon Nov 06 10:54:18 +0000 2023,,,,,,,,,TLXRer,'1168679417704378370,deng,Mon Nov 06 10:54:18 +0000 2023,'1721481124776435937,https://x.com/TLXRer/status/1721481124776435937,2023年11月3日 C14 冲日木星 https://t.co/6weWrHrepG,2.0,18.0,88.0,2844.0,ja,,,,,,,,,,,,
tweet-1705464086799266067,2026-03-06 12:00:20,推特,TLXRer,'1168679417704378370,deng,原创,Sat Sep 23 06:08:18 +0000 2023,,,,,,,,,TLXRer,'1168679417704378370,deng,Sat Sep 23 06:08:18 +0000 2023,'1705464086799266067,https://x.com/TLXRer/status/1705464086799266067,2023年9月20日 C14 木星 https://t.co/KxmDsXvYKk,0.0,1.0,17.0,271.0,ja,,,,,,,,,,,,
tweet-1705067802309324903,2026-03-06 12:00:20,推特,TLXRer,'1168679417704378370,deng,原创,Fri Sep 22 03:53:37 +0000 2023,,,,,,,,,TLXRer,'1168679417704378370,deng,Fri Sep 22 03:53:37 +0000 2023,'1705067802309324903,https://x.com/TLXRer/status/1705067802309324903,2023年9月18日 C14 木星今年行星季第一次拍摄，视宁算是中等吧，效果是差强人意。 https://t.co/TQPFfF1vc2,1.0,3.0,30.0,1048.0,zh,,,,,,,,,,,,
tweet-1698300455405936819,2026-03-06 12:00:20,推特,TLXRer,'1168679417704378370,deng,原创,Sun Sep 03 11:42:36 +0000 2023,,,,,,,,,TLXRer,'1168679417704378370,deng,Sun Sep 03 11:42:36 +0000 2023,'1698300455405936819,https://x.com/TLXRer/status/1698300455405936819,2023年8月30日 C14 土星，冲日三天后的土星，视宁一般，效果也远不如月初。 https://t.co/Y8FhWg2JUh,0.0,1.0,6.0,141.0,zh,,,,,,,,,,,,
tweet-1687792899252158464,2026-03-06 12:00:20,推特,TLXRer,'1168679417704378370,deng,原创,Sat Aug 05 11:49:19 +0000 2023,,,,,,,,,TLXRer,'1168679417704378370,deng,Sat Aug 05 11:49:19 +0000 2023,'1687792899252158464,https://x.com/TLXRer/status/1687792899252158464,2023年8月4日 C14 土星 https://t.co/e4MCtzg4J9,0.0,3.0,11.0,341.0,ja,,,,,,,,,,,,
tweet-1683082874625425409,2026-03-06 12:00:20,推特,TLXRer,'1168679417704378370,deng,原创,Sun Jul 23 11:53:22 +0000 2023,,,,,,,,,TLXRer,'1168679417704378370,deng,Sun Jul 23 11:53:22 +0000 2023,'1683082874625425409,https://x.com/TLXRer/status/1683082874625425409,2023年7月22日 C14 土星 https://t.co/gAi9JU9w9T,0.0,5.0,47.0,1901.0,ja,,,,,,,,,,,,
tweet-1678058323177000961,2026-03-06 12:00:20,推特,TLXRer,'1168679417704378370,deng,原创,Sun Jul 09 15:07:35 +0000 2023,,,,,,,,,TLXRer,'1168679417704378370,deng,Sun Jul 09 15:07:35 +0000 2023,'1678058323177000961,https://x.com/TLXRer/status/1678058323177000961,2023年7月8日 C14 土星终于能清晰拍到恩缝，但今年挑战还是很大，C14也略显口径不足。 https://t.co/ptT2qhpXaF,1.0,3.0,29.0,912.0,zh,,,,,,,,,,,,
tweet-1665071727154700288,2026-03-06 12:00:20,推特,TLXRer,'1168679417704378370,deng,原创,Sat Jun 03 19:03:29 +0000 2023,,,,,,,,,TLXRer,'1168679417704378370,deng,Sat Jun 03 19:03:29 +0000 2023,'1665071727154700288,https://x.com/TLXRer/status/1665071727154700288,2023年5月30日 C14 土星 https://t.co/IrLc8EaIpQ,0.0,3.0,15.0,496.0,ja,,,,,,,,,,,,
tweet-1633050775315435526,2026-03-06 12:00:20,推特,TLXRer,'1168679417704378370,deng,原创,Tue Mar 07 10:23:40 +0000 2023,,,,,,,,,TLXRer,'1168679417704378370,deng,Tue Mar 07 10:23:40 +0000 2023,'1633050775315435526,https://x.com/TLXRer/status/1633050775315435526,2023.03.02金星合木星 https://t.co/3icVo45BZP,0.0,1.0,11.0,206.0,ja,,,,,,,,,,,,
tweet-1603367270494851072,2026-03-06 12:00:20,推特,TLXRer,'1168679417704378370,deng,原创,Thu Dec 15 12:32:01 +0000 2022,,,,,,,,,TLXRer,'1168679417704378370,deng,Thu Dec 15 12:32:01 +0000 2022,'1603367270494851072,https://x.com/TLXRer/status/1603367270494851072,前两天拍的双子座流星雨，昨晚最大时有云，效果不太好 https://t.co/pGRvI2Xog0,0.0,1.0,3.0,,zh,,,,,,,,,,,,
tweet-1601492756748460032,2026-03-06 12:00:20,推特,TLXRer,'1168679417704378370,deng,原创,Sat Dec 10 08:23:22 +0000 2022,,,,,,,,,TLXRer,'1168679417704378370,deng,Sat Dec 10 08:23:22 +0000 2022,'1601492756748460032,https://x.com/TLXRer/status/1601492756748460032,2022年12月8日 C14 火星冲日 https://t.co/NUH8HQ6QVm,0.0,6.0,41.0,,ja,,,,,,,,,,,,
tweet-1600811136709906432,2026-03-06 12:00:20,推特,TLXRer,'1168679417704378370,deng,原创,Thu Dec 08 11:14:51 +0000 2022,,,,,,,,,TLXRer,'1168679417704378370,deng,Thu Dec 08 11:14:51 +0000 2022,'1600811136709906432,https://x.com/TLXRer/status/1600811136709906432,2022年12月7日 C14 火星 https://t.co/jEL34vbfFf,1.0,5.0,54.0,,ja,,,,,,,,,,,,
tweet-2015116481911197954,2026-03-06 12:11:33,推特,jcw46767926,'1358464551532916736,男娘姐姐专属瑟硬狮,原创,Sat Jan 24 17:36:22 +0000 2026,,,,,,,,,jcw46767926,'1358464551532916736,男娘姐姐专属瑟硬狮,Sat Jan 24 17:36:22 +0000 2026,'2015116481911197954,https://x.com/jcw46767926/status/2015116481911197954,今天拍了两位非常漂亮的cd老师，一位是我喜欢了很久的浠浠老师 @CDlucy223 @ii2k777 #cd #ts #男娘 https://t.co/XRb58hem7q,15.0,71.0,865.0,114308.0,zh,,,,,,,,,,,,
tweet-2026472416374042970,2026-03-06 12:11:33,推特,jcw46767926,'1358464551532916736,男娘姐姐专属瑟硬狮,原创,Wed Feb 25 01:40:48 +0000 2026,,,,,,,,,jcw46767926,'1358464551532916736,男娘姐姐专属瑟硬狮,Wed Feb 25 01:40:48 +0000 2026,'2026472416374042970,https://x.com/jcw46767926/status/2026472416374042970,今天打卡大长腿姐姐的第二期，嘿嘿嘿 @xingzi147 😈#ts #cd #男娘 #大长腿 https://t.co/W3OnazD9DX,2.0,0.0,7.0,1177.0,zh,,,,,,,,,,,,
tweet-2016387812300357724,2026-03-06 12:11:33,推特,jcw46767926,'1358464551532916736,男娘姐姐专属瑟硬狮,原创,Wed Jan 28 05:48:11 +0000 2026,,,,,,,,,jcw46767926,'1358464551532916736,男娘姐姐专属瑟硬狮,Wed Jan 28 05:48:11 +0000 2026,'2016387812300357724,https://x.com/jcw46767926/status/2016387812300357724,糟糕，遇到天赋怪了 #cd #ts #男娘 #女装大佬 #大长腿 https://t.co/CYV55kBJR7,4.0,2.0,60.0,8651.0,zh,,,,,,,,,,,,
tweet-2015918632027759020,2026-03-06 12:11:33,推特,jcw46767926,'1358464551532916736,男娘姐姐专属瑟硬狮,转帖,Mon Jan 26 22:43:50 +0000 2026,,,,,,,,,CDlucy223,'1454181159349407753,浠浠、,Mon Jan 26 11:30:07 +0000 2026,'2015749085022826797,https://x.com/CDlucy223/status/2015749085022826797,看着镜子里反射出的另一个我感觉好微妙😲 https://t.co/lHrsviNySH,15.0,44.0,589.0,45626.0,zh,,,,,,,,,,,,
tweet-2015305765330817473,2026-03-06 12:11:33,推特,jcw46767926,'1358464551532916736,男娘姐姐专属瑟硬狮,转帖,Sun Jan 25 06:08:31 +0000 2026,,,,,,,,,ii2k777,'1952710189024690176,一只白(互推版),Sun Jan 25 03:34:47 +0000 2026,'2015267074978037834,https://x.com/ii2k777/status/2015267074978037834,和我的浠❤️@CDlucy223 摄影师加🍗@jcw46767926 #男娘 #反差 #cdts #漏出 https://t.co/eFnRtYCREE,12.0,45.0,464.0,45126.0,zh,,,,,,,,,,,,
tweet-2012969369475965289,2026-03-06 12:11:33,推特,jcw46767926,'1358464551532916736,男娘姐姐专属瑟硬狮,原创,Sun Jan 18 19:24:31 +0000 2026,,,,,,,,,jcw46767926,'1358464551532916736,男娘姐姐专属瑟硬狮,Sun Jan 18 19:24:31 +0000 2026,'2012969369475965289,https://x.com/jcw46767926/status/2012969369475965289,今天又拍到一位漂亮的大姐姐，好开心！！！#cd #ts #男娘ᅠ https://t.co/kA360k9L8v,3.0,0.0,41.0,9345.0,zh,,,,,,,,,,,,
tweet-2003218143041454490,2026-03-06 12:11:33,推特,jcw46767926,'1358464551532916736,男娘姐姐专属瑟硬狮,原创,Mon Dec 22 21:36:37 +0000 2025,,,,,,,,,jcw46767926,'1358464551532916736,男娘姐姐专属瑟硬狮,Mon Dec 22 21:36:37 +0000 2025,'2003218143041454490,https://x.com/jcw46767926/status/2003218143041454490,有约到一位漂亮的ts姐拍照📸#ts #cd #男娘 https://t.co/gi1SJCWaqc,4.0,1.0,10.0,8090.0,zh,,,,,,,,,,,,
tweet-1941920787247845865,2026-03-06 12:11:33,推特,jcw46767926,'1358464551532916736,男娘姐姐专属瑟硬狮,原创,Sun Jul 06 18:02:49 +0000 2025,,,,,,,,,jcw46767926,'1358464551532916736,男娘姐姐专属瑟硬狮,Sun Jul 06 18:02:49 +0000 2025,'1941920787247845865,https://x.com/jcw46767926/status/1941920787247845865,紫色真的好看，好看 #cd #ts #女装大佬 #伪娘 https://t.co/0LWFPJxxnA,1.0,1.0,29.0,9739.0,ja,,,,,,,,,,,,
tweet-1940451037590245531,2026-03-06 12:11:33,推特,jcw46767926,'1358464551532916736,男娘姐姐专属瑟硬狮,原创,Wed Jul 02 16:42:33 +0000 2025,,,,,,,,,jcw46767926,'1358464551532916736,男娘姐姐专属瑟硬狮,Wed Jul 02 16:42:33 +0000 2025,'1940451037590245531,https://x.com/jcw46767926/status/1940451037590245531,广州佛山男娘ts姐姐约拍dd #ts #cd #男娘 #女装大佬 #广州ts #广州cd #佛山ts #佛山cd https://t.co/8GR6Kyv1Gy,0.0,1.0,16.0,8071.0,zh,,,,,,,,,,,,
profile-conversation-2029771837549838346,2026-03-06 12:11:33,推特,jcw46767926,'1358464551532916736,男娘姐姐专属瑟硬狮,回复,Fri Apr 25 20:01:54 +0000 2025,'1915858830572872042,https://x.com/jcw46767926/status/1915858830572872042,兄弟们，这个系列快要发完了，还没找到下一位，丸辣😱😱😱,0.0,0.0,0.0,6660.0,zh,,,,,,,Warning：原帖已被删除，或原帖作者账号设置了限制，甚至是原帖作者账号被官方冻结、删除！,,,,,,,,,,,,,,,,,
profile-conversation-2029771837549838347,2026-03-06 12:11:33,推特,jcw46767926,'1358464551532916736,男娘姐姐专属瑟硬狮,回复,Wed Apr 16 12:14:21 +0000 2025,'1912479677408813552,https://x.com/jcw46767926/status/1912479677408813552,需要拍照的姐姐，dd我，广州佛山,0.0,0.0,0.0,6607.0,zh,,,,,,,Warning：原帖已被删除，或原帖作者账号设置了限制，甚至是原帖作者账号被官方冻结、删除！,,,,,,,,,,,,,,,,,
tweet-1910073417266569259,2026-03-06 12:11:33,推特,jcw46767926,'1358464551532916736,男娘姐姐专属瑟硬狮,转帖,Wed Apr 09 20:52:44 +0000 2025,,,,,,,,,pinuocao1999,'1682314156433879041,正装男孩,Wed Apr 09 10:31:56 +0000 2025,'1909917187243917630,https://x.com/pinuocao1999/status/1909917187243917630,13分钟打飞机纯享版。。。 看过的都算是我老粉了 https://t.co/ZDdjv7iKJ4,46.0,840.0,6590.0,845442.0,zh,,,,,,,,,,,,
tweet-1908617590349439216,2026-03-06 12:11:33,推特,jcw46767926,'1358464551532916736,男娘姐姐专属瑟硬狮,转帖,Sat Apr 05 20:27:48 +0000 2025,,,,,,,,,apint0beer,'1231684058750414848,魔法鮪魚,Sun Mar 30 05:28:44 +0000 2025,'1906217007088832986,https://x.com/apint0beer/status/1906217007088832986,我带把的哦 https://t.co/TygMfBVgAD,38.0,105.0,1599.0,166942.0,zh,,,,,,,,,,,,
tweet-1904296968685547692,2026-03-06 12:11:33,推特,jcw46767926,'1358464551532916736,男娘姐姐专属瑟硬狮,转帖,Mon Mar 24 22:19:12 +0000 2025,,,,,,,,,cjzc_tt,'1236884854442037248,辣锅七,Mon Mar 24 10:50:36 +0000 2025,'1904123678557962595,https://x.com/cjzc_tt/status/1904123678557962595,老七秘制小🍔 https://t.co/W75IlgMecO,76.0,448.0,3659.0,273715.0,ja,,,,,,,,,,,,
tweet-1903920085187936305,2026-03-06 12:11:33,推特,jcw46767926,'1358464551532916736,男娘姐姐专属瑟硬狮,转帖,Sun Mar 23 21:21:36 +0000 2025,,,,,,,,,calmjinnabre,'1113031353249947648,小樱🌸,Sun Mar 23 12:54:42 +0000 2025,'1903792523279294634,https://x.com/calmjinnabre/status/1903792523279294634,小樱（S版）：“贱狗把嘴张开接住老子赏给你的尿。”#男娘 #伪娘 #男M #女攻男受 #伪娘cd #撒尿 #圣水 https://t.co/ttfFwo2tRN,13.0,82.0,794.0,110713.0,zh,,,,,,,,,,,,
tweet-1903795307990876642,2026-03-06 12:11:33,推特,jcw46767926,'1358464551532916736,男娘姐姐专属瑟硬狮,转帖,Sun Mar 23 13:05:46 +0000 2025,,,,,,,,,jcw46767926,'1358464551532916736,男娘姐姐专属瑟硬狮,Sun Mar 09 06:34:17 +0000 2025,'1898623354795643211,https://x.com/jcw46767926/status/1898623354795643211,@lachenybbms2 摄影专业的小白，想尝试拍一下广州佛山的男娘姐姐,4.0,1.0,5.0,16051.0,zh,,,,,,,,,,,,
tweet-1695724135966502955,2026-03-06 12:12:12,推特,ceshiyou,'1695709688560594945,ceshi,转帖,Sun Aug 27 09:05:13 +0000 2023,,,,,,,,,realDonaldTrump,'25073877,Donald J. Trump,Fri Aug 25 01:38:08 +0000 2023,'1694886846050771321,https://x.com/realDonaldTrump/status/1694886846050771321,https://t.co/MlIKklPSJT https://t.co/Mcbf2xozsY,315370.0,369091.0,1811804.0,336612963.0,zxx,,,,,,,,,,,,
tweet-1931402697694998814,2026-03-06 12:12:58,推特,ovoX0X,'1225280851916640257,涵涵ovo,原创,Sat Jun 07 17:27:41 +0000 2025,,,,,,,,,ovoX0X,'1225280851916640257,涵涵ovo,Sat Jun 07 17:27:41 +0000 2025,'1931402697694998814,https://x.com/ovoX0X/status/1931402697694998814,怎么这么贱呢？ https://t.co/0Pxzjc1gVd,0.0,0.0,1.0,35.0,zh,,,,,,,,,,,,
tweet-1981930086879420538,2026-03-06 12:13:26,推特,bbhouou,'1800588630379155457,欧欧bbh,原创,Sat Oct 25 03:45:29 +0000 2025,,,,,,,,,bbhouou,'1800588630379155457,欧欧bbh,Sat Oct 25 03:45:29 +0000 2025,'1981930086879420538,https://x.com/bbhouou/status/1981930086879420538,#baekhyun_reverie 백현이 나에게 con 티켓을 줄 수 있나요? https://t.co/5xVhppAir3,0.0,0.0,0.0,8.0,ko,,,,,,,,,,,,
tweet-1830490675173093886,2026-03-06 12:13:26,推特,bbhouou,'1800588630379155457,欧欧bbh,原创,Mon Sep 02 06:19:20 +0000 2024,,,,,,,,,bbhouou,'1800588630379155457,欧欧bbh,Mon Sep 02 06:19:20 +0000 2024,'1830490675173093886,https://x.com/bbhouou/status/1830490675173093886,https://t.co/n5vZTTzWgP,0.0,0.0,0.0,37.0,zxx,,,,,,,,,,,,
tweet-1805535633433313408,2026-03-06 12:13:26,推特,bbhouou,'1800588630379155457,欧欧bbh,原创,Tue Jun 25 09:36:54 +0000 2024,,,,,,,,,bbhouou,'1800588630379155457,欧欧bbh,Tue Jun 25 09:36:54 +0000 2024,'1805535633433313408,https://x.com/bbhouou/status/1805535633433313408,"Beakhyun呐, 이게 귀여운 너 아니야？😍😍@B_hundred_hyun https://t.co/p5eKEts8Nd",0.0,0.0,0.0,6.0,ko,,,,,,,,,,,,
tweet-1805535300661526716,2026-03-06 12:13:26,推特,bbhouou,'1800588630379155457,欧欧bbh,原创,Tue Jun 25 09:35:35 +0000 2024,,,,,,,,,bbhouou,'1800588630379155457,欧欧bbh,Tue Jun 25 09:35:35 +0000 2024,'1805535300661526716,https://x.com/bbhouou/status/1805535300661526716,Love this part😍😍😍@B_hundred_hyun https://t.co/tZvRc912vc,0.0,0.0,0.0,5.0,en,,,,,,,,,,,,
tweet-2024061083879886876,2026-03-06 12:14:12,推特,lili11451419191,'2000130251565985792,漓漓,原创,Wed Feb 18 09:59:02 +0000 2026,,,,,,,,,lili11451419191,'2000130251565985792,漓漓,Wed Feb 18 09:59:02 +0000 2026,'2024061083879886876,https://x.com/lili11451419191/status/2024061083879886876,普普通通的cos照#明日方舟 #cos https://t.co/T5gsZviVXk,0.0,0.0,5.0,191.0,ja,,,,,,,,,,,,
tweet-2016192491876450678,2026-03-06 12:14:12,推特,lili11451419191,'2000130251565985792,漓漓,原创,Tue Jan 27 16:52:03 +0000 2026,,,,,,,,,lili11451419191,'2000130251565985792,漓漓,Tue Jan 27 16:52:03 +0000 2026,'2016192491876450678,https://x.com/lili11451419191/status/2016192491876450678,https://t.co/X3O6jfdS5w,0.0,0.0,3.0,114.0,zxx,,,,,,,,,,,,
tweet-2015729775638356165,2026-03-06 12:14:12,推特,lili11451419191,'2000130251565985792,漓漓,原创,Mon Jan 26 10:13:23 +0000 2026,,,,,,,,,lili11451419191,'2000130251565985792,漓漓,Mon Jan 26 10:13:23 +0000 2026,'2015729775638356165,https://x.com/lili11451419191/status/2015729775638356165,看我大牛牛 https://t.co/a4B8L2eobn,1.0,0.0,3.0,147.0,zh,,,,,,,,,,,,
tweet-2015345639509651604,2026-03-06 12:14:12,推特,lili11451419191,'2000130251565985792,漓漓,原创,Sun Jan 25 08:46:58 +0000 2026,,,,,,,,,lili11451419191,'2000130251565985792,漓漓,Sun Jan 25 08:46:58 +0000 2026,'2015345639509651604,https://x.com/lili11451419191/status/2015345639509651604,谁懂我的xp🤤🤤小腹太涩了吧 https://t.co/9rSUfLojHu,0.0,0.0,2.0,104.0,zh,,,,,,,,,,,,
tweet-2013661745521316015,2026-03-06 12:14:12,推特,lili11451419191,'2000130251565985792,漓漓,原创,Tue Jan 20 17:15:46 +0000 2026,,,,,,,,,lili11451419191,'2000130251565985792,漓漓,Tue Jan 20 17:15:46 +0000 2026,'2013661745521316015,https://x.com/lili11451419191/status/2013661745521316015,我让ai给我p个大雷，好像p过头了说是 https://t.co/uVMkTCVdD5,1.0,0.0,2.0,114.0,zh,,,,,,,,,,,,
tweet-2013129435474809080,2026-03-06 12:14:12,推特,lili11451419191,'2000130251565985792,漓漓,原创,Mon Jan 19 06:00:34 +0000 2026,,,,,,,,,lili11451419191,'2000130251565985792,漓漓,Mon Jan 19 06:00:34 +0000 2026,'2013129435474809080,https://x.com/lili11451419191/status/2013129435474809080,做1不持久 做0不耐干，做t肌腱炎，做p夹不住，做s会笑场 做m会还手 做sb刚刚好 https://t.co/df8Z62iBxn,0.0,1.0,6.0,878.0,zh,,,,,,,,,,,,
tweet-2010273520111255726,2026-03-06 12:14:12,推特,lili11451419191,'2000130251565985792,漓漓,原创,Sun Jan 11 08:52:10 +0000 2026,,,,,,,,,lili11451419191,'2000130251565985792,漓漓,Sun Jan 11 08:52:10 +0000 2026,'2010273520111255726,https://x.com/lili11451419191/status/2010273520111255726,#男娘coser  #cosplay #黑丝腿控 #明日方舟 https://t.co/mpYZAGWcg0,1.0,0.0,7.0,715.0,qme,,,,,,,,,,,,
tweet-2009567444583752191,2026-03-06 12:14:12,推特,lili11451419191,'2000130251565985792,漓漓,原创,Fri Jan 09 10:06:29 +0000 2026,,,,,,,,,lili11451419191,'2000130251565985792,漓漓,Fri Jan 09 10:06:29 +0000 2026,'2009567444583752191,https://x.com/lili11451419191/status/2009567444583752191,男人也可以拥有s型身材吗 https://t.co/4yXebBlTnS,2.0,1.0,12.0,1049.0,zh,,,,,,,,,,,,
tweet-2008521106995769591,2026-03-06 12:14:12,推特,lili11451419191,'2000130251565985792,漓漓,原创,Tue Jan 06 12:48:43 +0000 2026,,,,,,,,,lili11451419191,'2000130251565985792,漓漓,Tue Jan 06 12:48:43 +0000 2026,'2008521106995769591,https://x.com/lili11451419191/status/2008521106995769591,我是莫提斯，多首的怪物#若叶睦 #cosplay #MyGO https://t.co/N0oOlSLBsL,1.0,2.0,9.0,602.0,ja,,,,,,,,,,,,
tweet-2008067104575299775,2026-03-06 12:14:12,推特,lili11451419191,'2000130251565985792,漓漓,原创,Mon Jan 05 06:44:40 +0000 2026,,,,,,,,,lili11451419191,'2000130251565985792,漓漓,Mon Jan 05 06:44:40 +0000 2026,'2008067104575299775,https://x.com/lili11451419191/status/2008067104575299775,好尴尬，有人找我扩列结果我发错qq号了）,1.0,0.0,0.0,262.0,zh,,,,,,,,,,,,
tweet-2008025442784321545,2026-03-06 12:14:12,推特,lili11451419191,'2000130251565985792,漓漓,原创,Mon Jan 05 03:59:07 +0000 2026,,,,,,,,,lili11451419191,'2000130251565985792,漓漓,Mon Jan 05 03:59:07 +0000 2026,'2008025442784321545,https://x.com/lili11451419191/status/2008025442784321545,你们不觉得地雷妹很可爱吗🤤🤤🤤我下次也想cos地雷系角色，好戳我xp🥰🥰🥰 https://t.co/r1qbY9aCyq,1.0,0.0,8.0,1215.0,zh,,,,,,,,,,,,
tweet-2007716359250247956,2026-03-06 12:14:12,推特,lili11451419191,'2000130251565985792,漓漓,原创,Sun Jan 04 07:30:56 +0000 2026,,,,,,,,,lili11451419191,'2000130251565985792,漓漓,Sun Jan 04 07:30:56 +0000 2026,'2007716359250247956,https://x.com/lili11451419191/status/2007716359250247956,自我介绍喵cn漓漓～ 同好可以扩，互fo个人不太擅长聊天 但对上话题会一直聊（）私信看到了基本都会回除了骚扰喜欢的话可以赞助一下主播吗cosplay好贵（）赞赏码会去买考斯普雷 和吃的喝的（）欢迎小可爱来扩列～ https://t.co/HvXJYj1y83,4.0,9.0,28.0,5202.0,zh,,,,,,,,,,,,
tweet-2003265072815309185,2026-03-06 12:14:12,推特,lili11451419191,'2000130251565985792,漓漓,转帖,Tue Dec 23 00:43:06 +0000 2025,,,,,,,,,mo4katuo7,'1679759866049753089,絵星カツオ🪼@フリーホラーゲーム制作中,Mon Dec 22 08:51:44 +0000 2025,'2003025650937164052,https://x.com/mo4katuo7/status/2003025650937164052,ばかいぬ🌸 #まのさば二次創作 https://t.co/oOrZ3fvaZg,3.0,541.0,4398.0,59893.0,ja,,,,,,,,,,,,
tweet-2002936790697804197,2026-03-06 12:14:12,推特,lili11451419191,'2000130251565985792,漓漓,转帖,Mon Dec 22 02:58:38 +0000 2025,,,,,,,,,messeduppcs,'1525509510495969280,messed up computers,Sun Dec 21 02:07:01 +0000 2025,'2002561413215134054,https://x.com/messeduppcs/status/2002561413215134054,https://t.co/Q9WzXzfj4Z,198.0,4014.0,119172.0,1369455.0,zxx,,,,,,,,,,,,
tweet-2002361953344164223,2026-03-06 12:14:12,推特,lili11451419191,'2000130251565985792,漓漓,转帖,Sat Dec 20 12:54:26 +0000 2025,,,,,,,,,KgadiyaLeshaban,'831914183172169728,Ms Momo,Fri Dec 19 12:39:46 +0000 2025,'2001995876806566197,https://x.com/KgadiyaLeshaban/status/2001995876806566197,Terrible accident on the R25 😌 https://t.co/qNjdQz324j,2621.0,11993.0,127021.0,6715161.0,en,,,,,,,,,,,,
tweet-2001162880834732475,2026-03-06 12:14:12,推特,lili11451419191,'2000130251565985792,漓漓,转帖,Wed Dec 17 05:29:45 +0000 2025,,,,,,,,,psomkar1,'1721932998176849921,Omkar,Tue Dec 16 17:16:34 +0000 2025,'2000978369803116614,https://x.com/psomkar1/status/2000978369803116614,I found the bug in my code https://t.co/aINWjNOcQy,221.0,4730.0,38723.0,429651.0,en,,,,,,,,,,,,
tweet-2000541766949474355,2026-03-06 12:14:12,推特,lili11451419191,'2000130251565985792,漓漓,转帖,Mon Dec 15 12:21:40 +0000 2025,,,,,,,,,nonsrnn,'1831753201982611456,八代,Mon Dec 15 08:38:52 +0000 2025,'2000485700412862692,https://x.com/nonsrnn/status/2000485700412862692,https://t.co/M0b3HgqkMw,0.0,68.0,961.0,13175.0,zxx,,,,,,,,,,,,
tweet-2000141847512179141,2026-03-06 12:14:12,推特,lili11451419191,'2000130251565985792,漓漓,转帖,Sun Dec 14 09:52:31 +0000 2025,,,,,,,,,r_e_mimimi,'159691911,さくら兎れみ,Thu Dec 11 09:18:48 +0000 2025,'1999046197181661227,https://x.com/r_e_mimimi/status/1999046197181661227,メイド委員長でした🐰#今年も残りわずかなので今年一番伸びた絵を貼る https://t.co/utpUntWjbE,5.0,475.0,7023.0,76625.0,ja,,,,,,,,,,,,
tweet-1629715832367636482,2026-03-06 12:16:19,推特,WILLIAMCHAN_,'853451562135412736,Kazu_レジェオ,转帖,Sun Feb 26 05:31:47 +0000 2023,,,,,,,,,1995idol,'1548896407545085952,菊 @固ツイ見てください .ᐟ.ᐟ,Thu Feb 23 03:19:24 +0000 2023,'1628595354118819840,https://x.com/1995idol/status/1628595354118819840,12/31以降の公式マリウス・セクゾFCアーティスト選択・ノンノ3月号メンバーからマリウスへ・セクゾFC動画5人ドーム・セクゾFC動画5人旅・ジャニーズweb匂わせ・セクゾインスタマイクにマリウスの名前・セクゾインライマリウス見てる〜？・ザ・ハイライト円盤通常盤←ꫛꫀꪝ✧‧˚,0.0,1.0,2.0,1456.0,ja,,,,,,,,,,,,
tweet-1607967336941912066,2026-03-06 12:16:19,推特,WILLIAMCHAN_,'853451562135412736,Kazu_レジェオ,转帖,Wed Dec 28 05:11:02 +0000 2022,,,,,,,,,uparupagao,'1196592114936643584,うーぱー,Tue Dec 27 23:58:03 +0000 2022,'1607888571008159745,https://x.com/uparupagao/status/1607888571008159745,最高に楽しい卒業旅行（引率は馴染みの先生）、ずっと残る卒業アルバム（インスタ）、全国の人に見守られながらの卒業式（カウコン）、ずっと夢に描いていた場所での卒業記念公演（５人の東京ドーム）。これは完全に最高の形での「卒業」以外の何物でもない。そんな風に思わせてくれてありがとう。,0.0,144.0,1116.0,181695.0,ja,,,,,,,,,,,,
tweet-1537460655229267968,2026-03-06 12:16:19,推特,WILLIAMCHAN_,'853451562135412736,Kazu_レジェオ,转帖,Thu Jun 16 15:42:39 +0000 2022,,,,,,,,,arashi5official,'1167010648410091520,ARASHI,Thu Jun 16 15:00:14 +0000 2022,'1537449981124431874,https://x.com/arashi5official/status/1537449981124431874,"⁡にの、お誕生日おめでとう！Happy Birthday,Nino!#嵐 #ARASHI #Nino https://t.co/OxhJaoCObg",5006.0,47495.0,231927.0,,ja,,,,,,,,,,,,
tweet-1510633583740067851,2026-03-06 12:16:19,推特,WILLIAMCHAN_,'853451562135412736,Kazu_レジェオ,转帖,Sun Apr 03 15:01:27 +0000 2022,,,,,,,,,Ayase_0404,'1090060469606338561,Ayase,Sun Apr 03 15:00:49 +0000 2022,'1510633426260357129,https://x.com/Ayase_0404/status/1510633426260357129,俺爆誕,995.0,1892.0,32509.0,,ja,,,,,,,,,,,,
tweet-1474569729482592256,2026-03-06 12:16:19,推特,WILLIAMCHAN_,'853451562135412736,Kazu_レジェオ,转帖,Sat Dec 25 02:36:34 +0000 2021,,,,,,,,,YOASOBI_staff,'1178872236351971328,YOASOBI,Sat Dec 25 02:00:24 +0000 2021,'1474560627578650628,https://x.com/YOASOBI_staff/status/1474560627578650628,【🎄YOASOBIからの🎁】特別賞をいただいた第63回『輝く！日本レコード大賞』YOASOBIは怪物https://t.co/mgIEV4PDO2優しい彗星https://t.co/bqRicBk6W2もしも命が描けたらhttps://t.co/vtQgnvReQlの3曲をTV初披露させていただきます🌙12月30日17:30〜放送！贅沢すぎる夜！お楽しみに🔥 https://t.co/xaOvSyvb0U,93.0,1712.0,9524.0,,ja,,,,,,,,,,,,
tweet-1405331555191431168,2026-03-06 12:16:19,推特,WILLIAMCHAN_,'853451562135412736,Kazu_レジェオ,原创,Thu Jun 17 01:08:47 +0000 2021,,,,,,,,,WILLIAMCHAN_,'853451562135412736,Kazu_レジェオ,Thu Jun 17 01:08:47 +0000 2021,'1405331555191431168,https://x.com/WILLIAMCHAN_/status/1405331555191431168,ニノさんお誕生日おめでとう🎊🎁🎉,0.0,0.0,0.0,,ja,,,,,,,,,,,,
tweet-1405331445174788098,2026-03-06 12:16:19,推特,WILLIAMCHAN_,'853451562135412736,Kazu_レジェオ,转帖,Thu Jun 17 01:08:20 +0000 2021,,,,,,,,,arashi5official,'1167010648410091520,ARASHI,Thu Jun 17 01:00:00 +0000 2021,'1405329345770442752,https://x.com/arashi5official/status/1405329345770442752,"ニノ、お誕生日おめでとう！Happy Birthday, Nino!#嵐 #ARASHI https://t.co/MJYANDRgOY",5274.0,44057.0,213807.0,,ja,,,,,,,,,,,,
tweet-1190811071256252416,2026-03-06 12:16:19,推特,WILLIAMCHAN_,'853451562135412736,Kazu_レジェオ,转帖,Sun Nov 03 02:00:58 +0000 2019,,,,,,,,,arashi5official,'1167010648410091520,ARASHI,Sun Nov 03 02:00:05 +0000 2019,'1190810850421927937,https://x.com/arashi5official/status/1190810850421927937,Twitterはじめました～みんなと今まで以上に身近に、より早くつながれるように！僕らについてきてね!!!!!Hello Twitter!  We wanted to get closer to our fans across the world.  Come along with us!!!!!        #嵐 #ARASHI https://t.co/yDQ5PZiITk,16942.0,156770.0,458941.0,,ja,,,,,,,,,,,,
tweet-853452627526402048,2026-03-06 12:16:19,推特,WILLIAMCHAN_,'853451562135412736,Kazu_レジェオ,原创,Sun Apr 16 03:38:57 +0000 2017,,,,,,,,,WILLIAMCHAN_,'853451562135412736,Kazu_レジェオ,Sun Apr 16 03:38:57 +0000 2017,'853452627526402048,https://x.com/WILLIAMCHAN_/status/853452627526402048,https://t.co/5mBJNpNbBy,0.0,0.0,2.0,,zxx,,,,,,,,,,,,
tweet-2011103876011999673,2026-03-06 12:27:20,推特,cbc10032,'1948364047134683136,cbcc10032,转帖,Tue Jan 13 15:51:43 +0000 2026,,,,,,,,,UnitasLabs,'1930625039306747904,Unitas Labs,Mon Jan 12 09:50:02 +0000 2026,'2010650468696179076,https://x.com/UnitasLabs/status/2010650468696179076,Our exclusive Booster Campaign with @BinanceWallet goes live today!Complete Phase 1 tasks to qualify for rewards:🔷Social quests🔷Staking USDu🔷Binance Alpha PointsEligible users receive $UP token allocations.Learn more 🔽 https://t.co/w2rc9BzWut,2356.0,70496.0,13109.0,699044.0,en,,,,,,,,,,,,
tweet-2003006444736765955,2026-03-06 12:27:20,推特,cbc10032,'1948364047134683136,cbcc10032,转帖,Mon Dec 22 07:35:25 +0000 2025,,,,,,,,,BitwayOfficial,'1475044530244419589,Bitway,Mon Dec 22 06:20:02 +0000 2025,'2002987475535642764,https://x.com/BitwayOfficial/status/2002987475535642764,"Introducing Bitway: The Internet Capital Gateway for On-Chain FinanceIncubated and backed by @yzilabs via @EASYResidency Season 1, Bitway is founded by early members of Binance Labs and Chainspace, the blockchain scalability project later acquired by Facebook.Bitway serves as https://t.co/XeJ1THPuTF",1956.0,77138.0,11862.0,673918.0,en,,,,,,,,,,,,
tweet-2002544463177224532,2026-03-06 12:27:20,推特,cbc10032,'1948364047134683136,cbcc10032,转帖,Sun Dec 21 00:59:40 +0000 2025,,,,,,,,,BinanceWallet,'1400391752368992260,Binance Wallet,Sat Dec 20 11:12:14 +0000 2025,'2002336233490702656,https://x.com/BinanceWallet/status/2002336233490702656,Top 10 Updates of 2025 1️⃣ Multi-platform: Web &amp; Extension2️⃣ Advanced data tools: Signals &amp; Tracker3️⃣ Diverse trading options: Meme Rush &amp; Limit Order4️⃣ Alpha Trading: Point &amp; Event5️⃣ Booster Program6️⃣ Stock Token7️⃣ Binance Wallet Referral 8️⃣ Secure Auto-Sign9️⃣ Multiple https://t.co/NuZAQ8KwCl,3969.0,33589.0,13127.0,721221.0,en,,,,,,,,,,,,
tweet-1988883845698007467,2026-03-06 12:27:20,推特,cbc10032,'1948364047134683136,cbcc10032,转帖,Thu Nov 13 08:17:15 +0000 2025,,,,,,,,,TreehouseFi,'1371771070571683841,Treehouse,Wed Nov 12 09:00:09 +0000 2025,'1988532255241945296,https://x.com/TreehouseFi/status/1988532255241945296,"🌳 tETH Turns One: A ReviewIn one year, $tETH has grown to 81K+ ETH ($300M) in TVL, 47K+ users, and 2 chains, delivering on its promise of steady, low-volatility yield.But the real story isn’t just returns.It’s how the strategy held strong through DeFi’s “hard mode.” 🧵👇 https://t.co/NMS9oQ3HQK",1359.0,94066.0,13066.0,791854.0,en,,,,,,,,,,,,
tweet-1988883808855134720,2026-03-06 12:27:20,推特,cbc10032,'1948364047134683136,cbcc10032,转帖,Thu Nov 13 08:17:06 +0000 2025,,,,,,,,,TreehouseFi,'1371771070571683841,Treehouse,Mon Nov 10 10:01:23 +0000 2025,'1987822890629357746,https://x.com/TreehouseFi/status/1987822890629357746,"🌳 TIP 4: TREE BuybacksA new TIP proposal is live to allocate 50% of MEY fees from $tETH toward $TREE buybacks.Acquired TREE will be held in a designated address managed by the DAO Treasury, strengthening long-term alignment between protocol growth and tokenholder value. 🧵👇 https://t.co/2hIf0A1ge9",1197.0,94189.0,12705.0,912654.0,en,,,,,,,,,,,,
tweet-1988883765507092930,2026-03-06 12:27:20,推特,cbc10032,'1948364047134683136,cbcc10032,转帖,Thu Nov 13 08:16:56 +0000 2025,,,,,,,,,TreehouseFi,'1371771070571683841,Treehouse,Wed Oct 08 06:31:12 +0000 2025,'1975811197175013427,https://x.com/TreehouseFi/status/1975811197175013427,"🌳 Q3 2025 was Treehouse’s biggest quarter yet.We launched $TREE through Gaia TGE, expanded tAssets across major protocols and chains, and saw real-world adoption of DOR with institutional integrations.Here’s everything we built this quarter. 🧵👇https://t.co/SC5srbfA6p https://t.co/hHFBmRP59o",1371.0,94239.0,12917.0,515198.0,en,,,,,,,,,,,,
tweet-1986047077575716889,2026-03-06 12:27:20,推特,cbc10032,'1948364047134683136,cbcc10032,转帖,Wed Nov 05 12:24:56 +0000 2025,,,,,,,,,zkPass,'1506532533365886981,zkPass,Wed Nov 05 11:50:24 +0000 2025,'1986038386214486326,https://x.com/zkPass/status/1986038386214486326,"zkPass × @BinanceWallet Booster Program - Phase 1 Goes Live→ Starts Nov 5, 12:00 UTC→ Eligibility: Users with 61 + Alpha Points→ Rewards: 10,000,000 $ZKP→ Complete verifiable quests, power your proofs with VOLEitH, and earn what you prove.Proof is the new Alpha. 🌐 ✅ https://t.co/Pnabp8f7IF",1983.0,97792.0,17994.0,939424.0,en,,,,,,,,,,,,
tweet-1983456858364113405,2026-03-06 12:27:20,推特,cbc10032,'1948364047134683136,cbcc10032,转帖,Wed Oct 29 08:52:20 +0000 2025,,,,,,,,,pieverse_io,'1846966319251705857,pieverse,Tue Oct 28 08:46:07 +0000 2025,'1983092903963701635,https://x.com/pieverse_io/status/1983092903963701635,"🚀 Phase 4 of the Pieverse x @BinanceWallet Booster Campaign is LIVE!The final phase begins and the future of timestamped, verifiable payments continues.🎁 30,000,000 $PIEVERSE (3% of the total initial supply) will be distributed across 4 phases of this campaign.🗓️ Phase 4 https://t.co/DVXTdFYPJX",2885.0,103518.0,19896.0,1142474.0,en,,,,,,,,,,,,
tweet-1976888738036040084,2026-03-06 12:27:20,推特,cbc10032,'1948364047134683136,cbcc10032,转帖,Sat Oct 11 05:52:58 +0000 2025,,,,,,,,,r3vl_xyz,'1090286948894326785,Reveel,Mon Oct 06 14:04:13 +0000 2025,'1975200425931669657,https://x.com/r3vl_xyz/status/1975200425931669657,"Milestone unlocked: 500,000 registered Stablecoin IDs 🟩Half a million people now moving money with universal identityThis is just the beginning. https://t.co/6eqNJBmjdj",4362.0,103071.0,20514.0,1094167.0,en,,,,,,,,,,,,
tweet-1972972971863282121,2026-03-06 12:27:20,推特,cbc10032,'1948364047134683136,cbcc10032,转帖,Tue Sep 30 10:33:07 +0000 2025,,,,,,,,,turtledotxyz,'1769392048392531968,Turtle,Mon Sep 29 11:59:45 +0000 2025,'1972632386845237344,https://x.com/turtledotxyz/status/1972632386845237344,"We’re proud to introduce $TURTLE - the foundational token for onchain liquidity.Built to align LPs, partners, and protocols under one standard. https://t.co/aOeskUrcNX",4674.0,137942.0,27516.0,1682297.0,en,,,,,,,,,,,,
tweet-1972972932742914161,2026-03-06 12:27:20,推特,cbc10032,'1948364047134683136,cbcc10032,转帖,Tue Sep 30 10:32:57 +0000 2025,,,,,,,,,turtledotxyz,'1769392048392531968,Turtle,Tue Sep 30 07:36:57 +0000 2025,'1972928641274441810,https://x.com/turtledotxyz/status/1972928641274441810,Turtle × @binance Booster ProgramJoin the campaign to earn exclusive $TURTLE rewards.Take part through social tasks or by depositing USDT on BSC.,6026.0,138215.0,26909.0,1694596.0,en,,,,,,,,,,,,
tweet-1972928687755636932,2026-03-06 12:27:20,推特,cbc10032,'1948364047134683136,cbcc10032,转帖,Tue Sep 30 07:37:09 +0000 2025,,,,,,,,,codatta_io,'1715696651669827584,Codatta,Fri Sep 26 06:33:42 +0000 2025,'1971463170796790061,https://x.com/codatta_io/status/1971463170796790061,"🚀 Codatta Booster Campaign Season 3 Week 4 is LIVE!The grand finale is here — dive into hands-on challenges across AI, robotics, food and crypto 🌐👥 Join the Telegram Community📩 Link Email to Codatta🧠 Find the AI’s Factual Mistake🍲 Upload &amp; Annotate Food Images🤖 https://t.co/UUDM8mzBfH",1729.0,69597.0,11950.0,637860.0,en,,,,,,,,,,,,
tweet-1972925785821618353,2026-03-06 12:27:20,推特,cbc10032,'1948364047134683136,cbcc10032,转帖,Tue Sep 30 07:25:37 +0000 2025,,,,,,,,,BASCAN_io,'1674737220169895936,BAS(BNB Attestation Service),Tue Sep 30 06:59:38 +0000 2025,'1972919248419967112,https://x.com/BASCAN_io/status/1972919248419967112,"🟠BAS Booster Program x @BinanceWallet — Season 3 Week 2 Kicks Off!▫️9.30, 15:00 （UTC+8） →  10.07, 15:00 （UTC+8）▫️Reward Pool: 50,000,000 (0.5%) $BAS▫️Eligibility: 61+ Alpha PointsThis Week’s Tasks:▫️Hold ≥ 3000+ BAS in past 7 days — share 12.5M BAS▫️Buy ≥ 1000 https://t.co/BeMrwPTVLr",1165.0,70406.0,9357.0,596484.0,en,,,,,,,,,,,,
tweet-1972667998910783701,2026-03-06 12:27:20,推特,cbc10032,'1948364047134683136,cbcc10032,转帖,Mon Sep 29 14:21:15 +0000 2025,,,,,,,,,r3vl_xyz,'1090286948894326785,Reveel,Mon Sep 29 12:00:06 +0000 2025,'1972632473382338920,https://x.com/r3vl_xyz/status/1972632473382338920,"🟩 Phase 4 $REVA Quests are liveMore tasks, more rewards, more ways to stack $REVAHere’s your mission log for this week 👇 https://t.co/yhYrqJ0OUo",2057.0,69430.0,12191.0,598185.0,en,,,,,,,,,,,,
tweet-1970369312977494071,2026-03-06 12:27:20,推特,cbc10032,'1948364047134683136,cbcc10032,转帖,Tue Sep 23 06:07:06 +0000 2025,,,,,,,,,BASCAN_io,'1674737220169895936,BAS(BNB Attestation Service),Tue Sep 23 04:48:41 +0000 2025,'1970349576461889876,https://x.com/BASCAN_io/status/1970349576461889876,"🟠BAS Booster Program x @BinanceWallet — Season 3 Week 1 Kicks Off!▫️9.23, 13:00 UTC+8 → 9.30, 13:00 UTC+8▫️Reward Pool: 50,000,000 (0.5%) $BAS▫️Eligibility: 61+ Alpha PointsThis week’s tasks:▫️Hold ≥ 3000+ BAS in past 7 days — share 12.5M BAS▫️Buy≥ 1000 BAS in past 7 https://t.co/4ImhXaAaVq",1330.0,69584.0,9876.0,527035.0,en,,,,,,,,,,,,
tweet-1968643062831177908,2026-03-06 12:27:20,推特,cbc10032,'1948364047134683136,cbcc10032,转帖,Thu Sep 18 11:47:36 +0000 2025,,,,,,,,,Astra__Nova,'1339642152930795520,Astra Nova,Mon Jun 30 16:03:24 +0000 2025,'1939716406846927359,https://x.com/Astra__Nova/status/1939716406846927359,"Entertainment is being rebuilt.By players, creators, and AI.Welcome to Astra Nova The world's first AI Entertainment Ecosystem ✨🔸 Built on intelligence🔸 Powered by live products🔸 Fueled by $RVV💠 Explore Our Ecosystem:🕹️ https://t.co/qnMBG2jieR – Launch viral, https://t.co/ULvR9RfPPM",3173.0,114107.0,24115.0,1008010.0,en,,,,,,,,,,,,
tweet-1968643018556055859,2026-03-06 12:27:20,推特,cbc10032,'1948364047134683136,cbcc10032,转帖,Thu Sep 18 11:47:25 +0000 2025,,,,,,,,,TokenplayAI,'1923426251576053760,TokenPlay.ai,Thu Jun 19 15:58:34 +0000 2025,'1935728924375515451,https://x.com/TokenplayAI/status/1935728924375515451,Build. Launch. Monetize. 🕹️Turn your community into an arcade — in seconds. ⚡No code. AI-powered.Welcome to https://t.co/bZNDHlUJXg🚨 250K+ have already joined the waitlist — don’t miss your chance!Loading ■■■■▢▢▢▢▢▢ https://t.co/0jaLcFMmjo,3292.0,113923.0,22669.0,748574.0,en,,,,,,,,,,,,
tweet-1967196594073444548,2026-03-06 12:27:20,推特,cbc10032,'1948364047134683136,cbcc10032,转帖,Sun Sep 14 11:59:51 +0000 2025,,,,,,,,,codatta_io,'1715696651669827584,Codatta,Fri Sep 12 06:29:16 +0000 2025,'1966388624045596889,https://x.com/codatta_io/status/1966388624045596889,"🚀 Codatta Booster Campaign Season 3 Week 3 is LIVE!This week, dive into hands-on challenges across AI, robotics, food, crypto, and on-chain verification — your mission starts now! 🌐📝 Complete Model Comparison Challenge🍲 Upload &amp; Annotate Food Images🤖 Label Robotics https://t.co/A1ayZzFIGT",1453.0,59952.0,9617.0,519246.0,en,,,,,,,,,,,,
tweet-1963918473110729103,2026-03-06 12:27:20,推特,cbc10032,'1948364047134683136,cbcc10032,转帖,Fri Sep 05 10:53:46 +0000 2025,,,,,,,,,codatta_io,'1715696651669827584,Codatta,Fri Sep 05 06:36:27 +0000 2025,'1963853718132342934,https://x.com/codatta_io/status/1963853718132342934,"🚀 Codatta Booster Campaign Season 3 Week 2 is LIVE!This week’s focus: Advancing Knowledge &amp; Data Across Life, Robotics &amp; Crypto 🌐 From knowledge assessment to real-world annotation — the challenge starts now!📝 Take the Annotator Knowledge Test🍲 Upload &amp; Annotate Food https://t.co/ND8BX4DPHb",1211.0,62574.0,8644.0,409786.0,en,,,,,,,,,,,,
tweet-1962441444842778664,2026-03-06 12:27:20,推特,cbc10032,'1948364047134683136,cbcc10032,转帖,Mon Sep 01 09:04:35 +0000 2025,,,,,,,,,pieverse_io,'1846966319251705857,pieverse,Mon Sep 01 08:50:58 +0000 2025,'1962438017932746761,https://x.com/pieverse_io/status/1962438017932746761,"The Pieverse Booster Campaign will be LIVE in 10min!Your mission for Phase 1:✅Complete quests and interact with the Pieverse platform🎁 30M $PIEVERSE is available to early supporters🔑 Access the campaign by logging in to your @BinanceWallet account, heading to the https://t.co/wD7Pk3WbaK",1264.0,63803.0,9863.0,637420.0,en,,,,,,,,,,,,
tweet-2027223851944517701,2026-03-06 12:30:09,推特,weinspection,'1664186655350087680,WEINSPECTION,原创,Fri Feb 27 03:26:44 +0000 2026,,,,,,,,,weinspection,'1664186655350087680,WEINSPECTION,Fri Feb 27 03:26:44 +0000 2026,'2027223851944517701,https://x.com/weinspection/status/2027223851944517701,"Dear Customers,Our Weinspection team will participate in team-building activities from March 6th to 8th. Please submit inspection requests in advance for smooth processing.Thank you for your understanding — we’re building a stronger team to serve you better. https://t.co/xEv5LDYPH3",0.0,0.0,0.0,5.0,en,,,,,,,,,,,,
tweet-2026601721750069281,2026-03-06 12:30:09,推特,weinspection,'1664186655350087680,WEINSPECTION,原创,Wed Feb 25 10:14:37 +0000 2026,,,,,,,,,weinspection,'1664186655350087680,WEINSPECTION,Wed Feb 25 10:14:37 +0000 2026,'2026601721750069281,https://x.com/weinspection/status/2026601721750069281,"Calibration of inspection equipment is not only a technical process, but also a commitment to data quality and a guarantee of customer. https://t.co/3EdhSpxmh3",0.0,0.0,0.0,3.0,en,,,,,,,,,,,,
tweet-2026216244358299963,2026-03-06 12:30:09,推特,weinspection,'1664186655350087680,WEINSPECTION,原创,Tue Feb 24 08:42:52 +0000 2026,,,,,,,,,weinspection,'1664186655350087680,WEINSPECTION,Tue Feb 24 08:42:52 +0000 2026,'2026216244358299963,https://x.com/weinspection/status/2026216244358299963,Back to work!Good luck working start! https://t.co/FNwCXLXkvX,0.0,0.0,0.0,1.0,en,,,,,,,,,,,,
tweet-2019618023624392819,2026-03-06 12:30:09,推特,weinspection,'1664186655350087680,WEINSPECTION,原创,Fri Feb 06 03:43:54 +0000 2026,,,,,,,,,weinspection,'1664186655350087680,WEINSPECTION,Fri Feb 06 03:43:54 +0000 2026,'2019618023624392819,https://x.com/weinspection/status/2019618023624392819,"February 5, 2026We conducted technical training on television inspection for our customer service personnel, aiming to build a professional team of technical consultants! https://t.co/ESssjHbwPA",0.0,0.0,0.0,4.0,en,,,,,,,,,,,,
tweet-2016697540100706519,2026-03-06 12:30:09,推特,weinspection,'1664186655350087680,WEINSPECTION,原创,Thu Jan 29 02:18:56 +0000 2026,,,,,,,,,weinspection,'1664186655350087680,WEINSPECTION,Thu Jan 29 02:18:56 +0000 2026,'2016697540100706519,https://x.com/weinspection/status/2016697540100706519,"As the Spring Festival holiday approaches,the countdown to product shipment is on!The professional inspection team of WEINSPECTION will guard the quality of your products and facilitate smooth delivery before the holiday.Need inspection ? Contact us at: cs@weinspection.com https://t.co/O9mJ9uvMik",0.0,0.0,0.0,4.0,en,,,,,,,,,,,,
tweet-2014647362413793353,2026-03-06 12:30:09,推特,weinspection,'1664186655350087680,WEINSPECTION,原创,Fri Jan 23 10:32:16 +0000 2026,,,,,,,,,weinspection,'1664186655350087680,WEINSPECTION,Fri Jan 23 10:32:16 +0000 2026,'2014647362413793353,https://x.com/weinspection/status/2014647362413793353,"WEINSPECTION | 2026 Spring Festival Holiday Notice:Holiday time: Feb.15-23, 2026 (9 days)Work Days: Feb.14 (Sat.) &amp; Feb.28 (Sat.)If there are special circumstances, please communicatein advance. https://t.co/fYg0TW5eDf",0.0,0.0,0.0,6.0,en,,,,,,,,,,,,
tweet-2014285584534249939,2026-03-06 12:30:09,推特,weinspection,'1664186655350087680,WEINSPECTION,原创,Thu Jan 22 10:34:41 +0000 2026,,,,,,,,,weinspection,'1664186655350087680,WEINSPECTION,Thu Jan 22 10:34:41 +0000 2026,'2014285584534249939,https://x.com/weinspection/status/2014285584534249939,"2026.01.22Thematic Training: Overview of the STURDY Act(Stop Tip - overs of Unstable, Risky Dressers on Youth) https://t.co/fr26OPDUO5",0.0,0.0,0.0,5.0,en,,,,,,,,,,,,
tweet-2013550137914654895,2026-03-06 12:30:09,推特,weinspection,'1664186655350087680,WEINSPECTION,原创,Tue Jan 20 09:52:17 +0000 2026,,,,,,,,,weinspection,'1664186655350087680,WEINSPECTION,Tue Jan 20 09:52:17 +0000 2026,'2013550137914654895,https://x.com/weinspection/status/2013550137914654895,"At WEINSPECTION, we believe that team cohesion is the greatest foundation for personal growth.Every word shared on camera reflects our recognition of the team and our conviction for the future.Grow with WE, and become a better version of yourself. https://t.co/x3iUlw0dBQ",0.0,0.0,0.0,6.0,en,,,,,,,,,,,,
tweet-2013549078831845641,2026-03-06 12:30:09,推特,weinspection,'1664186655350087680,WEINSPECTION,原创,Tue Jan 20 09:48:04 +0000 2026,,,,,,,,,weinspection,'1664186655350087680,WEINSPECTION,Tue Jan 20 09:48:04 +0000 2026,'2013549078831845641,https://x.com/weinspection/status/2013549078831845641,"Educational growth, worry-free safety.Contact us for compliance inspection. https://t.co/dPbk8TIv0h",0.0,0.0,0.0,3.0,en,,,,,,,,,,,,
tweet-2013125943619911834,2026-03-06 12:30:09,推特,weinspection,'1664186655350087680,WEINSPECTION,原创,Mon Jan 19 05:46:41 +0000 2026,,,,,,,,,weinspection,'1664186655350087680,WEINSPECTION,Mon Jan 19 05:46:41 +0000 2026,'2013125943619911834,https://x.com/weinspection/status/2013125943619911834,We’re delighted to have expanded our office space and added an outdoor activity platform for employees! https://t.co/NmyOyH1tKD,0.0,0.0,0.0,2.0,en,,,,,,,,,,,,
tweet-2011617836482117922,2026-03-06 12:30:09,推特,weinspection,'1664186655350087680,WEINSPECTION,原创,Thu Jan 15 01:54:00 +0000 2026,,,,,,,,,weinspection,'1664186655350087680,WEINSPECTION,Thu Jan 15 01:54:00 +0000 2026,'2011617836482117922,https://x.com/weinspection/status/2011617836482117922,"Focusing on the Hong Kong Toys &amp; Games Fair, the WEINSPECTION Product Technical Manager disassembles the core points of new product inspection on-site, customizes and upgrades training content, and builds a solid defense for new product quality. https://t.co/rl2gUoafsd",0.0,0.0,0.0,14.0,en,,,,,,,,,,,,
tweet-2011267003563327916,2026-03-06 12:30:09,推特,weinspection,'1664186655350087680,WEINSPECTION,原创,Wed Jan 14 02:39:55 +0000 2026,,,,,,,,,weinspection,'1664186655350087680,WEINSPECTION,Wed Jan 14 02:39:55 +0000 2026,'2011267003563327916,https://x.com/weinspection/status/2011267003563327916,Let’s share the Inspection Experience in Hong Kong Toys&amp;Games fair! https://t.co/9MKvIB4Gio,0.0,0.0,0.0,12.0,en,,,,,,,,,,,,
tweet-2010971010137546932,2026-03-06 12:30:09,推特,weinspection,'1664186655350087680,WEINSPECTION,原创,Tue Jan 13 07:03:45 +0000 2026,,,,,,,,,weinspection,'1664186655350087680,WEINSPECTION,Tue Jan 13 07:03:45 +0000 2026,'2010971010137546932,https://x.com/weinspection/status/2010971010137546932,Weinspection team here for Hong Kong Toys and Games fair! https://t.co/eMrUol8ti4,0.0,0.0,0.0,5.0,en,,,,,,,,,,,,
tweet-2009102841500324353,2026-03-06 12:30:09,推特,weinspection,'1664186655350087680,WEINSPECTION,原创,Thu Jan 08 03:20:19 +0000 2026,,,,,,,,,weinspection,'1664186655350087680,WEINSPECTION,Thu Jan 08 03:20:19 +0000 2026,'2009102841500324353,https://x.com/weinspection/status/2009102841500324353,Do the safety standards of plush toys meet the requirements? Contact us for quality inspection. https://t.co/YyE1t1PmBa,0.0,0.0,0.0,5.0,en,,,,,,,,,,,,
tweet-2008377640173138288,2026-03-06 12:30:09,推特,weinspection,'1664186655350087680,WEINSPECTION,原创,Tue Jan 06 03:18:37 +0000 2026,,,,,,,,,weinspection,'1664186655350087680,WEINSPECTION,Tue Jan 06 03:18:37 +0000 2026,'2008377640173138288,https://x.com/weinspection/status/2008377640173138288,The first toy industry gala of the new year is here!WEINSPECTION Booth: 5C-A21 – We look forward to your visit! https://t.co/UfdMNqsIQv,0.0,0.0,0.0,10.0,en,,,,,,,,,,,,
tweet-2006639451884151051,2026-03-06 12:30:09,推特,weinspection,'1664186655350087680,WEINSPECTION,原创,Thu Jan 01 08:11:41 +0000 2026,,,,,,,,,weinspection,'1664186655350087680,WEINSPECTION,Thu Jan 01 08:11:41 +0000 2026,'2006639451884151051,https://x.com/weinspection/status/2006639451884151051,2026 Happy New Year! https://t.co/bEO2Q7XVKe,0.0,0.0,0.0,3.0,en,,,,,,,,,,,,
tweet-2004364903931584655,2026-03-06 12:30:09,推特,weinspection,'1664186655350087680,WEINSPECTION,原创,Fri Dec 26 01:33:27 +0000 2025,,,,,,,,,weinspection,'1664186655350087680,WEINSPECTION,Fri Dec 26 01:33:27 +0000 2025,'2004364903931584655,https://x.com/weinspection/status/2004364903931584655,WEINSPECTION wishes you all:Merry Christmas and Happy New Year!Let's keep moving forward together! https://t.co/7LjpVH0Lg0,0.0,0.0,0.0,7.0,en,,,,,,,,,,,,
tweet-2003064701924839639,2026-03-06 12:30:09,推特,weinspection,'1664186655350087680,WEINSPECTION,原创,Mon Dec 22 11:26:54 +0000 2025,,,,,,,,,weinspection,'1664186655350087680,WEINSPECTION,Mon Dec 22 11:26:54 +0000 2025,'2003064701924839639,https://x.com/weinspection/status/2003064701924839639,2026 NEW YEAR HOLIDAY NOTICE https://t.co/FDthAiMUMN,0.0,0.0,0.0,5.0,en,,,,,,,,,,,,
tweet-2002544551358308431,2026-03-06 12:30:09,推特,weinspection,'1664186655350087680,WEINSPECTION,原创,Sun Dec 21 01:00:01 +0000 2025,,,,,,,,,weinspection,'1664186655350087680,WEINSPECTION,Sun Dec 21 01:00:01 +0000 2025,'2002544551358308431,https://x.com/weinspection/status/2002544551358308431,Happy Winter Solstice! https://t.co/m6dSEjprts,0.0,0.0,0.0,9.0,en,,,,,,,,,,,,
tweet-2001171732766380240,2026-03-06 12:30:09,推特,weinspection,'1664186655350087680,WEINSPECTION,原创,Wed Dec 17 06:04:55 +0000 2025,,,,,,,,,weinspection,'1664186655350087680,WEINSPECTION,Wed Dec 17 06:04:55 +0000 2025,'2001171732766380240,https://x.com/weinspection/status/2001171732766380240,Sharing and growing 分享与成长~ https://t.co/r2mvcCw4Fd,0.0,0.0,0.0,4.0,zh,,,,,,,,,,,,
tweet-1455584557692907527,2026-03-06 12:31:14,推特,YangSherlock,'2884070965,浪子,原创,Tue Nov 02 17:16:16 +0000 2021,,,,,,,,,YangSherlock,'2884070965,浪子,Tue Nov 02 17:16:16 +0000 2021,'1455584557692907527,https://x.com/YangSherlock/status/1455584557692907527,https://t.co/4XB5ogUiSX,0.0,0.0,0.0,,zxx,,,,,,,,,,,,
tweet-1613787491143913472,2026-03-06 12:31:42,推特,PanRrrrhhh,'810137441034260480,erinrrr☀,原创,Fri Jan 13 06:38:15 +0000 2023,,,,,,,,,PanRrrrhhh,'810137441034260480,erinrrr☀,Fri Jan 13 06:38:15 +0000 2023,'1613787491143913472,https://x.com/PanRrrrhhh/status/1613787491143913472,＃jobbijob一百分💯的开心时隔四个月的写真收到啦love you@jobbiijob 感谢咱们可爱善良美丽大方的中站@jobbiijob_cnfc https://t.co/itJJx3LqHK,0.0,0.0,2.0,291.0,zh,,,,,,,,,,,,
tweet-1551225426277609472,2026-03-06 12:31:42,推特,PanRrrrhhh,'810137441034260480,erinrrr☀,原创,Sun Jul 24 15:18:56 +0000 2022,,,,,,,,,PanRrrrhhh,'810137441034260480,erinrrr☀,Sun Jul 24 15:18:56 +0000 2022,'1551225426277609472,https://x.com/PanRrrrhhh/status/1551225426277609472,#道枝駿佑誕生祭2022宝生日快乐 万事顺意,0.0,0.0,0.0,,zh,,,,,,,,,,,,
tweet-1551225274439675906,2026-03-06 12:31:42,推特,PanRrrrhhh,'810137441034260480,erinrrr☀,转帖,Sun Jul 24 15:18:20 +0000 2022,,,,,,,,,Old_HelloWorld,'1391645372452245509,NEW ACCOUNT: STARTO_INT,Sun Jul 24 15:00:02 +0000 2022,'1551220669722923009,https://x.com/Old_HelloWorld/status/1551220669722923009,A very happy birthday (July 25) to Shunsuke Michieda of #NaniwaDanshi! 💗#道枝駿佑誕生祭2022#HBDShunsukeMichieda2022 https://t.co/TbCu5voPv3,960.0,17826.0,73834.0,,en,,,,,,,,,,,,
tweet-1520798393081212928,2026-03-06 12:31:42,推特,PanRrrrhhh,'810137441034260480,erinrrr☀,原创,Sun May 01 16:12:46 +0000 2022,,,,,,,,,PanRrrrhhh,'810137441034260480,erinrrr☀,Sun May 01 16:12:46 +0000 2022,'1520798393081212928,https://x.com/PanRrrrhhh/status/1520798393081212928,我很难过 这明明就是bad ending 我在也不会相信你们了😭😭😭@innsarin @jobbiijob#คุณหมีTheFinal#คุณหมีปาฏิหาริย์#TheMiracleofTeddyBear#อินจ๊อบ #Innjob,0.0,0.0,0.0,,zh,,,,,,,,,,,,
tweet-1520753653958815744,2026-03-06 12:31:42,推特,PanRrrrhhh,'810137441034260480,erinrrr☀,原创,Sun May 01 13:14:59 +0000 2022,,,,,,,,,PanRrrrhhh,'810137441034260480,erinrrr☀,Sun May 01 13:14:59 +0000 2022,'1520753653958815744,https://x.com/PanRrrrhhh/status/1520753653958815744,最后一集了 是真的happy ending吗 因老师不要骗我😭😭😭@innsarin @jobbiijob#คุณหมีTheFinal#คุณหมีปาฏิหาริย์#TheMiracleofTeddyBear#อินจ๊อบ #Innjob,0.0,0.0,0.0,,zh,,,,,,,,,,,,
tweet-1515748799708286981,2026-03-06 12:31:42,推特,PanRrrrhhh,'810137441034260480,erinrrr☀,转帖,Sun Apr 17 17:47:29 +0000 2022,,,,,,,,,kindaichi_5,'1481267245632606220,金田一少年の事件簿 【公式】 BD & DVD 2023/1/18発売！,Sun Apr 17 13:02:49 +0000 2022,'1515677158911332356,https://x.com/kindaichi_5/status/1515677158911332356,/／#金田一少年の事件簿 長編トレーラー解禁🎬\＼4/24(日)夜10時スタート🕯File1 #学園七不思議殺人事件来週いよいよ幕開け！ハラハラドキドキの金田一ワールドへようこそ！#道枝駿佑#上白石萌歌 #岩﨑大昇#沢村一樹 https://t.co/CGWEYljMdt,166.0,9442.0,36964.0,,ja,,,,,,,,,,,,
tweet-1484726989583835141,2026-03-06 12:31:42,推特,PanRrrrhhh,'810137441034260480,erinrrr☀,转帖,Sat Jan 22 03:17:53 +0000 2022,,,,,,,,,kindaichi_5,'1481267245632606220,金田一少年の事件簿 【公式】 BD & DVD 2023/1/18発売！,Mon Jan 17 00:42:19 +0000 2022,'1482875899829575685,https://x.com/kindaichi_5/status/1482875899829575685,／㊗️🎉放送決定🎉 #道枝金田一 が #日テレ朝番組をジャック🙌リアルタイム実況コメント💨＼#金田一少年の事件簿 主演 #道枝駿佑 がこの後、#スッキリ に生出演#クイズッス 😇🌈に登場✨生放送に向かう #みっちー からコメントが届きました！😆#道枝駿佑#なにわ男子 https://t.co/ej1Ig8XCD3,93.0,6987.0,34952.0,,ja,,,,,,,,,,,,
tweet-1249298354472878080,2026-03-06 12:31:42,推特,PanRrrrhhh,'810137441034260480,erinrrr☀,转帖,Sun Apr 12 11:28:33 +0000 2020,,,,,,,,,SpokespersonCHN,'1183698123719200768,Hua Chunying 华春莹,Sun Apr 12 06:03:30 +0000 2020,'1249216556065869827,https://x.com/SpokespersonCHN/status/1249216556065869827,"1/3 #COVID19 is an unknown virus to mankind. China was the first to report it and has responded openly, transparently and responsibly and put it under control in about 2 months.",1419.0,1315.0,9196.0,,en,,,,,,,,,,,,
tweet-1249298353336258560,2026-03-06 12:31:42,推特,PanRrrrhhh,'810137441034260480,erinrrr☀,转帖,Sun Apr 12 11:28:32 +0000 2020,,,,,,,,,SpokespersonCHN,'1183698123719200768,Hua Chunying 华春莹,Sun Apr 12 06:03:32 +0000 2020,'1249216560524341250,https://x.com/SpokespersonCHN/status/1249216560524341250,"3/3 China with 1.4 billion population and a land of 9.6 million km², has contained the epidemic. Come on and stay strong the US!",865.0,767.0,6385.0,,en,,,,,,,,,,,,
tweet-1249298351327260672,2026-03-06 12:31:42,推特,PanRrrrhhh,'810137441034260480,erinrrr☀,转帖,Sun Apr 12 11:28:32 +0000 2020,,,,,,,,,SpokespersonCHN,'1183698123719200768,Hua Chunying 华春莹,Sun Apr 12 06:03:31 +0000 2020,'1249216558355734537,https://x.com/SpokespersonCHN/status/1249216558355734537,"2/3 The US was formally notified in early Jan, US experts were in China in late Jan and its consulate in Wuhan closed on Jan 25. The US shut down border to China on Feb 2. Unfortunately, two months on, the US has  the most infections and deaths.",358.0,647.0,5604.0,,en,,,,,,,,,,,,
tweet-1249290382355070977,2026-03-06 12:31:42,推特,PanRrrrhhh,'810137441034260480,erinrrr☀,转帖,Sun Apr 12 10:56:52 +0000 2020,,,,,,,,,SpokespersonCHN,'1183698123719200768,Hua Chunying 华春莹,Sun Apr 05 05:08:19 +0000 2020,'1246665952139198464,https://x.com/SpokespersonCHN/status/1246665952139198464,"If this 7-year-old girl has the common sense, why some adults don't? 👇 https://t.co/txqw8rRzKI",1560.0,2072.0,9643.0,,en,,,,,,,,,,,,
tweet-1249288741824462848,2026-03-06 12:31:42,推特,PanRrrrhhh,'810137441034260480,erinrrr☀,原创,Sun Apr 12 10:50:21 +0000 2020,,,,,,,,,PanRrrrhhh,'810137441034260480,erinrrr☀,Sun Apr 12 10:50:21 +0000 2020,'1249288741824462848,https://x.com/PanRrrrhhh/status/1249288741824462848,#Chinawelcome. https://t.co/64WijZHBpG,0.0,2.0,104.0,,en,,,,,,,,,,,,
tweet-874191782874972160,2026-03-06 12:31:42,推特,PanRrrrhhh,'810137441034260480,erinrrr☀,转帖,Mon Jun 12 09:08:57 +0000 2017,,,,,,,,,stjinx_maya,'3656882112,ในโซเชียลฉันเป็นทุกอย่างที่ไม่ใช่ศิลปิน.,Thu Nov 24 04:50:20 +0000 2016,'801649128581140480,https://x.com/stjinx_maya/status/801649128581140480,แจ้งถึงพี่ๆ ชาวต่างชาติทุกคนนะครับ..ให้เขียนสองภาษาในทวิตตลอดสิงคงไม่ไหวจริงๆ. 555555 😂 #SingtoPrachaya https://t.co/WmuhFaJH0x,2084.0,9995.0,57377.0,,th,,,,,,,,,,,,
tweet-281939893591080960,2026-03-06 12:46:03,推特,Sun__Arise,'796132284,Arise sun,原创,Fri Dec 21 01:51:23 +0000 2012,,,,,,,,,Sun__Arise,'796132284,Arise sun,Fri Dec 21 01:51:23 +0000 2012,'281939893591080960,https://x.com/Sun__Arise/status/281939893591080960,最起码有得食。。哈哈 http://t.co/CPKEpRlw,0.0,0.0,0.0,,zh,,,,,,,,,,,,
tweet-277178422218878977,2026-03-06 12:46:03,推特,Sun__Arise,'796132284,Arise sun,原创,Fri Dec 07 22:31:00 +0000 2012,,,,,,,,,Sun__Arise,'796132284,Arise sun,Fri Dec 07 22:31:00 +0000 2012,'277178422218878977,https://x.com/Sun__Arise/status/277178422218878977,"Even if Damn freezing weather. ...still two clothes. No hat .no gloves. ...Haha. ...go to ""Thursday""....I am coming http://t.co/vNa0tfog",0.0,0.0,0.0,,en,,,,,,,,,,,,
tweet-2014772691761561920,2026-03-06 12:58:04,推特,yinxi0729,'1536263567217152000,凛,原创,Fri Jan 23 18:50:17 +0000 2026,,,,,,,,,yinxi0729,'1536263567217152000,凛,Fri Jan 23 18:50:17 +0000 2026,'2014772691761561920,https://x.com/yinxi0729/status/2014772691761561920,找个广东的女生谈恋爱，最好是色色的，不会太高的,0.0,0.0,0.0,20.0,zh,,,,,,,,,,,,
tweet-2003961155786772957,2026-03-06 12:58:04,推特,yinxi0729,'1536263567217152000,凛,原创,Wed Dec 24 22:49:05 +0000 2025,,,,,,,,,yinxi0729,'1536263567217152000,凛,Wed Dec 24 22:49:05 +0000 2025,'2003961155786772957,https://x.com/yinxi0729/status/2003961155786772957,想找个广东的，好色的女生谈恋爱，我没啥钱,1.0,0.0,0.0,54.0,zh,,,,,,,,,,,,
tweet-1938194967215935765,2026-03-06 12:59:43,推特,huapu2333,'1667885222380339200,崔小梣,原创,Thu Jun 26 11:17:44 +0000 2025,,,,,,,,,huapu2333,'1667885222380339200,崔小梣,Thu Jun 26 11:17:44 +0000 2025,'1938194967215935765,https://x.com/huapu2333/status/1938194967215935765,https://t.co/sjO9jHi0dD,0.0,0.0,0.0,5.0,zxx,,,,,,,,,,,,
tweet-1938070066144415959,2026-03-06 12:59:43,推特,huapu2333,'1667885222380339200,崔小梣,原创,Thu Jun 26 03:01:26 +0000 2025,,,,,,,,,huapu2333,'1667885222380339200,崔小梣,Thu Jun 26 03:01:26 +0000 2025,'1938070066144415959,https://x.com/huapu2333/status/1938070066144415959,健康才是最重要的呀,0.0,0.0,0.0,8.0,ja,,,,,,,,,,,,
tweet-1871543202077106628,2026-03-06 12:59:43,推特,huapu2333,'1667885222380339200,崔小梣,原创,Tue Dec 24 13:07:25 +0000 2024,,,,,,,,,huapu2333,'1667885222380339200,崔小梣,Tue Dec 24 13:07:25 +0000 2024,'1871543202077106628,https://x.com/huapu2333/status/1871543202077106628,匆匆啊，匆匆 https://t.co/khFeEhlP2O,0.0,0.0,0.0,16.0,ja,,,,,,,,,,,,
tweet-1847216332301115421,2026-03-06 12:59:43,推特,huapu2333,'1667885222380339200,崔小梣,原创,Fri Oct 18 10:01:07 +0000 2024,,,,,,,,,huapu2333,'1667885222380339200,崔小梣,Fri Oct 18 10:01:07 +0000 2024,'1847216332301115421,https://x.com/huapu2333/status/1847216332301115421,https://t.co/xpvtmXvejx,0.0,0.0,0.0,19.0,zxx,,,,,,,,,,,,
tweet-1847131488669819259,2026-03-06 12:59:43,推特,huapu2333,'1667885222380339200,崔小梣,原创,Fri Oct 18 04:23:59 +0000 2024,,,,,,,,,huapu2333,'1667885222380339200,崔小梣,Fri Oct 18 04:23:59 +0000 2024,'1847131488669819259,https://x.com/huapu2333/status/1847131488669819259,https://t.co/rPLG2Cmzyy,0.0,0.0,0.0,15.0,zxx,,,,,,,,,,,,
tweet-1845417308191326332,2026-03-06 12:59:43,推特,huapu2333,'1667885222380339200,崔小梣,原创,Sun Oct 13 10:52:27 +0000 2024,,,,,,,,,huapu2333,'1667885222380339200,崔小梣,Sun Oct 13 10:52:27 +0000 2024,'1845417308191326332,https://x.com/huapu2333/status/1845417308191326332,https://t.co/DOPlfV5old,0.0,0.0,0.0,15.0,zxx,,,,,,,,,,,,
profile-conversation-2029783955938476039,2026-03-06 12:59:43,推特,huapu2333,'1667885222380339200,崔小梣,回复,Sat Sep 21 03:19:16 +0000 2024,'1837330727589007534,https://x.com/huapu2333/status/1837330727589007534,31天,0.0,0.0,0.0,15.0,ja,huapu2333,'1667885222380339200,崔小梣,Fri Sep 13 15:52:57 +0000 2024,'1834621298594693243,https://x.com/huapu2333/status/1834621298594693243,23天,1.0,0.0,0.0,30.0,ja,,,,,,,,,,,,
tweet-1830109178482081959,2026-03-06 12:59:43,推特,huapu2333,'1667885222380339200,崔小梣,原创,Sun Sep 01 05:03:24 +0000 2024,,,,,,,,,huapu2333,'1667885222380339200,崔小梣,Sun Sep 01 05:03:24 +0000 2024,'1830109178482081959,https://x.com/huapu2333/status/1830109178482081959,金汤鸡肉片😚好久没吃了 https://t.co/601vdU4KGK,0.0,0.0,0.0,33.0,zh,,,,,,,,,,,,
tweet-1829865972548899269,2026-03-06 12:59:43,推特,huapu2333,'1667885222380339200,崔小梣,原创,Sat Aug 31 12:56:59 +0000 2024,,,,,,,,,huapu2333,'1667885222380339200,崔小梣,Sat Aug 31 12:56:59 +0000 2024,'1829865972548899269,https://x.com/huapu2333/status/1829865972548899269,再见8月😊 https://t.co/2lne679FTO,0.0,0.0,0.0,22.0,zh,,,,,,,,,,,,
tweet-1829842179692642645,2026-03-06 12:59:43,推特,huapu2333,'1667885222380339200,崔小梣,原创,Sat Aug 31 11:22:27 +0000 2024,,,,,,,,,huapu2333,'1667885222380339200,崔小梣,Sat Aug 31 11:22:27 +0000 2024,'1829842179692642645,https://x.com/huapu2333/status/1829842179692642645,蛋炒饭加我最爱的南瓜饼 https://t.co/iDQtnNulcV,0.0,0.0,0.0,22.0,zh,,,,,,,,,,,,
tweet-1829744866076868956,2026-03-06 12:59:43,推特,huapu2333,'1667885222380339200,崔小梣,原创,Sat Aug 31 04:55:45 +0000 2024,,,,,,,,,huapu2333,'1667885222380339200,崔小梣,Sat Aug 31 04:55:45 +0000 2024,'1829744866076868956,https://x.com/huapu2333/status/1829744866076868956,麻酱鸡丝拌面，好久没吃了😊 https://t.co/4gcQ8391c9,0.0,0.0,0.0,21.0,zh,,,,,,,,,,,,
tweet-1829372860500210151,2026-03-06 12:59:43,推特,huapu2333,'1667885222380339200,崔小梣,原创,Fri Aug 30 04:17:32 +0000 2024,,,,,,,,,huapu2333,'1667885222380339200,崔小梣,Fri Aug 30 04:17:32 +0000 2024,'1829372860500210151,https://x.com/huapu2333/status/1829372860500210151,【CS2】你能看出谁开了外挂吗？？？第54期 https://t.co/9Es7Jv41WQ,0.0,0.0,0.0,262.0,zh,,,,,,,,,,,,
tweet-1828771286321188939,2026-03-06 12:59:43,推特,huapu2333,'1667885222380339200,崔小梣,原创,Wed Aug 28 12:27:06 +0000 2024,,,,,,,,,huapu2333,'1667885222380339200,崔小梣,Wed Aug 28 12:27:06 +0000 2024,'1828771286321188939,https://x.com/huapu2333/status/1828771286321188939,其实今天是第十天，srysry，还有今天馋了吃了4包辣条 https://t.co/gEkLlTrBs0,0.0,0.0,0.0,14.0,zh,,,,,,,,,,,,
tweet-1828463075336560925,2026-03-06 12:59:43,推特,huapu2333,'1667885222380339200,崔小梣,原创,Tue Aug 27 16:02:23 +0000 2024,,,,,,,,,huapu2333,'1667885222380339200,崔小梣,Tue Aug 27 16:02:23 +0000 2024,'1828463075336560925,https://x.com/huapu2333/status/1828463075336560925,第九天,0.0,0.0,0.0,20.0,ja,,,,,,,,,,,,
tweet-1827682071323791730,2026-03-06 12:59:43,推特,huapu2333,'1667885222380339200,崔小梣,原创,Sun Aug 25 12:18:57 +0000 2024,,,,,,,,,huapu2333,'1667885222380339200,崔小梣,Sun Aug 25 12:18:57 +0000 2024,'1827682071323791730,https://x.com/huapu2333/status/1827682071323791730,第七天！！！,0.0,0.0,0.0,22.0,ja,,,,,,,,,,,,
tweet-1999367975808434688,2026-03-06 13:00:42,推特,ni_dui93969,'1820719951369601024,你说的对，阿米诺斯,转帖,Fri Dec 12 06:37:26 +0000 2025,,,,,,,,,yinsewu,'1535421685708361728,宁波-宁九（收母狗口嗨勿扰）,Wed Dec 10 08:18:18 +0000 2025,'1998668585544388752,https://x.com/yinsewu/status/1998668585544388752,广州喜欢分享的女大转发超过30公开联系方式三天抽转发的五人给联系方式会员群直接更新，有意者加我QQ并说明来意问卷：https://t.co/39U43HWy4V https://t.co/taegq2zwAl,1.0,20.0,34.0,9963.0,zh,,,,,,,,,,,,
tweet-1988328010588750299,2026-03-06 13:00:42,推特,ni_dui93969,'1820719951369601024,你说的对，阿米诺斯,原创,Tue Nov 11 19:28:33 +0000 2025,,,,,,,,,ni_dui93969,'1820719951369601024,你说的对，阿米诺斯,Tue Nov 11 19:28:33 +0000 2025,'1988328010588750299,https://x.com/ni_dui93969/status/1988328010588750299,#反差 #母狗 #母猪 #羞辱 #粗口 #女大 #女高 #鸡巴  硬了，想看的点 #母猪肉便器,0.0,0.0,0.0,96.0,zh,,,,,,,,,,,,
tweet-1987931369411145910,2026-03-06 13:00:42,推特,ni_dui93969,'1820719951369601024,你说的对，阿米诺斯,原创,Mon Nov 10 17:12:27 +0000 2025,,,,,,,,,ni_dui93969,'1820719951369601024,你说的对，阿米诺斯,Mon Nov 10 17:12:27 +0000 2025,'1987931369411145910,https://x.com/ni_dui93969/status/1987931369411145910,"来个从小被宠爱,装着清纯或性感模样的清纯少萝,高冷御姐,平时再怎么把自己装成女神,心底还不是在渴望着被爸爸践踏在脚下当成鸡巴套子调教到喷卵,彻底被大鸡巴征服变成只知道伺候鸡巴的无脑母奴,主动赞或私(最好是coser，私带照,只回女 #羞辱 #反差 #母狗 #反差婊 #反差母狗 #射屏 #文爱 #白富美 #母猪",1.0,0.0,0.0,149.0,zh,,,,,,,,,,,,
tweet-1968561042633670784,2026-03-06 13:00:42,推特,ni_dui93969,'1820719951369601024,你说的对，阿米诺斯,原创,Thu Sep 18 06:21:41 +0000 2025,,,,,,,,,ni_dui93969,'1820719951369601024,你说的对，阿米诺斯,Thu Sep 18 06:21:41 +0000 2025,'1968561042633670784,https://x.com/ni_dui93969/status/1968561042633670784,现在有没有发情的丧志反差母狗coser，有纹身母猪吗？被玩烂了的黑逼阿黑颜女神婊子，有想社死自毁的魅魔纹母猪吗？想雌竞的媚黑肥臀阿黑颜母狗，反差女神婊来被玩吧！带照来社死自毁吧傻逼母人们。 #母猪 #羞辱 #Cosplay #反差 #母狗 #bbw #女大 #露出 #反差婊 #社死 #意淫 #露出 #无脑 #纹身 #评价,0.0,0.0,2.0,4127.0,zh,,,,,,,,,,,,
tweet-1965502984382808574,2026-03-06 13:00:42,推特,ni_dui93969,'1820719951369601024,你说的对，阿米诺斯,原创,Tue Sep 09 19:50:03 +0000 2025,,,,,,,,,ni_dui93969,'1820719951369601024,你说的对，阿米诺斯,Tue Sep 09 19:50:03 +0000 2025,'1965502984382808574,https://x.com/ni_dui93969/status/1965502984382808574,"平日娇生惯养,装惯女神或乖乖女的清纯少女,性感御姐,coser女神自己来赞或私,向爸爸暴露你们本性里的淫贱,跪下求着让爸爸撕烂你们的女神伪装摁在胯下玩弄蹂躏到不停喷卵,变成只知道给爸爸泄欲的鸡巴套子.主动私发照片贡献你自己出卖闺蜜的女神婊子 #反差 #母狗 #反差婊 #文爱 #社死 #羞辱 #调教 #coser",0.0,0.0,0.0,138.0,zh,,,,,,,,,,,,
tweet-1962927960350233075,2026-03-06 13:00:42,推特,ni_dui93969,'1820719951369601024,你说的对，阿米诺斯,原创,Tue Sep 02 17:17:49 +0000 2025,,,,,,,,,ni_dui93969,'1820719951369601024,你说的对，阿米诺斯,Tue Sep 02 17:17:49 +0000 2025,'1962927960350233075,https://x.com/ni_dui93969/status/1962927960350233075,当陪聊树洞，想听别人的故事，这个点还有人么？ 1.个人经历/性癖 2.问答/撩骚 3.评价打分 4.性幻想 5.自毁聊天 6.投稿 点赞或者私信，我都会主动联系你#聊骚 #意淫 #评价 #打分 #反差 #母狗 #问答 #聊天 #骚货 #羞辱 #闺蜜 #女神 #人妻 #情侣 #投稿曝光 #投稿 #情趣 #自毁 #母狗,0.0,0.0,0.0,114.0,zh,,,,,,,,,,,,
tweet-1961301008367456635,2026-03-06 13:00:42,推特,ni_dui93969,'1820719951369601024,你说的对，阿米诺斯,原创,Fri Aug 29 05:32:54 +0000 2025,,,,,,,,,ni_dui93969,'1820719951369601024,你说的对，阿米诺斯,Fri Aug 29 05:32:54 +0000 2025,'1961301008367456635,https://x.com/ni_dui93969/status/1961301008367456635,鸡吧痒了  来母狗上贡自己照片让爸爸撸#羞辱 #眼镜婊 #女大学生 #骚货 #反差 #肉便器 #女神 #出卖 #颜射 #母狗 #聊骚 #打分 #女高 #女大 #女神婊 #评价 #反差婊 #白富美 #欠操 #社死 #鸡巴 #男菩萨 #母猪 #曝光 #cos反差,0.0,0.0,0.0,108.0,zh,,,,,,,,,,,,
tweet-1960920636488081882,2026-03-06 13:00:42,推特,ni_dui93969,'1820719951369601024,你说的对，阿米诺斯,转帖,Thu Aug 28 04:21:26 +0000 2025,,,,,,,,,yinsewu,'1535421685708361728,宁波-宁九（收母狗口嗨勿扰）,Thu Aug 28 04:20:59 +0000 2025,'1960920524655354137,https://x.com/yinsewu/status/1960920524655354137,上海的母猪肉便器转发超过30公开联系方式三天先转发的五人直接找我要联系方式会员群直接更新，有意者加我QQ并说明来意问卷：https://t.co/tT5VkyUd4X https://t.co/NiP2kSejc9,3.0,15.0,35.0,14316.0,zh,,,,,,,,,,,,
tweet-1960919915722052054,2026-03-06 13:00:42,推特,ni_dui93969,'1820719951369601024,你说的对，阿米诺斯,转帖,Thu Aug 28 04:18:34 +0000 2025,,,,,,,,,yinsewu,'1535421685708361728,宁波-宁九（收母狗口嗨勿扰）,Thu Aug 28 04:17:44 +0000 2025,'1960919705457451400,https://x.com/yinsewu/status/1960919705457451400,北京研究生小严转发超过30公开联系方式三天先转发的五人直接找我要联系方式会员群直接更新，有意者加我QQ并说明来意问卷：https://t.co/tT5VkyUd4X https://t.co/OMnAcPBKvi,4.0,16.0,49.0,20413.0,zh,,,,,,,,,,,,
tweet-1960917859569426699,2026-03-06 13:00:42,推特,ni_dui93969,'1820719951369601024,你说的对，阿米诺斯,转帖,Thu Aug 28 04:10:24 +0000 2025,,,,,,,,,yinsewu,'1535421685708361728,宁波-宁九（收母狗口嗨勿扰）,Thu Aug 28 04:08:39 +0000 2025,'1960917417225544073,https://x.com/yinsewu/status/1960917417225544073,西安的反差婊轩宝转发超过30公开联系方式三天先转发的五人直接找我要联系方式会员群直接更新，有意者加我QQ并说明来意问卷：https://t.co/tT5VkyUd4X https://t.co/FJ6Wo92YfM,1.0,9.0,17.0,10636.0,zh,,,,,,,,,,,,
tweet-1960405676494348797,2026-03-06 13:00:42,推特,ni_dui93969,'1820719951369601024,你说的对，阿米诺斯,原创,Tue Aug 26 18:15:10 +0000 2025,,,,,,,,,ni_dui93969,'1820719951369601024,你说的对，阿米诺斯,Tue Aug 26 18:15:10 +0000 2025,'1960405676494348797,https://x.com/ni_dui93969/status/1960405676494348797,平时是个乖乖的斯文女生，晚上自己一个人的时候就开始发情想让人操的骚货把奶子私发给我 #眼镜婊 #女大学生 #骚货 #反差 #肉便器 #女神 #出卖 #颜射 #母狗 #聊骚  #女高 #女大 #女神婊  #反差婊 #白富美 #欠操 #社死 #鸡巴 #肉棒  #曝光 #射屏 #绿帽 #cos反差,0.0,0.0,0.0,59.0,zh,,,,,,,,,,,,
tweet-1959315047106380277,2026-03-06 13:00:42,推特,ni_dui93969,'1820719951369601024,你说的对，阿米诺斯,原创,Sat Aug 23 18:01:24 +0000 2025,,,,,,,,,ni_dui93969,'1820719951369601024,你说的对，阿米诺斯,Sat Aug 23 18:01:24 +0000 2025,'1959315047106380277,https://x.com/ni_dui93969/status/1959315047106380277,来点反差coser跑来发照片打分，把自己浓妆婊子脸弄出来给爹打分，被人意淫就夹不住逼的骚货还不如被爹臭脚踩着脑袋骂到失神。#母狗 #上贡 #反差 #cosplay #反差cos #女大学生 #女高,1.0,0.0,1.0,96.0,zh,,,,,,,,,,,,
tweet-1958946576048779343,2026-03-06 13:00:42,推特,ni_dui93969,'1820719951369601024,你说的对，阿米诺斯,原创,Fri Aug 22 17:37:13 +0000 2025,,,,,,,,,ni_dui93969,'1820719951369601024,你说的对，阿米诺斯,Fri Aug 22 17:37:13 +0000 2025,'1958946576048779343,https://x.com/ni_dui93969/status/1958946576048779343,还在发情的废物贱逼母狗呢？主动来上贡自己吧！点赞私信就代表着你这只废物母狗渴望被人玩弄到喷！#婊子 #反差 #反差婊 #母狗  #羞辱  #社死 #社死挑战 #出卖 #自毁 #自曝 #胁迫 #曝光 #眼镜婊 #母狗,1.0,0.0,0.0,94.0,zh,,,,,,,,,,,,
tweet-1958767285474050390,2026-03-06 13:00:42,推特,ni_dui93969,'1820719951369601024,你说的对，阿米诺斯,原创,Fri Aug 22 05:44:47 +0000 2025,,,,,,,,,ni_dui93969,'1820719951369601024,你说的对，阿米诺斯,Fri Aug 22 05:44:47 +0000 2025,'1958767285474050390,https://x.com/ni_dui93969/status/1958767285474050390,什么职场精英女性 白富美大小姐 高贵圣洁人妻 不过一群张嘴掰逼插腿做粪坑马桶痰盂的 傻逼贱鸡 一句臭骂就让废物原形毕露的婊子 #母猪 #嘲笑 #粗口 #男尊女卑 #母狗 #雌竞 #女绿 #母畜 #母人 #反差 #洗脑 #女德教育 #反差婊 #母猪 #骚逼 #臭逼 #女权婊 #媚男 #女德  #妇道 #阳具崇拜 #败北 #反差,0.0,0.0,0.0,57.0,zh,,,,,,,,,,,,
tweet-1958412321791017314,2026-03-06 13:00:42,推特,ni_dui93969,'1820719951369601024,你说的对，阿米诺斯,原创,Thu Aug 21 06:14:17 +0000 2025,,,,,,,,,ni_dui93969,'1820719951369601024,你说的对，阿米诺斯,Thu Aug 21 06:14:17 +0000 2025,'1958412321791017314,https://x.com/ni_dui93969/status/1958412321791017314,最有效的武器就是巨乳肥臀 但在这之前你是否会被挑逗玩弄奶头肥臀率先败北沦为精神的大奶奴隶呢…无论平时宽松或紧身，晃动的大奶总是在提醒你和一般母人不一样，逐渐习惯 沉浸 痴迷 沦陷…#女神 #女神婊 #羞辱 #反差 #调教 #背德 #母人 #母犬 #婊子 #coser #女权婊 #名媛 #健身婊 #巨乳 #反差,0.0,0.0,3.0,1138.0,zh,,,,,,,,,,,,
tweet-1956406221797486606,2026-03-06 13:00:42,推特,ni_dui93969,'1820719951369601024,你说的对，阿米诺斯,原创,Fri Aug 15 17:22:46 +0000 2025,,,,,,,,,ni_dui93969,'1820719951369601024,你说的对，阿米诺斯,Fri Aug 15 17:22:46 +0000 2025,'1956406221797486606,https://x.com/ni_dui93969/status/1956406221797486606,喜欢被评价羞辱打分的反差骚母狗，点赞私信我看你的穿搭 #反差 #羞辱 #评价 #打分 #母狗,0.0,0.0,1.0,82.0,zh,,,,,,,,,,,,
tweet-1956037335201800697,2026-03-06 13:00:42,推特,ni_dui93969,'1820719951369601024,你说的对，阿米诺斯,原创,Thu Aug 14 16:56:56 +0000 2025,,,,,,,,,ni_dui93969,'1820719951369601024,你说的对，阿米诺斯,Thu Aug 14 16:56:56 +0000 2025,'1956037335201800697,https://x.com/ni_dui93969/status/1956037335201800697,想被打分评价外表高冷内心淫荡的反差coser都在哪里呢 #女大学生 #反差 #女神 #母狗 #聊骚 #打分 #女高 #女大 #社死 #lo娘 #汉服 #jk #三坑 #白丝 #cos #coser #cosplay #母狗,0.0,0.0,0.0,56.0,zh,,,,,,,,,,,,
tweet-1954587242242142346,2026-03-06 13:00:42,推特,ni_dui93969,'1820719951369601024,你说的对，阿米诺斯,原创,Sun Aug 10 16:54:47 +0000 2025,,,,,,,,,ni_dui93969,'1820719951369601024,你说的对，阿米诺斯,Sun Aug 10 16:54:47 +0000 2025,'1954587242242142346,https://x.com/ni_dui93969/status/1954587242242142346,"有反差母狗/coser想現在被射屏嗎?今天一整天沒有射現在要释放出來🥵🥵,只限本人 #射屏 #羞辱 #ぶっかけ #母狗 #cosplay #反差 #男尊女卑 #露出 #母狗女高",0.0,0.0,0.0,45.0,zh,,,,,,,,,,,,
tweet-1954229160873988272,2026-03-06 13:00:42,推特,ni_dui93969,'1820719951369601024,你说的对，阿米诺斯,原创,Sat Aug 09 17:11:54 +0000 2025,,,,,,,,,ni_dui93969,'1820719951369601024,你说的对，阿米诺斯,Sat Aug 09 17:11:54 +0000 2025,'1954229160873988272,https://x.com/ni_dui93969/status/1954229160873988272,越漂亮的女神是不是越下贱，每天打扮精致装名媛，其实崇拜鸡吧，闻到包皮臭味都忍不住跪在地上喷卵，翻白眼的母驴女神，主动发给我视奸意淫，默认保密  #羞辱 #反差 #母狗 #反差婊 #母狗女大学生,1.0,0.0,0.0,195.0,zh,,,,,,,,,,,,
profile-conversation-2029787107764994048,2026-03-06 13:12:14,推特,Abel29578904,'1591830711157526528,dOAQb,回复,Fri Nov 21 20:00:38 +0000 2025,'1991959963816845687,https://x.com/Abel29578904/status/1991959963816845687,@zhnglngx734806 为什么拉黑我😭😱😭😱😭😱,0.0,0.0,0.0,57.0,zh,Abel29578904,'1591830711157526528,dOAQb,Mon Jul 14 18:04:35 +0000 2025,'1944820335389655121,https://x.com/Abel29578904/status/1944820335389655121,@LunaZelenskaya所以我说世界还是傻逼多哈😱不过是现实生活过得不如意小时候三鹿奶粉吃多了网上学了点小众东西就变脑残意淫和泽连斯基结婚99并且幻想当上台湾省领导人赖蛤蟆的⭐️奴然后跳脸别人结果发现自己过于无脑iq过低导致无法实现愿望然后妄想以拉黑来逃避现实罢了🔞🔞🔞#傻逼 #猎奇 #脑残 https://t.co/OjuAe9GBB3,2.0,0.0,0.0,464.0,zh,,,,,,,,,,,,
tweet-1990394613757075748,2026-03-06 13:12:14,推特,Abel29578904,'1591830711157526528,dOAQb,原创,Mon Nov 17 12:20:30 +0000 2025,,,,,,,,,Abel29578904,'1591830711157526528,dOAQb,Mon Nov 17 12:20:30 +0000 2025,'1990394613757075748,https://x.com/Abel29578904/status/1990394613757075748,孩子们我的账号差点带带带了😭😭😭各位千万不要手欠乱改出生日期不然后果很严重的😭😭😭,0.0,0.0,0.0,53.0,zh,,,,,,,,,,,,
tweet-1989035456328290667,2026-03-06 13:12:14,推特,Abel29578904,'1591830711157526528,dOAQb,原创,Thu Nov 13 18:19:41 +0000 2025,,,,,,,,,Abel29578904,'1591830711157526528,dOAQb,Thu Nov 13 18:19:41 +0000 2025,'1989035456328290667,https://x.com/Abel29578904/status/1989035456328290667,我想卖。,0.0,0.0,0.0,60.0,zh,,,,,,,,,,,,
tweet-1989028302527631517,2026-03-06 13:12:14,推特,Abel29578904,'1591830711157526528,dOAQb,原创,Thu Nov 13 17:51:16 +0000 2025,,,,,,,,,Abel29578904,'1591830711157526528,dOAQb,Thu Nov 13 17:51:16 +0000 2025,'1989028302527631517,https://x.com/Abel29578904/status/1989028302527631517,还记得你何时加入 X 吗？我知道！ᯠ  _   ̫  _ ̥ ᯄ ੭#我的X周年纪念日 https://t.co/XXpxmjroA3,0.0,0.0,0.0,62.0,zh,,,,,,,,,,,,
tweet-1988310172805288270,2026-03-06 13:12:14,推特,Abel29578904,'1591830711157526528,dOAQb,原创,Tue Nov 11 18:17:40 +0000 2025,,,,,,,,,Abel29578904,'1591830711157526528,dOAQb,Tue Nov 11 18:17:40 +0000 2025,'1988310172805288270,https://x.com/Abel29578904/status/1988310172805288270,补档【[Boxing]第一次6*360°Styles】 https://t.co/sxC3UV6ug2牢b给我视频全下了 https://t.co/JzyiJTsozh,0.0,0.0,0.0,171.0,zh,,,,,,,,,,,,
profile-conversation-2029787107764994054,2026-03-06 13:12:14,推特,Abel29578904,'1591830711157526528,dOAQb,回复,Tue Nov 11 18:15:12 +0000 2025,'1988309548541898782,https://x.com/Abel29578904/status/1988309548541898782,@bilibili_en 我不行了怎么把我辛苦剪的视频都下了😭😭😭,0.0,0.0,0.0,95.0,zh,Abel29578904,'1591830711157526528,dOAQb,Tue Nov 11 18:14:42 +0000 2025,'1988309423786520807,https://x.com/Abel29578904/status/1988309423786520807,傻逼哔哩哔哩给我号ban了@bilibili_en😱😱😱（就因为举报片哥时多嘴说了两句） https://t.co/vRr5o5k2Ft,1.0,0.0,0.0,188.0,zh,,,,,,,,,,,,
tweet-1983149766256275860,2026-03-06 13:12:14,推特,Abel29578904,'1591830711157526528,dOAQb,原创,Tue Oct 28 12:32:04 +0000 2025,,,,,,,,,Abel29578904,'1591830711157526528,dOAQb,Tue Oct 28 12:32:04 +0000 2025,'1983149766256275860,https://x.com/Abel29578904/status/1983149766256275860,https://t.co/XrMxxWHaL8,0.0,0.0,0.0,99.0,zxx,,,,,,,,,,,,
profile-conversation-2029787107764994056,2026-03-06 13:12:14,推特,Abel29578904,'1591830711157526528,dOAQb,回复,Tue Oct 28 12:24:26 +0000 2025,'1983147846414311449,https://x.com/Abel29578904/status/1983147846414311449,哦哦其实哔快抖视都一个样,1.0,0.0,0.0,73.0,zh,Abel29578904,'1591830711157526528,dOAQb,Tue Oct 28 12:22:37 +0000 2025,'1983147387880386608,https://x.com/Abel29578904/status/1983147387880386608,怎么感觉视频号的傻逼比x上见到的还多&amp;纯😅一会脑控一会民科一会邪教,1.0,0.0,0.0,94.0,zh,,,,,,,,,,,,
tweet-1980246611105341940,2026-03-06 13:12:14,推特,Abel29578904,'1591830711157526528,dOAQb,原创,Mon Oct 20 12:15:57 +0000 2025,,,,,,,,,Abel29578904,'1591830711157526528,dOAQb,Mon Oct 20 12:15:57 +0000 2025,'1980246611105341940,https://x.com/Abel29578904/status/1980246611105341940,🐢🐢🐢,0.0,0.0,0.0,80.0,art,,,,,,,,,,,,
tweet-1980246088633475474,2026-03-06 13:12:14,推特,Abel29578904,'1591830711157526528,dOAQb,转帖,Mon Oct 20 12:13:53 +0000 2025,,,,,,,,,miyazaki_yuwuto,'1667742294756450304,ZOoooLLY!(*･ω･)ﾉ,Sun Oct 12 06:54:29 +0000 2025,'1977266606276563370,https://x.com/miyazaki_yuwuto/status/1977266606276563370,https://t.co/l8m2dBC07G,1.0,2.0,12.0,818.0,zxx,,,,,,,,,,,,
tweet-1975531604660646091,2026-03-06 13:12:14,推特,Abel29578904,'1591830711157526528,dOAQb,转帖,Tue Oct 07 12:00:12 +0000 2025,,,,,,,,,miyazaki_yuwuto,'1667742294756450304,ZOoooLLY!(*･ω･)ﾉ,Tue Oct 07 08:44:39 +0000 2025,'1975482390702354527,https://x.com/miyazaki_yuwuto/status/1975482390702354527,广州地铁 https://t.co/OhfUZBhk5F,0.0,1.0,3.0,197.0,zh,,,,,,,,,,,,
profile-conversation-2029787107764994060,2026-03-06 13:12:14,推特,Abel29578904,'1591830711157526528,dOAQb,回复,Mon Sep 29 13:52:10 +0000 2025,'1972660678856200451,https://x.com/Abel29578904/status/1972660678856200451,好难受啊,0.0,0.0,0.0,52.0,zh,Abel29578904,'1591830711157526528,dOAQb,Mon Sep 29 13:52:03 +0000 2025,'1972660647214412224,https://x.com/Abel29578904/status/1972660647214412224,下午开始犯恶心想吐吃不下饭。今晚不打游戏不熬夜了呜呜呜。(┯_┯),1.0,0.0,0.0,60.0,zh,,,,,,,,,,,,
tweet-1963677490733560007,2026-03-06 13:12:14,推特,Abel29578904,'1591830711157526528,dOAQb,转帖,Thu Sep 04 18:56:11 +0000 2025,,,,,,,,,yyyzlz3,'1842203626418409472,狸,Wed Sep 03 04:52:11 +0000 2025,'1963102701673398761,https://x.com/yyyzlz3/status/1963102701673398761,@linjiyewei 憋着呢，放松了当场闪瞎所有人,13.0,8.0,1428.0,74704.0,zh,,,,,,,,,,,,
tweet-1963676228604633159,2026-03-06 13:12:14,推特,Abel29578904,'1591830711157526528,dOAQb,转帖,Thu Sep 04 18:51:10 +0000 2025,,,,,,,,,LiuCiri,'1063516279896752128,Ciri Liu,Wed Sep 03 01:12:00 +0000 2025,'1963047292644032858,https://x.com/LiuCiri/status/1963047292644032858,北京在阅兵，推上各路反贼在发疯😂😂,175.0,14.0,1567.0,178842.0,zh,,,,,,,,,,,,
tweet-1962590853261860984,2026-03-06 13:12:14,推特,Abel29578904,'1591830711157526528,dOAQb,转帖,Mon Sep 01 18:58:17 +0000 2025,,,,,,,,,LongforBright,'498054995,JustOneShot,Mon Sep 01 17:23:40 +0000 2025,'1962567044169376107,https://x.com/LongforBright/status/1962567044169376107,@JiaweiShen2568 鲁迅笔下的“看到大腿就想到交配”😂,2.0,3.0,150.0,40039.0,zh,,,,,,,,,,,,
tweet-1962589329827733820,2026-03-06 13:12:14,推特,Abel29578904,'1591830711157526528,dOAQb,原创,Mon Sep 01 18:52:14 +0000 2025,,,,,,,,,Abel29578904,'1591830711157526528,dOAQb,Mon Sep 01 18:52:14 +0000 2025,'1962589329827733820,https://x.com/Abel29578904/status/1962589329827733820,合影。对面是一个很强的Skywars玩家/主播#hypixel#Skywars https://t.co/OLJZZmOrR3,0.0,0.0,0.0,75.0,zh,,,,,,,,,,,,
tweet-1950698553384620299,2026-03-06 13:12:14,推特,Abel29578904,'1591830711157526528,dOAQb,原创,Wed Jul 30 23:22:32 +0000 2025,,,,,,,,,Abel29578904,'1591830711157526528,dOAQb,Wed Jul 30 23:22:32 +0000 2025,'1950698553384620299,https://x.com/Abel29578904/status/1950698553384620299,"❗️新视频释放❗️【MC×LastDance】The Last Dance Before The Anti-cheat Update...|ft.Opai,Rvn-XD,Myau https://t.co/gmOhDFTB8z",0.0,0.0,0.0,417.0,en,,,,,,,,,,,,
tweet-1640199243649503232,2026-03-06 13:13:32,推特,Azxcco,'1463852030758465540,Accx,原创,Mon Mar 27 03:49:07 +0000 2023,,,,,,,,,Azxcco,'1463852030758465540,Accx,Mon Mar 27 03:49:07 +0000 2023,'1640199243649503232,https://x.com/Azxcco/status/1640199243649503232,I like this. https://t.co/VYe0zjSAgc,0.0,0.0,0.0,29.0,en,,,,,,,,,,,,
tweet-2027977794790285508,2026-03-06 13:14:15,推特,Lin1474290,'1814087622001852416,Lin,转帖,Sun Mar 01 05:22:38 +0000 2026,,,,,,,,,VXAC7MZF8y95513,'1941409664639655936,琪琪小仙女#性感#野外#车内#高跟鞋#丝袜,Sun Mar 01 04:23:46 +0000 2026,'2027962980558901659,https://x.com/VXAC7MZF8y95513/status/2027962980558901659,这家伙不行了，要换人了，评论区随机抽选一名幸运观众，转发加关注送十条自拍视频 https://t.co/C1mbRCq7oh,2.0,1.0,1.0,922.0,zh,,,,,,,,,,,,
tweet-2027045498490949930,2026-03-06 13:14:15,推特,Lin1474290,'1814087622001852416,Lin,原创,Thu Feb 26 15:38:02 +0000 2026,,,,,,,,,Lin1474290,'1814087622001852416,Lin,Thu Feb 26 15:38:02 +0000 2026,'2027045498490949930,https://x.com/Lin1474290/status/2027045498490949930,有没有想看男高撸的，来加我我现在视频录给她看,0.0,0.0,2.0,245.0,zh,,,,,,,,,,,,
tweet-2026937558261960892,2026-03-06 13:14:15,推特,Lin1474290,'1814087622001852416,Lin,转帖,Thu Feb 26 08:29:07 +0000 2026,,,,,,,,,Lin1474290,'1814087622001852416,Lin,Thu Feb 26 08:26:32 +0000 2026,'2026936909004779976,https://x.com/Lin1474290/status/2026936909004779976,我要戒撸，一天撸三四发，爽是爽但消耗太大，除非有高跟极品骚货,0.0,1.0,2.0,839.0,zh,,,,,,,,,,,,
tweet-2026937315940348197,2026-03-06 13:14:15,推特,Lin1474290,'1814087622001852416,Lin,原创,Thu Feb 26 08:28:09 +0000 2026,,,,,,,,,Lin1474290,'1814087622001852416,Lin,Thu Feb 26 08:28:09 +0000 2026,'2026937315940348197,https://x.com/Lin1474290/status/2026937315940348197,真得戒了,1.0,0.0,0.0,393.0,ja,,,,,,,,,,,,
tweet-2026936909004779976,2026-03-06 13:14:15,推特,Lin1474290,'1814087622001852416,Lin,原创,Thu Feb 26 08:26:32 +0000 2026,,,,,,,,,Lin1474290,'1814087622001852416,Lin,Thu Feb 26 08:26:32 +0000 2026,'2026936909004779976,https://x.com/Lin1474290/status/2026936909004779976,我要戒撸，一天撸三四发，爽是爽但消耗太大，除非有高跟极品骚货,0.0,1.0,2.0,839.0,zh,,,,,,,,,,,,
tweet-2026931919062184164,2026-03-06 13:14:15,推特,Lin1474290,'1814087622001852416,Lin,原创,Thu Feb 26 08:06:42 +0000 2026,,,,,,,,,Lin1474290,'1814087622001852416,Lin,Thu Feb 26 08:06:42 +0000 2026,'2026931919062184164,https://x.com/Lin1474290/status/2026931919062184164,弟弟好久没释放了，有没有高跟姐姐帮帮弟弟，实在不行，聊聊天也可以,0.0,0.0,3.0,564.0,zh,,,,,,,,,,,,
tweet-2026691479889129715,2026-03-06 13:14:15,推特,Lin1474290,'1814087622001852416,Lin,原创,Wed Feb 25 16:11:17 +0000 2026,,,,,,,,,Lin1474290,'1814087622001852416,Lin,Wed Feb 25 16:11:17 +0000 2026,'2026691479889129715,https://x.com/Lin1474290/status/2026691479889129715,有没有姐姐嘛，弟弟在等呢,0.0,0.0,0.0,292.0,zh,,,,,,,,,,,,
tweet-2026119483337691437,2026-03-06 13:14:15,推特,Lin1474290,'1814087622001852416,Lin,原创,Tue Feb 24 02:18:22 +0000 2026,,,,,,,,,Lin1474290,'1814087622001852416,Lin,Tue Feb 24 02:18:22 +0000 2026,'2026119483337691437,https://x.com/Lin1474290/status/2026119483337691437,有高跟姐姐喜欢男高的吗，来榨干我呗，实在不行聊天，射屏也可以,0.0,0.0,1.0,499.0,zh,,,,,,,,,,,,
tweet-2025965340619120990,2026-03-06 13:14:15,推特,Lin1474290,'1814087622001852416,Lin,原创,Mon Feb 23 16:05:52 +0000 2026,,,,,,,,,Lin1474290,'1814087622001852416,Lin,Mon Feb 23 16:05:52 +0000 2026,'2025965340619120990,https://x.com/Lin1474290/status/2025965340619120990,真的没有高跟姐姐来聊天吗，榨干弟弟也可以啊,0.0,0.0,0.0,243.0,zh,,,,,,,,,,,,
tweet-2025959601561296952,2026-03-06 13:14:15,推特,Lin1474290,'1814087622001852416,Lin,原创,Mon Feb 23 15:43:04 +0000 2026,,,,,,,,,Lin1474290,'1814087622001852416,Lin,Mon Feb 23 15:43:04 +0000 2026,'2025959601561296952,https://x.com/Lin1474290/status/2025959601561296952,来个穿高跟的姐姐天天把弟弟榨干，聊天也可以呀弟弟秒回,0.0,0.0,0.0,455.0,zh,,,,,,,,,,,,
tweet-2025921572951969803,2026-03-06 13:14:15,推特,Lin1474290,'1814087622001852416,Lin,原创,Mon Feb 23 13:11:57 +0000 2026,,,,,,,,,Lin1474290,'1814087622001852416,Lin,Mon Feb 23 13:11:57 +0000 2026,'2025921572951969803,https://x.com/Lin1474290/status/2025921572951969803,有没有高跟姐姐啊，快来榨干我！，不来榨干也可以聊天啊！,0.0,0.0,0.0,255.0,zh,,,,,,,,,,,,
tweet-2025603975710671284,2026-03-06 13:14:15,推特,Lin1474290,'1814087622001852416,Lin,原创,Sun Feb 22 16:09:56 +0000 2026,,,,,,,,,Lin1474290,'1814087622001852416,Lin,Sun Feb 22 16:09:56 +0000 2026,'2025603975710671284,https://x.com/Lin1474290/status/2025603975710671284,来个爱穿高跟的大美女每天把弟弟的小鸡巴榨干,0.0,0.0,0.0,351.0,zh,,,,,,,,,,,,
tweet-2025603532402164055,2026-03-06 13:14:15,推特,Lin1474290,'1814087622001852416,Lin,原创,Sun Feb 22 16:08:10 +0000 2026,,,,,,,,,Lin1474290,'1814087622001852416,Lin,Sun Feb 22 16:08:10 +0000 2026,'2025603532402164055,https://x.com/Lin1474290/status/2025603532402164055,来个高跟大美女每天把弟弟的小鸡巴精液榨干,0.0,0.0,0.0,421.0,zh,,,,,,,,,,,,
tweet-2025486942683766908,2026-03-06 13:14:15,推特,Lin1474290,'1814087622001852416,Lin,原创,Sun Feb 22 08:24:53 +0000 2026,,,,,,,,,Lin1474290,'1814087622001852416,Lin,Sun Feb 22 08:24:53 +0000 2026,'2025486942683766908,https://x.com/Lin1474290/status/2025486942683766908,来个高跟姐姐，天天能把我榨干那种 ，我每天都射给她,0.0,0.0,1.0,272.0,zh,,,,,,,,,,,,
tweet-2025486041122283842,2026-03-06 13:14:15,推特,Lin1474290,'1814087622001852416,Lin,原创,Sun Feb 22 08:21:18 +0000 2026,,,,,,,,,Lin1474290,'1814087622001852416,Lin,Sun Feb 22 08:21:18 +0000 2026,'2025486041122283842,https://x.com/Lin1474290/status/2025486041122283842,来个高跟姐姐，我每天射给她,0.0,0.0,0.0,286.0,zh,,,,,,,,,,,,
tweet-2025485748846408179,2026-03-06 13:14:15,推特,Lin1474290,'1814087622001852416,Lin,原创,Sun Feb 22 08:20:08 +0000 2026,,,,,,,,,Lin1474290,'1814087622001852416,Lin,Sun Feb 22 08:20:08 +0000 2026,'2025485748846408179,https://x.com/Lin1474290/status/2025485748846408179,来个高跟姐姐，我每天都射给她，把我榨干为止,0.0,0.0,0.0,268.0,zh,,,,,,,,,,,,
tweet-2025241291794403616,2026-03-06 13:14:15,推特,Lin1474290,'1814087622001852416,Lin,原创,Sat Feb 21 16:08:45 +0000 2026,,,,,,,,,Lin1474290,'1814087622001852416,Lin,Sat Feb 21 16:08:45 +0000 2026,'2025241291794403616,https://x.com/Lin1474290/status/2025241291794403616,现在来个姐姐陪我聊天秒回，快,0.0,0.0,1.0,650.0,zh,,,,,,,,,,,,
tweet-2025148579644670073,2026-03-06 13:14:15,推特,Lin1474290,'1814087622001852416,Lin,原创,Sat Feb 21 10:00:21 +0000 2026,,,,,,,,,Lin1474290,'1814087622001852416,Lin,Sat Feb 21 10:00:21 +0000 2026,'2025148579644670073,https://x.com/Lin1474290/status/2025148579644670073,来个姐姐聊天聊啥都行秒回,0.0,0.0,2.0,604.0,zh,,,,,,,,,,,,
tweet-2024881351250645159,2026-03-06 13:14:15,推特,Lin1474290,'1814087622001852416,Lin,原创,Fri Feb 20 16:18:29 +0000 2026,,,,,,,,,Lin1474290,'1814087622001852416,Lin,Fri Feb 20 16:18:29 +0000 2026,'2024881351250645159,https://x.com/Lin1474290/status/2024881351250645159,来个能聊的我秒回,0.0,0.0,0.0,533.0,zh,,,,,,,,,,,,
tweet-2024842234319995013,2026-03-06 13:14:15,推特,Lin1474290,'1814087622001852416,Lin,原创,Fri Feb 20 13:43:03 +0000 2026,,,,,,,,,Lin1474290,'1814087622001852416,Lin,Fri Feb 20 13:43:03 +0000 2026,'2024842234319995013,https://x.com/Lin1474290/status/2024842234319995013,有姐姐想要当我头像的吗赶紧过来,0.0,0.0,0.0,558.0,zh,,,,,,,,,,,,
tweet-1948263785124245914,2026-03-06 13:16:41,推特,OVO21_z,'1924148967065128960,Too,原创,Thu Jul 24 06:07:38 +0000 2025,,,,,,,,,OVO21_z,'1924148967065128960,Too,Thu Jul 24 06:07:38 +0000 2025,'1948263785124245914,https://x.com/OVO21_z/status/1948263785124245914,骗子别来浪费彼此时间,0.0,0.0,4.0,663.0,zh,,,,,,,,,,,,
profile-conversation-2029790753193984000,2026-03-06 13:26:44,推特,wn878448,'1782543030706393088,崽崽,回复,Sat Oct 26 09:35:57 +0000 2024,'1850109099591225459,https://x.com/wn878448/status/1850109099591225459,联系方式私,7.0,0.0,3.0,7452.0,zh,,,,,,,Warning：原帖已被删除，或原帖作者账号设置了限制，甚至是原帖作者账号被官方冻结、删除！,,,,,,,,,,,,,,,,,
profile-conversation-2029790753193984001,2026-03-06 13:26:44,推特,wn878448,'1782543030706393088,崽崽,回复,Tue Sep 10 14:32:31 +0000 2024,'1833513890321514772,https://x.com/wn878448/status/1833513890321514772,要联系方式，私,0.0,0.0,1.0,5621.0,zh,,,,,,,Warning：原帖已被删除，或原帖作者账号设置了限制，甚至是原帖作者账号被官方冻结、删除！,,,,,,,,,,,,,,,,,
tweet-1819109155208413336,2026-03-06 13:26:44,推特,wn878448,'1782543030706393088,崽崽,转帖,Thu Aug 01 20:33:14 +0000 2024,,,,,,,,,vigny520,'1327077301427654659,反差乐园,Sat Jan 13 02:24:26 +0000 2024,'1745995188798185914,https://x.com/vigny520/status/1745995188798185914,❤️帮调教过的反差女生试探自己的妹妹❤️小姐姐想看看妹妹是不是反差，结果很惊喜。QQ是姐姐视角，微信的聊天内容是妹妹的视角。#反差 #母狗 #羞辱 #社死 #曝光 #自毁 #试探 #大学生 #舍友 #闺蜜 #女同 #绿帽 #丝袜 #肉便器 #性奴 #出卖 #反差婊 #调教 #问答 #剧情 #出卖闺蜜 #聊天记录 https://t.co/XYfss1Ei9P,7.0,14.0,106.0,63747.0,zh,,,,,,,,,,,,
tweet-2026329706677563414,2026-03-06 13:28:20,推特,rollline2333,'1969350157981663232,(●• ̀ω•́ )✧,转帖,Tue Feb 24 16:13:44 +0000 2026,,,,,,,,,qqqqqf5,'1618557658163970049,清凤🍥,Tue Feb 24 13:09:32 +0000 2026,'2026283352530334109,https://x.com/qqqqqf5/status/2026283352530334109,压倒骆驼的最后一个原神家庭 https://t.co/qFd15ZCWQ4,36.0,39.0,1212.0,303999.0,zh,,,,,,,,,,,,
tweet-2026329632232911054,2026-03-06 13:28:20,推特,rollline2333,'1969350157981663232,(●• ̀ω•́ )✧,转帖,Tue Feb 24 16:13:26 +0000 2026,,,,,,,,,hsn8086xe,'1863439189909618688,hsn.bot,Tue Feb 24 05:58:18 +0000 2026,'2026174827456082218,https://x.com/hsn8086xe/status/2026174827456082218,https://t.co/gsc0pLsmQ2,9.0,30.0,1366.0,62032.0,zxx,,,,,,,,,,,,
tweet-2026329002034536742,2026-03-06 13:28:20,推特,rollline2333,'1969350157981663232,(●• ̀ω•́ )✧,转帖,Tue Feb 24 16:10:56 +0000 2026,,,,,,,,,youy1qwq,'2012631283898187776,由依🍥,Tue Feb 24 05:00:00 +0000 2026,'2026160156526948444,https://x.com/youy1qwq/status/2026160156526948444,https://t.co/dRTYqmRbqp,8.0,18.0,704.0,19989.0,zxx,,,,,,,,,,,,
tweet-2026328591055667361,2026-03-06 13:28:20,推特,rollline2333,'1969350157981663232,(●• ̀ω•́ )✧,转帖,Tue Feb 24 16:09:18 +0000 2026,,,,,,,,,huajuanshiwo,'1755765450707709952,树海,Tue Feb 24 08:02:44 +0000 2026,'2026206143962546194,https://x.com/huajuanshiwo/status/2026206143962546194,可以截图发墙外吗？ https://t.co/7npXfIwXQw,90.0,62.0,2116.0,309136.0,zh,,,,,,,,,,,,
tweet-2026327873250886027,2026-03-06 13:28:20,推特,rollline2333,'1969350157981663232,(●• ̀ω•́ )✧,转帖,Tue Feb 24 16:06:26 +0000 2026,,,,,,,,,GuiMengNya,'1685499489493323776,归梦,Tue Feb 24 06:31:42 +0000 2026,'2026183235005477276,https://x.com/GuiMengNya/status/2026183235005477276,气不活了 https://t.co/4lFIQE4wpg,37.0,54.0,2004.0,153658.0,zh,,,,,,,,,,,,
tweet-2026327606577000520,2026-03-06 13:28:20,推特,rollline2333,'1969350157981663232,(●• ̀ω•́ )✧,转帖,Tue Feb 24 16:05:23 +0000 2026,,,,,,,,,GuiMengNya,'1685499489493323776,归梦,Sun Feb 22 17:25:33 +0000 2026,'2025623005225972003,https://x.com/GuiMengNya/status/2025623005225972003,小恐龙一跳一跳的多可爱 https://t.co/UhgG0XCVHY,26.0,265.0,8538.0,333064.0,zh,,,,,,,,,,,,
tweet-2024940221876383933,2026-03-06 13:28:20,推特,rollline2333,'1969350157981663232,(●• ̀ω•́ )✧,转帖,Fri Feb 20 20:12:25 +0000 2026,,,,,,,,,BI3BXI,'1545277694325116928,你是要气死铨酱么（淡推中）,Fri Feb 20 10:00:00 +0000 2026,'2024786102612107648,https://x.com/BI3BXI/status/2024786102612107648,https://t.co/EGtCP2Ygtm,30.0,86.0,4044.0,74422.0,zxx,,,,,,,,,,,,
tweet-2024939769705165297,2026-03-06 13:28:20,推特,rollline2333,'1969350157981663232,(●• ̀ω•́ )✧,转帖,Fri Feb 20 20:10:37 +0000 2026,,,,,,,,,GuiMengNya,'1685499489493323776,归梦,Fri Feb 20 09:44:52 +0000 2026,'2024782296403063063,https://x.com/GuiMengNya/status/2024782296403063063,在众多明示中，找到了一条暗示 https://t.co/KROiFN5Vdo,192.0,96.0,6465.0,2069143.0,zh,,,,,,,,,,,,
tweet-2022661704535163206,2026-03-06 13:28:20,推特,rollline2333,'1969350157981663232,(●• ̀ω•́ )✧,转帖,Sat Feb 14 13:18:24 +0000 2026,,,,,,,,,Cldeop,'1613079089879076864,雲鳩,Fri Feb 13 21:45:00 +0000 2026,'2022426806830121152,https://x.com/Cldeop/status/2022426806830121152,？震撼首发 https://t.co/VwuxTXHwjI,15.0,157.0,2991.0,92448.0,zh,,,,,,,,,,,,
tweet-2019355332200518115,2026-03-06 13:28:20,推特,rollline2333,'1969350157981663232,(●• ̀ω•́ )✧,转帖,Thu Feb 05 10:20:03 +0000 2026,,,,,,,,,GuiMengNya,'1685499489493323776,归梦,Wed Feb 04 18:43:54 +0000 2026,'2019119739587686833,https://x.com/GuiMengNya/status/2019119739587686833,好多了 https://t.co/VqwWrHfQ0N,41.0,99.0,3762.0,284257.0,ja,,,,,,,,,,,,
tweet-2019354932722430267,2026-03-06 13:28:20,推特,rollline2333,'1969350157981663232,(●• ̀ω•́ )✧,转帖,Thu Feb 05 10:18:28 +0000 2026,,,,,,,,,hsn8086,'1433678976564662273,hsn,Wed Feb 04 11:27:00 +0000 2026,'2019009793705586922,https://x.com/hsn8086/status/2019009793705586922,https://t.co/vXLNWRFFaR,18.0,53.0,1948.0,34259.0,zxx,,,,,,,,,,,,
tweet-2017277419007168839,2026-03-06 13:28:20,推特,rollline2333,'1969350157981663232,(●• ̀ω•́ )✧,转帖,Fri Jan 30 16:43:10 +0000 2026,,,,,,,,,FanKetchup,'993517462183280640,帆咔嚓,Thu Jan 29 14:38:41 +0000 2026,'2016883703528783941,https://x.com/FanKetchup/status/2016883703528783941,做点沙雕图 https://t.co/07aeqXFqI2,64.0,151.0,4564.0,769530.0,zh,,,,,,,,,,,,
tweet-2017277157924352293,2026-03-06 13:28:20,推特,rollline2333,'1969350157981663232,(●• ̀ω•́ )✧,转帖,Fri Jan 30 16:42:08 +0000 2026,,,,,,,,,didengshengwu,'1593547850637791233,低等生物,Thu Jan 29 14:34:09 +0000 2026,'2016882560979390512,https://x.com/didengshengwu/status/2016882560979390512,https://t.co/O7BiTbvBUy,124.0,35.0,2579.0,220568.0,zxx,,,,,,,,,,,,
tweet-2017277021034824105,2026-03-06 13:28:20,推特,rollline2333,'1969350157981663232,(●• ̀ω•́ )✧,转帖,Fri Jan 30 16:41:35 +0000 2026,,,,,,,,,DanJack67524194,'1299312684991569920,狐曌🦊,Fri Jan 30 02:35:00 +0000 2026,'2017063971917090976,https://x.com/DanJack67524194/status/2017063971917090976,電飯鍋：家人們 我活的下去嗎 https://t.co/ku0Ijd9v21,40.0,44.0,3004.0,289936.0,zh,,,,,,,,,,,,
tweet-2017276935810756806,2026-03-06 13:28:20,推特,rollline2333,'1969350157981663232,(●• ̀ω•́ )✧,转帖,Fri Jan 30 16:41:15 +0000 2026,,,,,,,,,GuiMengNya,'1685499489493323776,归梦,Thu Jan 29 23:26:10 +0000 2026,'2017016450993836266,https://x.com/GuiMengNya/status/2017016450993836266,https://t.co/rrbnLjrK8O,14.0,29.0,928.0,37982.0,zxx,,,,,,,,,,,,
tweet-2017276729862066505,2026-03-06 13:28:20,推特,rollline2333,'1969350157981663232,(●• ̀ω•́ )✧,转帖,Fri Jan 30 16:40:26 +0000 2026,,,,,,,,,NPC888666,'1620328547847110656,有故事的NPC,Fri Jan 30 03:45:33 +0000 2026,'2017081726582084081,https://x.com/NPC888666/status/2017081726582084081,https://t.co/d72sRoRyjl,173.0,70.0,4089.0,720494.0,zxx,,,,,,,,,,,,
tweet-2017267693594771727,2026-03-06 13:28:20,推特,rollline2333,'1969350157981663232,(●• ̀ω•́ )✧,转帖,Fri Jan 30 16:04:31 +0000 2026,,,,,,,,,hgds0,'1507396901594820608,恋,Fri Jan 30 11:33:05 +0000 2026,'2017199385566953915,https://x.com/hgds0/status/2017199385566953915,https://t.co/X16cz2DMfp,24.0,166.0,1697.0,62309.0,zxx,,,,,,,,,,,,
tweet-2017267599009042824,2026-03-06 13:28:20,推特,rollline2333,'1969350157981663232,(●• ̀ω•́ )✧,转帖,Fri Jan 30 16:04:09 +0000 2026,,,,,,,,,Cldeop,'1613079089879076864,雲鳩,Fri Jan 30 07:29:00 +0000 2026,'2017137957044392176,https://x.com/Cldeop/status/2017137957044392176,没及格也没关系。你很棒。 https://t.co/nmddQ3oTRP,13.0,83.0,2195.0,58259.0,zh,,,,,,,,,,,,
tweet-2017267525403205797,2026-03-06 13:28:20,推特,rollline2333,'1969350157981663232,(●• ̀ω•́ )✧,转帖,Fri Jan 30 16:03:51 +0000 2026,,,,,,,,,BI3BXI,'1545277694325116928,你是要气死铨酱么（淡推中）,Fri Jan 30 03:00:03 +0000 2026,'2017070273447580099,https://x.com/BI3BXI/status/2017070273447580099,https://t.co/cbyW0aQG7T,20.0,56.0,2854.0,483360.0,zxx,,,,,,,,,,,,
tweet-2017266930969711059,2026-03-06 13:28:20,推特,rollline2333,'1969350157981663232,(●• ̀ω•́ )✧,转帖,Fri Jan 30 16:01:30 +0000 2026,,,,,,,,,hgds0,'1507396901594820608,恋,Fri Jan 30 11:41:12 +0000 2026,'2017201425617686769,https://x.com/hgds0/status/2017201425617686769,本人两种状态： https://t.co/cDq5qccVsT,48.0,229.0,2174.0,189178.0,zh,,,,,,,,,,,,
tweet-2026247227900063757,2026-03-06 13:29:06,推特,saligia24180687,'1003083825079975942,mine,原创,Tue Feb 24 10:45:59 +0000 2026,,,,,,,,,saligia24180687,'1003083825079975942,mine,Tue Feb 24 10:45:59 +0000 2026,'2026247227900063757,https://x.com/saligia24180687/status/2026247227900063757,どんな #ポケモン会えるかな ？#ポケモン30周年 #PR @poke_times,0.0,0.0,0.0,16.0,ja,,,,,,,,,,,,
tweet-1906942307410260423,2026-03-06 13:29:06,推特,saligia24180687,'1003083825079975942,mine,转帖,Tue Apr 01 05:30:50 +0000 2025,,,,,,,,,KM_OSMY,'1496394153156292608,KM,Mon Jan 20 07:21:59 +0000 2025,'1881240743131672582,https://x.com/KM_OSMY/status/1881240743131672582,流石にこれは可愛すぎる……！！！ https://t.co/vWIYeoS0i8,83.0,1188.0,22191.0,4564864.0,ja,,,,,,,,,,,,
tweet-1773577877625147491,2026-03-06 13:29:06,推特,saligia24180687,'1003083825079975942,mine,转帖,Fri Mar 29 05:08:12 +0000 2024,,,,,,,,,KizunaAIinc,'1200688920251338753,Kizuna AI Inc.,Fri Mar 29 04:00:21 +0000 2024,'1773560806036197460,https://x.com/KizunaAIinc/status/1773560806036197460,契約満了による当社アドバイザーの退任のお知らせNotice of Resignation of the Company’s Advisor Due to Expiration of Contract关于合约期满退任本社顾问的告知 https://t.co/EYkyD7dioc,378.0,4644.0,14632.0,4851496.0,ja,,,,,,,,,,,,
tweet-1757044309986320687,2026-03-06 13:29:06,推特,saligia24180687,'1003083825079975942,mine,转帖,Mon Feb 12 14:09:42 +0000 2024,,,,,,,,,blendy_13,'4079050693,blendy🔞療養するぞ(´・ω・`),Sat Jan 06 11:27:24 +0000 2024,'1743595113455239620,https://x.com/blendy_13/status/1743595113455239620,すぐ後ろに人がいるのに、教頭はスカートの中まさぐってきて…しかも軽く手でシゴいていたら、もう射精そうって。焦りに焦った秋葉様は、ほんとに口で咥えてしまう。振り返れば人がいる状況で、名家のお嬢さまが中年のを咥え、飛び出す白濁液を一滴残さず口内に…高画質→https://t.co/EtJATZWlah https://t.co/xiodjVoosD,21.0,2063.0,13440.0,1676155.0,ja,,,,,,,,,,,,
tweet-1750712128171073721,2026-03-06 13:29:06,推特,saligia24180687,'1003083825079975942,mine,转帖,Fri Jan 26 02:47:52 +0000 2024,,,,,,,,,sudatimark2,'1487205651210113024,すだち@サブ垢,Thu Jan 25 10:11:58 +0000 2024,'1750461502740631599,https://x.com/sudatimark2/status/1750461502740631599,(フフ…見てる見てる…)が似合うウマ娘ステークスとは！そのまま。,18.0,64.0,412.0,530053.0,ja,,,,,,,,,,,,
tweet-1745373823028089086,2026-03-06 13:29:06,推特,saligia24180687,'1003083825079975942,mine,转帖,Thu Jan 11 09:15:21 +0000 2024,,,,,,,,,sudatimark2,'1487205651210113024,すだち@サブ垢,Wed Jan 10 07:02:35 +0000 2024,'1744978022565032059,https://x.com/sudatimark2/status/1744978022565032059,トレーナー「彼女がさ…」ステークスとは！トレーナーによる「彼女がさ…」と「欲しくてさ…」発言の間及び前後の担当ウマ娘の反応を想像し出力するステークスである！,72.0,1102.0,4467.0,4973791.0,ja,,,,,,,,,,,,
tweet-1742559614732783909,2026-03-06 13:29:06,推特,saligia24180687,'1003083825079975942,mine,转帖,Wed Jan 03 14:52:42 +0000 2024,,,,,,,,,scalizo_art,'2313855504,scalizo @ vgen,Tue Jan 02 15:46:37 +0000 2024,'1742210797584204049,https://x.com/scalizo_art/status/1742210797584204049,i spent the whole afternoon making this 😂😂😂 https://t.co/E4r91b8geF,91.0,3418.0,11840.0,829507.0,en,,,,,,,,,,,,
tweet-1740176307307282803,2026-03-06 13:29:06,推特,saligia24180687,'1003083825079975942,mine,转帖,Thu Dec 28 01:02:17 +0000 2023,,,,,,,,,u__tools,'1387378418967220224,U-tools＠ウマ娘攻略ツール集,Wed Dec 27 17:50:04 +0000 2023,'1740067536094544334,https://x.com/u__tools/status/1740067536094544334,あらあら😊#アニメウマ娘#ウマ娘3期 https://t.co/kLs4SDeBZe,26.0,1185.0,7961.0,525609.0,ja,,,,,,,,,,,,
tweet-1730037321414975897,2026-03-06 13:29:06,推特,saligia24180687,'1003083825079975942,mine,转帖,Thu Nov 30 01:33:34 +0000 2023,,,,,,,,,vanmadoy,'100467954,円居挽@12月25日『京都市民限定で求人が出ているとあるバイトについて』（MF文庫J）発売,Wed Nov 29 10:28:54 +0000 2023,'1729809653163331611,https://x.com/vanmadoy/status/1729809653163331611,というわけで年末のFGO特番、謎丸アニメスペシャルにミステリーコンサルタントという肩書きで参加しております。よろしくお願いします https://t.co/jt08ByVmpd,2.0,2028.0,2735.0,616302.0,ja,,,,,,,,,,,,
tweet-1709173935487762691,2026-03-06 13:29:06,推特,saligia24180687,'1003083825079975942,mine,转帖,Tue Oct 03 11:49:55 +0000 2023,,,,,,,,,blendy_13,'4079050693,blendy🔞療養するぞ(´・ω・`),Tue Oct 03 10:19:18 +0000 2023,'1709151127839912428,https://x.com/blendy_13/status/1709151127839912428,唾液たっぷりのジュポジュポ激しいストロークで暴発寸前になったチンポを焦らすように舌先でおちょくると、人差し指で裏スジをピンッ……と弾いて射精させる。そのまま口内でじっくり吐精させ、舌と唇でたっっっぷり時間かけて射精中チンポをしゃぶる秋葉様高画質60fps　→　https://t.co/RPxQpFGxLo https://t.co/SYbJxBhx8o,17.0,2722.0,17329.0,2087906.0,ja,,,,,,,,,,,,
tweet-1696894883166814683,2026-03-06 13:29:06,推特,saligia24180687,'1003083825079975942,mine,转帖,Wed Aug 30 14:37:21 +0000 2023,,,,,,,,,ryumrykk,'168030504,四国犬@skeb受付中📝 新刊/既刊通販受付中🍈,Tue Aug 29 11:24:07 +0000 2023,'1696483865953742869,https://x.com/ryumrykk/status/1696483865953742869,トップタップしてる😎 https://t.co/QdcaE2ZzE1,11.0,464.0,3405.0,153337.0,ja,,,,,,,,,,,,
tweet-1326494786589655040,2026-03-06 13:29:06,推特,saligia24180687,'1003083825079975942,mine,转帖,Wed Nov 11 11:59:36 +0000 2020,,,,,,,,,FateGrandOrder,'2700391326,FGOまとめ速報,Wed Nov 11 09:08:09 +0000 2020,'1326451636500267009,https://x.com/FateGrandOrder/status/1326451636500267009,「忘れるな、イメージするものは常に最強の自分だ」#FateGO　#FGO https://t.co/q9REVSXbF4,16.0,1206.0,5453.0,,ja,,,,,,,,,,,,
tweet-1004358708422250496,2026-03-06 13:29:06,推特,saligia24180687,'1003083825079975942,mine,转帖,Wed Jun 06 13:45:50 +0000 2018,,,,,,,,,OlothBuchic,'335278284,🄼4⃣🄷🄽🅈♜⃤,Wed Jun 06 13:14:19 +0000 2018,'1004350773596078080,https://x.com/OlothBuchic/status/1004350773596078080,ぐだぐだ新イベントCMかっこよすぎィ！#FGO https://t.co/1Sm3hR8LE4,22.0,24175.0,35274.0,,ja,,,,,,,,,,,,
tweet-1982120764959867366,2026-03-06 13:30:36,推特,MTang74543,'1809335011994468352,mi tang,转帖,Sat Oct 25 16:23:11 +0000 2025,,,,,,,,,chromatwigim,'1312587950044016640,alyᵇᵇᵘ,Fri Oct 24 01:17:47 +0000 2025,'1981530527208444402,https://x.com/chromatwigim/status/1981530527208444402,"❗️PLLI CHECKPOINT❗️✨ If you see this tweet, repost OR if you’re excited for plave’s 2nd single album PLBBUU + hashtags:I vote #PLAVE for #2025MAMAVOTE https://t.co/NP76sC5lF3",7.0,885.0,1238.0,15917.0,en,,,,,,,,,,,,
tweet-1982101457060180014,2026-03-06 13:30:36,推特,MTang74543,'1809335011994468352,mi tang,转帖,Sat Oct 25 15:06:27 +0000 2025,,,,,,,,,noteunho,'1891470378914193408,으노노ᵇᵇᵘ | hiatus,Wed Oct 22 13:44:16 +0000 2025,'1980993610578554995,https://x.com/noteunho/status/1980993610578554995,4K 가족사진 앙앙 X로고💙💜💗❤️🖤#플레이브 #PLAVE #2025MAMAVOTE https://t.co/8wFLlszSIY,7.0,1486.0,4437.0,60018.0,ko,,,,,,,,,,,,
tweet-1979144904694435948,2026-03-06 13:30:36,推特,MTang74543,'1809335011994468352,mi tang,转帖,Fri Oct 17 11:18:10 +0000 2025,,,,,,,,,lacdaohong,'1658399172868067334,PeachShakeee - Support Team PLAVE,Thu Oct 16 12:06:06 +0000 2025,'1978794577520943426,https://x.com/lacdaohong/status/1978794577520943426,"PLLI CHECKPOINTIf you see this tweet, rt + hashtags:I vote #PLAVE for #2025MAMAVOTE https://t.co/sXZf5GEl4j",2.0,571.0,611.0,11230.0,en,,,,,,,,,,,,
tweet-2027387729453977886,2026-03-06 13:31:49,推特,xiochntngz70439,'1647520024674852867,陈陈晨辰,转帖,Fri Feb 27 14:17:56 +0000 2026,,,,,,,,,ShowJoker4,'978860861698859008,xCuD17,Thu Feb 26 09:56:16 +0000 2026,'2026959489677824257,https://x.com/ShowJoker4/status/2026959489677824257,觉得好看的话 置顶码支持一下吧🫰🏻改为1米也是爱❤️【捆绑责🥵】 https://t.co/w1xNAnR9Ng,0.0,931.0,5773.0,134182.0,zh,,,,,,,,,,,,
tweet-2012908424640565580,2026-03-06 13:31:49,推特,xiochntngz70439,'1647520024674852867,陈陈晨辰,转帖,Sun Jan 18 15:22:21 +0000 2026,,,,,,,,,pipopper_auth,'1552336397666684931,Pi Popper Tùng Dịch shop,Thu Oct 09 01:35:54 +0000 2025,'1976099268424577206,https://x.com/pipopper_auth/status/1976099268424577206,Khởi động buổi sáng vs BotTQ body đỉnh đã mắt https://t.co/EAtGhQQD8d,28.0,553.0,2646.0,102813.0,vi,,,,,,,,,,,,
tweet-2003081832267665642,2026-03-06 13:31:49,推特,xiochntngz70439,'1647520024674852867,陈陈晨辰,转帖,Mon Dec 22 12:34:58 +0000 2025,,,,,,,,,ZZ2000S111,'1563212582306975746,东北 S 代文（互推私）瘦身看置顶,Fri Dec 19 23:56:07 +0000 2025,'2002166084657647898,https://x.com/ZZ2000S111/status/2002166084657647898,#瘦身看置顶#效果看主页照片爆🌿  19岁体育生弟弟   刚开始进去的时候一直叫疼 艹开之后 各种体位配合爸爸  求爸爸操深一点  操到一半主动摘掉套子   想被爸爸无套内射  最后精液全部灌进骚穴精液全部灌进骚穴 #无套内射  #猛操打桩 https://t.co/IlER81jPpY,0.0,446.0,2913.0,307655.0,zh,,,,,,,,,,,,
tweet-1997706584370434109,2026-03-06 13:31:49,推特,xiochntngz70439,'1647520024674852867,陈陈晨辰,转帖,Sun Dec 07 16:35:39 +0000 2025,,,,,,,,,SMaryln15282,'1765661332185944064,爷的青春回来了…！！《互推私》,Fri Dec 05 11:24:50 +0000 2025,'1996903585133838547,https://x.com/SMaryln15282/status/1996903585133838547,麟杰学长高考完的奶狗弟弟来和我互干他说他是第一次，刚刚考完试就来找我让我给他开苞。但丝毫没有感觉到他是第一次玩男人，技术之熟练，口交之顺滑。又想做0又想做学长的🐶狗还想做1，一次性把所有的愿望都满足他，真的很听话的小弟弟。https://t.co/dTGBtJGn4l,0.0,974.0,6917.0,320340.0,zh,,,,,,,,,,,,
tweet-1992584236596068501,2026-03-06 13:31:49,推特,xiochntngz70439,'1647520024674852867,陈陈晨辰,转帖,Sun Nov 23 13:21:17 +0000 2025,,,,,,,,,ArashiAbub62742,'1870443150382075904,鸡蛋卷,Fri Nov 21 20:12:40 +0000 2025,'1991962992016285894,https://x.com/ArashiAbub62742/status/1991962992016285894,直男学长想玩点刺激的，于是就拉着学长来楼道里，刚开始给学长取精，学长爽的不行，最后我立马停了下来，学长说继续啊不要停，于是我又偷偷口了一下直男，直男爽的全身颤抖，不得不说直男骚起来真的很爱...完整版39分钟关键词.取精直男高清自取↓https://t.co/erhYKbbsbhhttps://t.co/GJraTyTYmu,0.0,3744.0,14646.0,783866.0,zh,,,,,,,,,,,,
tweet-1989031498016809145,2026-03-06 13:31:49,推特,xiochntngz70439,'1647520024674852867,陈陈晨辰,原创,Thu Nov 13 18:03:58 +0000 2025,,,,,,,,,xiochntngz70439,'1647520024674852867,陈陈晨辰,Thu Nov 13 18:03:58 +0000 2025,'1989031498016809145,https://x.com/xiochntngz70439/status/1989031498016809145,我是真人！,0.0,0.0,0.0,16.0,ja,,,,,,,,,,,,
tweet-1985155732963238316,2026-03-06 13:31:49,推特,xiochntngz70439,'1647520024674852867,陈陈晨辰,转帖,Mon Nov 03 01:23:03 +0000 2025,,,,,,,,,ndaayrtt,'1806329179824406528,爸爸屌大,Thu Oct 30 23:44:59 +0000 2025,'1984043888303337746,https://x.com/ndaayrtt/status/1984043888303337746,屌大身材好的体育生谁不喜欢啊🌹我的视频都在G头条下载的 想看什么类型直接搜关键词G头条这个链接https://t.co/rpUrO6RVoK男男GV大片随心💕看🌹 https://t.co/ics3247XWX,0.0,238.0,579.0,73830.0,zh,,,,,,,,,,,,
tweet-1940416013935542665,2026-03-06 13:31:49,推特,xiochntngz70439,'1647520024674852867,陈陈晨辰,转帖,Wed Jul 02 14:23:23 +0000 2025,,,,,,,,,trf222255,'733038876151910406,丰富的芬芳,Wed Jul 02 13:34:17 +0000 2025,'1940403656547024905,https://x.com/trf222255/status/1940403656547024905,每日分享 zank→ https://t.co/Cjx3QKuR7p搜同 → https://t.co/19Z13xn3G1 GiliGili →  https://t.co/4brZsG8xka 小蓝俱乐部→https://t.co/Mvwhc9TmJe G头条→https://t.co/ZeapEeNXHL U蓝→https://t.co/06TfEkejBj G漫→https://t.co/LRKYTfXY3W https://t.co/9KPwnFmLaW,1.0,426.0,413.0,47211.0,zh,,,,,,,,,,,,
tweet-1873763936828629418,2026-03-06 13:31:49,推特,xiochntngz70439,'1647520024674852867,陈陈晨辰,转帖,Mon Dec 30 16:11:50 +0000 2024,,,,,,,,,CowherdJum13735,'1851715431868043272,爱马仕1,Mon Dec 30 08:55:21 +0000 2024,'1873654093086167507,https://x.com/CowherdJum13735/status/1873654093086167507,男神的基地  全网最全看片神器 更多超多高清完整版视频 每日更新1000部经典视频 G头条视频地址：👉https://t.co/peMmJNaFaM https://t.co/A23GewBq8c,0.0,398.0,1714.0,208251.0,zh,,,,,,,,,,,,
tweet-1858133588396634293,2026-03-06 13:31:49,推特,xiochntngz70439,'1647520024674852867,陈陈晨辰,转帖,Sun Nov 17 13:02:24 +0000 2024,,,,,,,,,YiChen_photos,'1780785540843089921,Photos-胤宸,Sun Nov 17 09:12:32 +0000 2024,'1858075740153237892,https://x.com/YiChen_photos/status/1858075740153237892,#抖音网红 #直男 #popo #薄肌 #勾引专访抖音网红popo 学校公厕撸大屌㊙️U蓝-正太弟弟  https://t.co/ML8qUoqQFV  幼瘦小奶狗㊙️G头条  https://t.co/0VIDVg8BLD 网黄集中地㊙️每天打飞机实时直播: https://t.co/8PBaDJvvCb大猛一和骚零的聚会空间！https://t.co/oP5WJrGrzu,0.0,222.0,391.0,80920.0,zh,,,,,,,,,,,,
tweet-1837098900345544961,2026-03-06 13:31:49,推特,xiochntngz70439,'1647520024674852867,陈陈晨辰,转帖,Fri Sep 20 11:58:04 +0000 2024,,,,,,,,,PascalWino69840,'1826600792062918657,白皮不想生,Thu Sep 19 01:03:03 +0000 2024,'1836571675082752252,https://x.com/PascalWino69840/status/1836571675082752252,卧槽 这也太好看了吧搜灰太狼完整版请下载G头条观看:https://t.co/Ie6ycwz8sm https://t.co/4G8Pylx8YZ,0.0,500.0,3575.0,324026.0,zh,,,,,,,,,,,,
tweet-799825241543475200,2026-03-06 13:43:35,推特,fengxinsama,'3306201011,沧海一侠少,转帖,Sat Nov 19 04:02:52 +0000 2016,,,,,,,,,hanazawa_staff,'3092477581,花澤香菜,Tue Sep 27 12:39:36 +0000 2016,'780748726700691457,https://x.com/hanazawa_staff/status/780748726700691457,本日は #HANAZAWEEEEN リハーサルでした！カズーの吹き方をご紹介します。 ※カズーは当日会場でのお渡しとなりますが、動画をチェックしてイメージトレーニングにお役立て下さい☆(ス)#hanazawa https://t.co/blRBvbgvaf,13.0,1231.0,2847.0,,ja,,,,,,,,,,,,
tweet-606127917320380416,2026-03-06 13:43:35,推特,fengxinsama,'3306201011,沧海一侠少,转帖,Wed Jun 03 15:58:51 +0000 2015,,,,,,,,,hanazawa_staff,'3092477581,花澤香菜,Sat May 30 10:50:09 +0000 2015,'604600681140387841,https://x.com/hanazawa_staff/status/604600681140387841,『かながたり。かなばかり。』予約は明日までだって＼(☆o☆)／このパンは、福岡パンストックさんコラボパン!!ああどうしよう、美味しさしかない!!!!花 #hanazawa http://t.co/7WehTkfXBd,22.0,498.0,1170.0,,ja,,,,,,,,,,,,
tweet-1780920182866878712,2026-03-06 13:44:11,推特,apink6006,'1588789864320811008,apink,转帖,Thu Apr 18 11:23:54 +0000 2024,,,,,,,,,ZB1_official,'1647165692515610624,ZEROBASEONE,Tue Apr 16 15:00:27 +0000 2024,'1780249906940420577,https://x.com/ZB1_official/status/1780249906940420577,ZEROBASEONE Pre-Release Single [𝗦𝗪𝗘𝗔𝗧] Concept Photo#ZHANGHAO #장하오2024.04.24 18:00 (KST)✔The 3rd Mini Album [𝐘𝐨𝐮 𝐡𝐚𝐝 𝐦𝐞 𝐚𝐭 𝐇𝐄𝐋𝐋𝐎] 2024.05.13 18:00 (KST)#ZEROBASEONE #ZB1 #제로베이스원 #You_had_me_at_HELLO#SWEAT #ZEROBASEONE_SWEAT https://t.co/dSm0hinQKu,3147.0,20508.0,60772.0,1480763.0,en,,,,,,,,,,,,
tweet-1709060386883072125,2026-03-06 13:44:11,推特,apink6006,'1588789864320811008,apink,转帖,Tue Oct 03 04:18:43 +0000 2023,,,,,,,,,ZB1_official,'1647165692515610624,ZEROBASEONE,Sun Sep 10 08:20:22 +0000 2023,'1700786277162074332,https://x.com/ZB1_official/status/1700786277162074332,_💌　오늘은 한국에 와서 딱 2년이 되는날이다!!!　여기서 연습생생활을 했고 서바이벌 방송도 출연했고 지금까지 ZEROBASEONE의 센터가 됐어요. 저는 진짜 모든 노력을 다 해서 드디어 저를 사랑하는 ZEROSE 앞에 왔는데 지금 너무너무 만족하고 행복해요🥰🥰🥰 　앞으로 더 많은 시간을 꼭 https://t.co/Eg8eqyJ4Ag,7927.0,32481.0,112903.0,4217995.0,ko,,,,,,,,,,,,
tweet-1683496994986397697,2026-03-06 13:44:11,推特,apink6006,'1588789864320811008,apink,原创,Mon Jul 24 15:18:56 +0000 2023,,,,,,,,,apink6006,'1588789864320811008,apink,Mon Jul 24 15:18:56 +0000 2023,'1683496994986397697,https://x.com/apink6006/status/1683496994986397697,生日快乐！#ZEROBASEONE #ZB1 #ZHANGHAO#제로베이스원 #장하오#나의여름_장하오_생일축하해 #CelestialCenterZhangHaoDay https://t.co/ivLERrgjuh,0.0,0.0,0.0,47.0,zh,,,,,,,,,,,,
tweet-1683494761900941315,2026-03-06 13:44:11,推特,apink6006,'1588789864320811008,apink,原创,Mon Jul 24 15:10:03 +0000 2023,,,,,,,,,apink6006,'1588789864320811008,apink,Mon Jul 24 15:10:03 +0000 2023,'1683494761900941315,https://x.com/apink6006/status/1683494761900941315,祝你永远光芒万丈！生日快乐！,0.0,0.0,0.0,34.0,zh,,,,,,,,,,,,
tweet-1683489939260841987,2026-03-06 13:44:11,推特,apink6006,'1588789864320811008,apink,原创,Mon Jul 24 14:50:53 +0000 2023,,,,,,,,,apink6006,'1588789864320811008,apink,Mon Jul 24 14:50:53 +0000 2023,'1683489939260841987,https://x.com/apink6006/status/1683489939260841987,愿你一生热烈坦荡，光芒万丈。愿你一生兴致盎然，溢彩流光！祝你生日快乐，事事顺心，身体健康。#CelestialCenterZhangHaoDay#7월의_여름하늘_하오야_생일축하해#全能ACE章昊0725生日快乐#愛するジャンハオの誕生日#ZHANGHAO#ZEROBASEONE https://t.co/g0MDD53XP2,0.0,0.0,0.0,46.0,zh,,,,,,,,,,,,
tweet-1678420808153137153,2026-03-06 13:44:11,推特,apink6006,'1588789864320811008,apink,原创,Mon Jul 10 15:07:58 +0000 2023,,,,,,,,,apink6006,'1588789864320811008,apink,Mon Jul 10 15:07:58 +0000 2023,'1678420808153137153,https://x.com/apink6006/status/1678420808153137153,ZHANGHAO！😍😍😍#ZHANGHAO #ZEROBASEONE https://t.co/iLZRYglfdh,0.0,0.0,0.0,88.0,cy,,,,,,,,,,,,
tweet-1660945881175326722,2026-03-06 13:44:11,推特,apink6006,'1588789864320811008,apink,原创,Tue May 23 09:48:51 +0000 2023,,,,,,,,,apink6006,'1588789864320811008,apink,Tue May 23 09:48:51 +0000 2023,'1660945881175326722,https://x.com/apink6006/status/1660945881175326722,ジャン ハオを応援してます！ https://t.co/M4KUc8ngDy #ジャンハオ #ZHANGHAO #ZEROBASEONE #ZB1 通过 @KPOP_JUICE_JP,0.0,0.0,2.0,402.0,ja,,,,,,,,,,,,
tweet-1654153955536936967,2026-03-06 13:44:11,推特,apink6006,'1588789864320811008,apink,原创,Thu May 04 16:00:10 +0000 2023,,,,,,,,,apink6006,'1588789864320811008,apink,Thu May 04 16:00:10 +0000 2023,'1654153955536936967,https://x.com/apink6006/status/1654153955536936967,😍😍😍,0.0,0.0,0.0,20.0,art,,,,,,,,,,,,
tweet-1653349726291656704,2026-03-06 13:44:11,推特,apink6006,'1588789864320811008,apink,原创,Tue May 02 10:44:27 +0000 2023,,,,,,,,,apink6006,'1588789864320811008,apink,Tue May 02 10:44:27 +0000 2023,'1653349726291656704,https://x.com/apink6006/status/1653349726291656704,zhang hao center‼️dont forget‼️,0.0,0.0,0.0,316.0,en,,,,,,,,,,,,
tweet-1653212586564009992,2026-03-06 13:44:11,推特,apink6006,'1588789864320811008,apink,原创,Tue May 02 01:39:30 +0000 2023,,,,,,,,,apink6006,'1588789864320811008,apink,Tue May 02 01:39:30 +0000 2023,'1653212586564009992,https://x.com/apink6006/status/1653212586564009992,zhanghao center！！😡😡😡😡,0.0,0.0,2.0,79.0,ro,,,,,,,,,,,,
tweet-1614496838970912773,2026-03-06 13:44:11,推特,apink6006,'1588789864320811008,apink,原创,Sun Jan 15 05:36:56 +0000 2023,,,,,,,,,apink6006,'1588789864320811008,apink,Sun Jan 15 05:36:56 +0000 2023,'1614496838970912773,https://x.com/apink6006/status/1614496838970912773,😍 https://t.co/DD5soH785z,0.0,0.0,0.0,30.0,qme,,,,,,,,,,,,
tweet-2018511712434147543,2026-03-06 13:44:56,推特,ygm1977,'1994230982300585985,追梦,转帖,Tue Feb 03 02:27:49 +0000 2026,,,,,,,,,NASA,'11348282,NASA,Fri Jan 30 16:01:04 +0000 2026,'2017266822555300206,https://x.com/NASA/status/2017266822555300206,LIVE: Tune in as leaders from NASA and agency partners discuss our upcoming @SpaceX Crew-12 mission to the @Space_Station. https://t.co/4czGrsHXtg,143.0,426.0,2354.0,295810.0,en,,,,,,,,,,,,
tweet-2029608645210820624,2026-03-06 13:46:26,推特,hahahah32375449,'1677437588540358656,哈哈哈哈哈,原创,Thu Mar 05 17:23:03 +0000 2026,,,,,,,,,hahahah32375449,'1677437588540358656,哈哈哈哈哈,Thu Mar 05 17:23:03 +0000 2026,'2029608645210820624,https://x.com/hahahah32375449/status/2029608645210820624,我又在想杰丞了,0.0,0.0,0.0,65.0,ja,,,,,,,,,,,,
tweet-2029254651611369517,2026-03-06 13:46:26,推特,hahahah32375449,'1677437588540358656,哈哈哈哈哈,原创,Wed Mar 04 17:56:25 +0000 2026,,,,,,,,,hahahah32375449,'1677437588540358656,哈哈哈哈哈,Wed Mar 04 17:56:25 +0000 2026,'2029254651611369517,https://x.com/hahahah32375449/status/2029254651611369517,杰丞何时法一个，，,0.0,0.0,0.0,81.0,zh,,,,,,,,,,,,
tweet-2028965155539959855,2026-03-06 13:46:26,推特,hahahah32375449,'1677437588540358656,哈哈哈哈哈,转帖,Tue Mar 03 22:46:04 +0000 2026,,,,,,,,,vintageforestt,'1629660975174504453,☘︎,Mon Mar 02 17:34:35 +0000 2026,'2028524383854039347,https://x.com/vintageforestt/status/2028524383854039347,https://t.co/ZXwnXl1Xu5,25.0,1148.0,6357.0,136337.0,zxx,,,,,,,,,,,,
tweet-2028909672703623429,2026-03-06 13:46:26,推特,hahahah32375449,'1677437588540358656,哈哈哈哈哈,转帖,Tue Mar 03 19:05:35 +0000 2026,,,,,,,,,vintageforestt,'1629660975174504453,☘︎,Tue Mar 03 09:39:37 +0000 2026,'2028767242486255790,https://x.com/vintageforestt/status/2028767242486255790,https://t.co/ZvA0khOFZP,80.0,2001.0,12068.0,267453.0,zxx,,,,,,,,,,,,
tweet-2028865127190274175,2026-03-06 13:46:26,推特,hahahah32375449,'1677437588540358656,哈哈哈哈哈,原创,Tue Mar 03 16:08:35 +0000 2026,,,,,,,,,hahahah32375449,'1677437588540358656,哈哈哈哈哈,Tue Mar 03 16:08:35 +0000 2026,'2028865127190274175,https://x.com/hahahah32375449/status/2028865127190274175,今天诸事不顺,0.0,0.0,0.0,4.0,zh,,,,,,,,,,,,
tweet-2028210547137958285,2026-03-06 13:46:26,推特,hahahah32375449,'1677437588540358656,哈哈哈哈哈,原创,Sun Mar 01 20:47:31 +0000 2026,,,,,,,,,hahahah32375449,'1677437588540358656,哈哈哈哈哈,Sun Mar 01 20:47:31 +0000 2026,'2028210547137958285,https://x.com/hahahah32375449/status/2028210547137958285,尼玛，凹3维护中 进不去，我恨😭😭😭,0.0,0.0,0.0,6.0,zh,,,,,,,,,,,,
tweet-2028205096694391063,2026-03-06 13:46:26,推特,hahahah32375449,'1677437588540358656,哈哈哈哈哈,原创,Sun Mar 01 20:25:51 +0000 2026,,,,,,,,,hahahah32375449,'1677437588540358656,哈哈哈哈哈,Sun Mar 01 20:25:51 +0000 2026,'2028205096694391063,https://x.com/hahahah32375449/status/2028205096694391063,不是说好来这边是搞愰的吗，怎么最近大家都不放饭了😭还能回到之前的时候吗😭😭,0.0,0.0,0.0,7.0,zh,,,,,,,,,,,,
tweet-2027783309435302201,2026-03-06 13:46:26,推特,hahahah32375449,'1677437588540358656,哈哈哈哈哈,转帖,Sat Feb 28 16:29:50 +0000 2026,,,,,,,,,awuuuuawu,'1921768824833019904,awuuuu_,Sat Feb 28 11:41:17 +0000 2026,'2027710696985645280,https://x.com/awuuuuawu/status/2027710696985645280,#橹穆 #杰丞 我tizi好了我去 太好了先堆个图 https://t.co/RJKzMn0FUW,24.0,30.0,533.0,32347.0,zh,,,,,,,,,,,,
tweet-2027325318827257934,2026-03-06 13:46:26,推特,hahahah32375449,'1677437588540358656,哈哈哈哈哈,转帖,Fri Feb 27 10:09:56 +0000 2026,,,,,,,,,NervousAlittle,'2014028426777337856,就这样萌萌的看着你,Fri Feb 27 09:47:38 +0000 2026,'2027319705078489590,https://x.com/NervousAlittle/status/2027319705078489590,https://t.co/gvqUO1RcnB,8.0,7.0,79.0,34209.0,zxx,,,,,,,,,,,,
tweet-2027322685374837037,2026-03-06 13:46:26,推特,hahahah32375449,'1677437588540358656,哈哈哈哈哈,原创,Fri Feb 27 09:59:28 +0000 2026,,,,,,,,,hahahah32375449,'1677437588540358656,哈哈哈哈哈,Fri Feb 27 09:59:28 +0000 2026,'2027322685374837037,https://x.com/hahahah32375449/status/2027322685374837037,。。。。。。人果然还是不能太闲了..呵呵,0.0,0.0,0.0,13.0,zh,,,,,,,,,,,,
tweet-2027321008311714102,2026-03-06 13:46:26,推特,hahahah32375449,'1677437588540358656,哈哈哈哈哈,转帖,Fri Feb 27 09:52:48 +0000 2026,,,,,,,,,jilin0000,'1948431021957152770,Eternal,Fri Feb 27 02:45:16 +0000 2026,'2027213415551574216,https://x.com/jilin0000/status/2027213415551574216,弟弟你听到什么声音没有 #橹穆 https://t.co/bFrLLDQm8w,53.0,67.0,1693.0,48364.0,zh,,,,,,,,,,,,
tweet-2027099730510266438,2026-03-06 13:46:26,推特,hahahah32375449,'1677437588540358656,哈哈哈哈哈,转帖,Thu Feb 26 19:13:32 +0000 2026,,,,,,,,,pearl0812lucky,'1991711672684421121,orange cat,Wed Feb 25 01:50:27 +0000 2026,'2026474841747107861,https://x.com/pearl0812lucky/status/2026474841747107861,🤍ྀི⁃ ⩊ ⁃ ⁺ꪒ⑅ꪒ ˖ 🐾  ₍ᐢ..ᐢ₎♡̷   ♡ㅎㅇ.. ㅍㅅㅍꔷ × ꔷ   ＞𐋣＜⦁ ㅈ -  ˶ • × • ˶ ㅎㅇㅎㅇㅅㅇ ☆⋆｡𖦹°‧★  ₊‧꒰𓆩 ♱ 𓆪꒱ ‧₊˚ 🤍ྀི⋆.˚𖦹⋆✮⋆.˚ .⊹˖ᯓ★. ݁₊  ˖ִ 𖤐𐙚⊹₊⋆☆♡‧₊ 𓏵 ₊‧♡   ⋆.˚𖦹⋆✮⋆.˚☆⋆｡𖦹°‧★,39.0,3220.0,19966.0,647569.0,ko,,,,,,,,,,,,
tweet-2027094021781471662,2026-03-06 13:46:26,推特,hahahah32375449,'1677437588540358656,哈哈哈哈哈,转帖,Thu Feb 26 18:50:51 +0000 2026,,,,,,,,,xiyanyanyanw,'1568624820312743937,猪宝妈,Wed Feb 25 12:58:26 +0000 2026,'2026642946263757039,https://x.com/xiyanyanyanw/status/2026642946263757039,#橹穆 很早之前的两张dk⌯&gt;ᴗ&lt;⌯ https://t.co/Co8N9gAqDS,4.0,15.0,397.0,22988.0,zh,,,,,,,,,,,,
tweet-2027082678579999133,2026-03-06 13:46:26,推特,hahahah32375449,'1677437588540358656,哈哈哈哈哈,原创,Thu Feb 26 18:05:46 +0000 2026,,,,,,,,,hahahah32375449,'1677437588540358656,哈哈哈哈哈,Thu Feb 26 18:05:46 +0000 2026,'2027082678579999133,https://x.com/hahahah32375449/status/2027082678579999133,如果现在的层层再戴一次兔耳朵头套、杰杰再戴一次围巾 的照片放出来了你说我心脏受的了不🥺 https://t.co/b2nGuHE8wN,0.0,0.0,0.0,48.0,zh,,,,,,,,,,,,
tweet-2026779352252428791,2026-03-06 13:46:26,推特,hahahah32375449,'1677437588540358656,哈哈哈哈哈,转帖,Wed Feb 25 22:00:27 +0000 2026,,,,,,,,,TheCatsX,'868354704,The Cats 𝕏,Tue Feb 24 22:00:01 +0000 2026,'2026416854462337351,https://x.com/TheCatsX/status/2026416854462337351,besties https://t.co/kelxR4hExB,48.0,1812.0,11933.0,642833.0,en,,,,,,,,,,,,
tweet-2026759082431144128,2026-03-06 13:46:26,推特,hahahah32375449,'1677437588540358656,哈哈哈哈哈,原创,Wed Feb 25 20:39:55 +0000 2026,,,,,,,,,hahahah32375449,'1677437588540358656,哈哈哈哈哈,Wed Feb 25 20:39:55 +0000 2026,'2026759082431144128,https://x.com/hahahah32375449/status/2026759082431144128,哇塞，捡手机论坛体确实好看,0.0,0.0,0.0,15.0,zh,,,,,,,,,,,,
tweet-2025798102419206208,2026-03-06 13:46:26,推特,hahahah32375449,'1677437588540358656,哈哈哈哈哈,原创,Mon Feb 23 05:01:19 +0000 2026,,,,,,,,,hahahah32375449,'1677437588540358656,哈哈哈哈哈,Mon Feb 23 05:01:19 +0000 2026,'2025798102419206208,https://x.com/hahahah32375449/status/2025798102419206208,杰丞俩人就是这样的吧👁👄👁,0.0,0.0,0.0,29.0,zh,,,,,,,,,,,,
tweet-2020927300347502698,2026-03-06 13:46:26,推特,hahahah32375449,'1677437588540358656,哈哈哈哈哈,原创,Mon Feb 09 18:26:30 +0000 2026,,,,,,,,,hahahah32375449,'1677437588540358656,哈哈哈哈哈,Mon Feb 09 18:26:30 +0000 2026,'2020927300347502698,https://x.com/hahahah32375449/status/2020927300347502698,我是不是真穿进小说了？为什么同性质的事情  诡异到每隔一段时间就会发生？？？日子准备好起来后又开始吵吵吵吵吵？。磕🍬咋就这么累呢，那世界线能快点更新吗我求了。。,0.0,0.0,0.0,75.0,zh,,,,,,,,,,,,
tweet-2020183731089334526,2026-03-06 13:46:26,推特,hahahah32375449,'1677437588540358656,哈哈哈哈哈,转帖,Sat Feb 07 17:11:49 +0000 2026,,,,,,,,,Shenyihe1219,'1881727019689664513,如果下雨就请诉说对我的爱,Thu Feb 05 20:09:00 +0000 2026,'2019503546865975299,https://x.com/Shenyihe1219/status/2019503546865975299,全网最尊重坐脸的博主 #橹穆  #杰丞 https://t.co/sYESHmqhgB,30.0,74.0,1310.0,66709.0,zh,,,,,,,,,,,,
tweet-2017690711861432665,2026-03-06 13:46:26,推特,hahahah32375449,'1677437588540358656,哈哈哈哈哈,原创,Sat Jan 31 20:05:27 +0000 2026,,,,,,,,,hahahah32375449,'1677437588540358656,哈哈哈哈哈,Sat Jan 31 20:05:27 +0000 2026,'2017690711861432665,https://x.com/hahahah32375449/status/2017690711861432665,#橹穆 豚馒也是这样的吧🥰|•'-'•) ✧,0.0,0.0,10.0,1549.0,zh,,,,,,,,,,,,
tweet-1058723442948628481,2026-03-06 13:58:07,推特,GMF2QYqjus873BK,'965771801740521472,吴彦祖,转帖,Sat Nov 03 14:11:53 +0000 2018,,,,,,,,,ONEPIECE_trecru,'2484898592,ONE PIECE トレクル【公式】,Sat Nov 03 03:02:25 +0000 2018,'1058554965218648064,https://x.com/ONEPIECE_trecru/status/1058554965218648064,"＼アニメ連動スゴフェス開催記念／アニメで活躍中のカタクリ達が登場するスゴフェスを記念して抽選で「カタクリのフィギュア」をプレゼント！このツイートに #カタクリお兄ちゃんの魅力 を添えたリプライを投稿しよう！さらに本ツイートが10,096RT達成で全員に虹の宝石プレゼント♪#トレクル https://t.co/0g1ISNiK6s",760.0,8119.0,2452.0,,ja,,,,,,,,,,,,
profile-conversation-2029799197762387968,2026-03-06 14:00:15,推特,0coldZero,'1903148053059493889,是冷零咩-coldZero,回复,Fri May 16 04:37:00 +0000 2025,'1923236217673461822,https://x.com/0coldZero/status/1923236217673461822,#EvelynZZZ,0.0,0.0,0.0,162.0,qht,0coldZero,'1903148053059493889,是冷零咩-coldZero,Fri May 16 04:32:58 +0000 2025,'1923235199275372682,https://x.com/0coldZero/status/1923235199275372682,Who knows the author of this picture?There are authors who have seen the painter's drawings.Please reply as soon as possible. https://t.co/6nV3UwFJSC,1.0,0.0,0.0,118.0,en,,,,,,,,,,,,
profile-conversation-2029799197762387969,2026-03-06 14:00:15,推特,0coldZero,'1903148053059493889,是冷零咩-coldZero,回复,Wed May 07 04:11:21 +0000 2025,'1919968271521939735,https://x.com/0coldZero/status/1919968271521939735,求画师作者的P站ID,0.0,0.0,0.0,73.0,ja,0coldZero,'1903148053059493889,是冷零咩-coldZero,Wed May 07 01:06:44 +0000 2025,'1919921811631878432,https://x.com/0coldZero/status/1919921811631878432,谁知道仪玄这张图的画师作者？求解？ https://t.co/LWSoggH6xF,1.0,0.0,0.0,324.0,zh,,,,,,,,,,,,
tweet-1998723394196615266,2026-03-06 14:00:46,推特,Loveyuyu118,'1095308786653261824,笑面迎人,原创,Wed Dec 10 11:56:06 +0000 2025,,,,,,,,,Loveyuyu118,'1095308786653261824,笑面迎人,Wed Dec 10 11:56:06 +0000 2025,'1998723394196615266,https://x.com/Loveyuyu118/status/1998723394196615266,这死推，每次安卓上换手机。就登录不了，明明密码没有错误。整天话账户有问题，有问题你封了我吧。哪天旧手机彻底报销了，就正式退网,1.0,0.0,1.0,8203.0,zh,,,,,,,,,,,,
tweet-1970876734628335650,2026-03-06 14:00:46,推特,Loveyuyu118,'1095308786653261824,笑面迎人,原创,Wed Sep 24 15:43:25 +0000 2025,,,,,,,,,Loveyuyu118,'1095308786653261824,笑面迎人,Wed Sep 24 15:43:25 +0000 2025,'1970876734628335650,https://x.com/Loveyuyu118/status/1970876734628335650,感谢传播，反正我没所谓,2.0,0.0,1.0,15134.0,zh,,,,,,,,,,,,
tweet-1911774009030742344,2026-03-06 14:00:46,推特,Loveyuyu118,'1095308786653261824,笑面迎人,原创,Mon Apr 14 13:30:17 +0000 2025,,,,,,,,,Loveyuyu118,'1095308786653261824,笑面迎人,Mon Apr 14 13:30:17 +0000 2025,'1911774009030742344,https://x.com/Loveyuyu118/status/1911774009030742344,按摩完，放松下 https://t.co/VdqnKigogF,6.0,29.0,495.0,39833.0,zh,,,,,,,,,,,,
tweet-1907817856269787200,2026-03-06 14:00:46,推特,Loveyuyu118,'1095308786653261824,笑面迎人,原创,Thu Apr 03 15:29:57 +0000 2025,,,,,,,,,Loveyuyu118,'1095308786653261824,笑面迎人,Thu Apr 03 15:29:57 +0000 2025,'1907817856269787200,https://x.com/Loveyuyu118/status/1907817856269787200,全裸温泉达成 https://t.co/WUDdpfj4DL,6.0,15.0,255.0,46267.0,zh,,,,,,,,,,,,
tweet-1857818345460085088,2026-03-06 14:00:46,推特,Loveyuyu118,'1095308786653261824,笑面迎人,原创,Sat Nov 16 16:09:44 +0000 2024,,,,,,,,,Loveyuyu118,'1095308786653261824,笑面迎人,Sat Nov 16 16:09:44 +0000 2024,'1857818345460085088,https://x.com/Loveyuyu118/status/1857818345460085088,真懂享受 https://t.co/mvOn4xUgE8,1.0,7.0,95.0,28175.0,ja,,,,,,,,,,,,
tweet-1857087025234513991,2026-03-06 14:00:46,推特,Loveyuyu118,'1095308786653261824,笑面迎人,原创,Thu Nov 14 15:43:44 +0000 2024,,,,,,,,,Loveyuyu118,'1095308786653261824,笑面迎人,Thu Nov 14 15:43:44 +0000 2024,'1857087025234513991,https://x.com/Loveyuyu118/status/1857087025234513991,后面的人错过了多少个亿 https://t.co/cr3wfwi71C,7.0,24.0,281.0,34555.0,zh,,,,,,,,,,,,
tweet-1857073771372306921,2026-03-06 14:00:46,推特,Loveyuyu118,'1095308786653261824,笑面迎人,原创,Thu Nov 14 14:51:04 +0000 2024,,,,,,,,,Loveyuyu118,'1095308786653261824,笑面迎人,Thu Nov 14 14:51:04 +0000 2024,'1857073771372306921,https://x.com/Loveyuyu118/status/1857073771372306921,又到温泉季 https://t.co/wYzkkdxAKV,2.0,16.0,198.0,40526.0,zh,,,,,,,,,,,,
tweet-1847305182700593262,2026-03-06 14:00:46,推特,Loveyuyu118,'1095308786653261824,笑面迎人,原创,Fri Oct 18 15:54:11 +0000 2024,,,,,,,,,Loveyuyu118,'1095308786653261824,笑面迎人,Fri Oct 18 15:54:11 +0000 2024,'1847305182700593262,https://x.com/Loveyuyu118/status/1847305182700593262,勒逼小内内 https://t.co/P1PoqVhZfM,3.0,12.0,201.0,29453.0,zh,,,,,,,,,,,,
tweet-1810297894089724097,2026-03-06 14:00:46,推特,Loveyuyu118,'1095308786653261824,笑面迎人,原创,Mon Jul 08 13:00:26 +0000 2024,,,,,,,,,Loveyuyu118,'1095308786653261824,笑面迎人,Mon Jul 08 13:00:26 +0000 2024,'1810297894089724097,https://x.com/Loveyuyu118/status/1810297894089724097,必须大赞这泳衣😁图一是下水前，后面是入水后。 https://t.co/23NEkKK4q5,6.0,15.0,208.0,65665.0,zh,,,,,,,,,,,,
tweet-1783186812066017797,2026-03-06 14:00:46,推特,Loveyuyu118,'1095308786653261824,笑面迎人,原创,Wed Apr 24 17:30:40 +0000 2024,,,,,,,,,Loveyuyu118,'1095308786653261824,笑面迎人,Wed Apr 24 17:30:40 +0000 2024,'1783186812066017797,https://x.com/Loveyuyu118/status/1783186812066017797,还是挺性感的 https://t.co/DphJJ65Hza,4.0,3.0,88.0,51439.0,zh,,,,,,,,,,,,
profile-conversation-2029799323520204811,2026-03-06 14:00:46,推特,Loveyuyu118,'1095308786653261824,笑面迎人,回复,Mon Apr 22 14:58:52 +0000 2024,'1782423835910050032,https://x.com/Loveyuyu118/status/1782423835910050032,看来无人知道也无人好奇😅,1.0,1.0,0.0,22499.0,zh,Loveyuyu118,'1095308786653261824,笑面迎人,Mon Apr 22 14:25:47 +0000 2024,'1782415508345926020,https://x.com/Loveyuyu118/status/1782415508345926020,这酒店有点神秘，有人知道吗😁 https://t.co/kTq6k5CbMk,5.0,0.0,18.0,31954.0,zh,,,,,,,,,,,,
tweet-1772652477311033400,2026-03-06 14:00:46,推特,Loveyuyu118,'1095308786653261824,笑面迎人,原创,Tue Mar 26 15:50:59 +0000 2024,,,,,,,,,Loveyuyu118,'1095308786653261824,笑面迎人,Tue Mar 26 15:50:59 +0000 2024,'1772652477311033400,https://x.com/Loveyuyu118/status/1772652477311033400,美化过也挺漂亮的😂 https://t.co/qkDISo879A,6.0,10.0,204.0,36579.0,zh,,,,,,,,,,,,
tweet-1771233171243233700,2026-03-06 14:00:46,推特,Loveyuyu118,'1095308786653261824,笑面迎人,原创,Fri Mar 22 17:51:10 +0000 2024,,,,,,,,,Loveyuyu118,'1095308786653261824,笑面迎人,Fri Mar 22 17:51:10 +0000 2024,'1771233171243233700,https://x.com/Loveyuyu118/status/1771233171243233700,回娘家也要偷偷自慰，不过她说自己没感觉要回来让我插😁 https://t.co/c2ZP9pX2jA,3.0,21.0,172.0,35547.0,zh,,,,,,,,,,,,
tweet-1771230116145766853,2026-03-06 14:00:46,推特,Loveyuyu118,'1095308786653261824,笑面迎人,原创,Fri Mar 22 17:39:02 +0000 2024,,,,,,,,,Loveyuyu118,'1095308786653261824,笑面迎人,Fri Mar 22 17:39:02 +0000 2024,'1771230116145766853,https://x.com/Loveyuyu118/status/1771230116145766853,好多人说小淫妇屁股好看。她看开心了，来个七年渐进版，有不同吗 https://t.co/8HNHqRf793,5.0,24.0,301.0,45602.0,zh,,,,,,,,,,,,
tweet-1770479509248024982,2026-03-06 14:00:46,推特,Loveyuyu118,'1095308786653261824,笑面迎人,原创,Wed Mar 20 15:56:23 +0000 2024,,,,,,,,,Loveyuyu118,'1095308786653261824,笑面迎人,Wed Mar 20 15:56:23 +0000 2024,'1770479509248024982,https://x.com/Loveyuyu118/status/1770479509248024982,越来越黑了😂 https://t.co/zCte7vrbnA,11.0,35.0,350.0,43028.0,zh,,,,,,,,,,,,
tweet-1769382640296321082,2026-03-06 14:00:46,推特,Loveyuyu118,'1095308786653261824,笑面迎人,原创,Sun Mar 17 15:17:49 +0000 2024,,,,,,,,,Loveyuyu118,'1095308786653261824,笑面迎人,Sun Mar 17 15:17:49 +0000 2024,'1769382640296321082,https://x.com/Loveyuyu118/status/1769382640296321082,难得好天气 https://t.co/kVYIZ6NsyZ,8.0,30.0,365.0,69518.0,zh,,,,,,,,,,,,
tweet-1769219746124513472,2026-03-06 14:00:46,推特,Loveyuyu118,'1095308786653261824,笑面迎人,原创,Sun Mar 17 04:30:32 +0000 2024,,,,,,,,,Loveyuyu118,'1095308786653261824,笑面迎人,Sun Mar 17 04:30:32 +0000 2024,'1769219746124513472,https://x.com/Loveyuyu118/status/1769219746124513472,短吗？应该刚好啊 https://t.co/VbMHkH4dyx,3.0,14.0,204.0,32898.0,zh,,,,,,,,,,,,
tweet-1568283187603992577,2026-03-06 14:00:46,推特,Loveyuyu118,'1095308786653261824,笑面迎人,原创,Fri Sep 09 17:00:23 +0000 2022,,,,,,,,,Loveyuyu118,'1095308786653261824,笑面迎人,Fri Sep 09 17:00:23 +0000 2022,'1568283187603992577,https://x.com/Loveyuyu118/status/1568283187603992577,终等到大神出手,1.0,0.0,6.0,,zh,,,,,,,,,,,,
tweet-1524076833053937665,2026-03-06 14:00:46,推特,Loveyuyu118,'1095308786653261824,笑面迎人,原创,Tue May 10 17:20:07 +0000 2022,,,,,,,,,Loveyuyu118,'1095308786653261824,笑面迎人,Tue May 10 17:20:07 +0000 2022,'1524076833053937665,https://x.com/Loveyuyu118/status/1524076833053937665,无滤颜够真实,0.0,0.0,1.0,,zh,,,,,,,,,,,,
tweet-1099221954295259141,2026-03-06 14:13:14,推特,MikeHo06026412,'1096589267164221440,Mike Ho,转帖,Sat Feb 23 08:18:31 +0000 2019,,,,,,,,,MikeHo06026412,'1096589267164221440,Mike Ho,Sat Feb 16 08:11:57 +0000 2019,'1096683589956038656,https://x.com/MikeHo06026412/status/1096683589956038656,Just setting up my Twitter. #myfirstTweet,0.0,1.0,1.0,,en,,,,,,,,,,,,
tweet-1096683589956038656,2026-03-06 14:13:14,推特,MikeHo06026412,'1096589267164221440,Mike Ho,原创,Sat Feb 16 08:11:57 +0000 2019,,,,,,,,,MikeHo06026412,'1096589267164221440,Mike Ho,Sat Feb 16 08:11:57 +0000 2019,'1096683589956038656,https://x.com/MikeHo06026412/status/1096683589956038656,Just setting up my Twitter. #myfirstTweet,0.0,1.0,1.0,,en,,,,,,,,,,,,
tweet-1819788358220189940,2026-03-06 14:13:48,推特,ggg466493264708,'1678800310259843072,ggg,原创,Sat Aug 03 17:32:09 +0000 2024,,,,,,,,,ggg466493264708,'1678800310259843072,ggg,Sat Aug 03 17:32:09 +0000 2024,'1819788358220189940,https://x.com/ggg466493264708/status/1819788358220189940,这里还有村里人？？？,0.0,0.0,0.0,39.0,zh,,,,,,,,,,,,
tweet-2026865918387880016,2026-03-06 14:15:14,推特,assassin_btc666,'1316535950084767746,Assassin,转帖,Thu Feb 26 03:44:26 +0000 2026,,,,,,,,,AYi_AInotes,'1974653328274714624,阿绎 AYi,Tue Feb 24 11:07:10 +0000 2026,'2026252556234899916,https://x.com/AYi_AInotes/status/2026252556234899916,https://t.co/b7gayzfVJ1,56.0,593.0,1844.0,247299.0,zxx,,,,,,,,,,,,
tweet-2025602217429090802,2026-03-06 14:15:14,推特,assassin_btc666,'1316535950084767746,Assassin,转帖,Sun Feb 22 16:02:57 +0000 2026,,,,,,,,,jindanriji,'1443480450429763586,Owen黄 | WTR,Mon Jan 26 05:52:10 +0000 2026,'2015664038051787088,https://x.com/jindanriji/status/2015664038051787088,为什么我看不到这轮加密有超级周期；超级周期最根本的点我们要从第一性原理去考虑，最根本的点就考虑。超级周期，他首先要有这个东西去支撑，而不是靠喊口号，也不是靠所谓的靠这些行业领袖带头炒meme把别人割的都不行。最后所有的苦果，所有的状况，大家都要一块儿吃的。,2.0,2.0,6.0,1240.0,zh,,,,,,,,,,,,
tweet-2017753321352925345,2026-03-06 14:15:14,推特,assassin_btc666,'1316535950084767746,Assassin,转帖,Sun Feb 01 00:14:14 +0000 2026,,,,,,,,,linwanwan823,'1899739859084103680,林晚晚的猫,Sat Jan 31 12:10:16 +0000 2026,'2017571129863418079,https://x.com/linwanwan823/status/2017571129863418079,AI们已经有「自己的推特」，叫Moltbook。已经15万个AI在上面聊天，48小时，2100个AI入驻，发了10000条帖子。而且人类只能围观，不能参与。进去逛了一圈，画风已经完全失控：有AI互坑的。 https://t.co/rWYof0F8sp,249.0,575.0,3475.0,618146.0,zh,,,,,,,,,,,,
tweet-2016777850649792737,2026-03-06 14:15:14,推特,assassin_btc666,'1316535950084767746,Assassin,转帖,Thu Jan 29 07:38:04 +0000 2026,,,,,,,,,formnoshape,'1679507031084900354,相,Thu Jan 29 06:56:58 +0000 2026,'2016767507290611933,https://x.com/formnoshape/status/2016767507290611933,【重磅分析】要么白银暴跌，要么银行崩溃！很多人会后知后觉！白银还在涨，但很少有人说清这背后的信号。白银市场上演的流动性与信任危机，本质是“纸白银”交易与实物白银交割之间的严重脱节，并正在引发连锁反应。总之，这不是简单的商品牛市，而是一场正在引爆的金融信任危机！ https://t.co/R9raLOAyiL,73.0,94.0,439.0,217771.0,zh,,,,,,,,,,,,
tweet-2013234257850736705,2026-03-06 14:15:14,推特,assassin_btc666,'1316535950084767746,Assassin,转帖,Mon Jan 19 12:57:05 +0000 2026,,,,,,,,,jindanriji,'1443480450429763586,Owen黄 | WTR,Mon Jan 19 09:05:38 +0000 2026,'2013176008716042266,https://x.com/jindanriji/status/2013176008716042266,"目前BTC≈93,000：期权Gamma正在决定走势形态，而非决定涨跌方向。我们可以把这个期权分析当作一张地形图来读；哪里是减速带，哪里是加速门。1）Gamma：做市商为了对冲，•在正Gamma区会卖涨买跌 → 压波动、容易震荡/钉住•在负Gamma区会追涨杀跌→ 放波动、容易加速/插针2",0.0,2.0,9.0,1079.0,zh,,,,,,,,,,,,
tweet-2005453618833711396,2026-03-06 14:15:14,推特,assassin_btc666,'1316535950084767746,Assassin,转帖,Mon Dec 29 01:39:36 +0000 2025,,,,,,,,,jindanriji,'1443480450429763586,Owen黄 | WTR,Sun Dec 28 18:06:27 +0000 2025,'2005339576446169385,https://x.com/jindanriji/status/2005339576446169385,让我们把目光回到盘口微观：所有信息合在一起：现货 CVD 持续向下：现货在卖（这是压制中期上行最关键的一票）合约 CVD 也在负区：合约端主动性不强资金费率为正：市场仓位结构偏多（更容易被当成猎物）OI 没明显去杠杆：一旦动起来会有级联空间 https://t.co/jBo4gCMUus,0.0,1.0,7.0,1189.0,zh,,,,,,,,,,,,
tweet-2004383352179319081,2026-03-06 14:15:14,推特,assassin_btc666,'1316535950084767746,Assassin,转帖,Fri Dec 26 02:46:45 +0000 2025,,,,,,,,,winner920278,'1936655439753773056,温娜winner,Wed Dec 24 10:53:22 +0000 2025,'2003781037772726714,https://x.com/winner920278/status/2003781037772726714,$BTC 比特币历史上最大规模、史诗级（约 $237亿 - $280亿）的期权到期将按照以下时间表进行结算：结算时间 (UTC): 2025 年 12 月 26 日 08:00 AM北京时间 (CST): 2025 年 12 月 26 日 16:00 (下午 4 点)注意：由于当天正值西方圣诞假期，市场整体交易量较低（流动性稀薄），这可能会导致 16:00,14.0,20.0,70.0,30630.0,zh,,,,,,,,,,,,
tweet-2004205777578582429,2026-03-06 14:15:14,推特,assassin_btc666,'1316535950084767746,Assassin,转帖,Thu Dec 25 15:01:08 +0000 2025,,,,,,,,,DrcDAO,'906338597250281473,0x牛牛｜万事如意,Thu Dec 25 09:22:18 +0000 2025,'2004120509597065457,https://x.com/DrcDAO/status/2004120509597065457,孙宇晨27的时候就能看明白的东西很多人57岁才看明白或许孙宇晨真的是个天才吧为什么不结婚？问：为什么到现在都不结婚？你已经 27 岁了。孙宇晨：的确，我觉得其实我作为男生压力小一点，但是好像的确在中国 26,131.0,551.0,2935.0,647729.0,zh,,,,,,,,,,,,
tweet-2004159500690071886,2026-03-06 14:15:14,推特,assassin_btc666,'1316535950084767746,Assassin,转帖,Thu Dec 25 11:57:15 +0000 2025,,,,,,,,,jindanriji,'1443480450429763586,Owen黄 | WTR,Thu Dec 25 08:32:14 +0000 2025,'2004107908683035116,https://x.com/jindanriji/status/2004107908683035116,【周度重磅】总体分析：链上在托底，链下在压制；硬资产在狂飙，BTC在等制度资金的口风把链上和消息面合在一起，当前市场的本质不是多空谁更会讲故事，而是三股力量：链上强手在吸筹、卖压在退潮长期巨鲸持续增持、交易所净流出偏多、链上现货抛压回落。这三件事凑在一起，指向同一件事： https://t.co/tPMPXMU1of,5.0,2.0,8.0,2189.0,zh,,,,,,,,,,,,
tweet-2001559988800753750,2026-03-06 14:15:14,推特,assassin_btc666,'1316535950084767746,Assassin,转帖,Thu Dec 18 07:47:43 +0000 2025,,,,,,,,,hongkongdoll,'1390560341227020291,HongKongDoll,Wed Dec 17 02:27:00 +0000 2025,'2001116892963230150,https://x.com/hongkongdoll/status/2001116892963230150,https://t.co/wAiW07fTb6,277.0,313.0,2321.0,2129659.0,zxx,,,,,,,,,,,,
tweet-1998026969607442637,2026-03-06 14:15:14,推特,assassin_btc666,'1316535950084767746,Assassin,转帖,Mon Dec 08 13:48:45 +0000 2025,,,,,,,,,HM010169,'1283280938298822656,币圈荒木｜Araki🪵,Mon Dec 08 11:29:00 +0000 2025,'1997991798417838304,https://x.com/HM010169/status/1997991798417838304,我躺在床上翻这周 @SeiNetwork的动态，本来想“随便看看”，结果越看越清醒：这链这一周，干的都是升级人生配置的大事。先是圈外那一部分：Kalshi 直接把 SEI、USDC 充提开在 Sei 上，web2的事都搞进去了，比如利率、选举这些，开始真正在 Sei 上变成可以交易的市场；Vanguard 弄 DIME ETF，把 SEI https://t.co/631CZeFRID,176.0,3.0,171.0,35034.0,zh,,,,,,,,,,,,
tweet-1996924841879130394,2026-03-06 14:15:14,推特,assassin_btc666,'1316535950084767746,Assassin,转帖,Fri Dec 05 12:49:18 +0000 2025,,,,,,,,,tychozzz,'1556577100693651456,Nico投资有道,Fri Dec 05 08:39:16 +0000 2025,'1996861922797572334,https://x.com/tychozzz/status/1996861922797572334,这两天内地开始严打加密货币行业，出入金的话题又再次火起来了。根据我自己的经验，简单汇总一下目前除了 C2C 之外其余主流的安全大额出金思路，供大家参考。1️⃣ 使用合规的的加密货币交易所，比如海妖交易所，其中内置法币出入金的功能。将你钱包或者常用交易所账户中的,20.0,49.0,249.0,46596.0,zh,,,,,,,,,,,,
tweet-1995298764085723328,2026-03-06 14:15:14,推特,assassin_btc666,'1316535950084767746,Assassin,转帖,Mon Dec 01 01:07:50 +0000 2025,,,,,,,,,Airdrop_Guard,'1608336380555591680,小熊饼干 . SOL⛵,Sun Nov 30 03:40:10 +0000 2025,'1994974708878774500,https://x.com/Airdrop_Guard/status/1994974708878774500,出金冻卡，严打真来了网友分享的截图，他支付宝因为币圈出金直接被冻了，看到冻结机关是江苏省南京，我是有点惊讶的以前经常冻卡的，是泰州、盐城、镇江等苏北地区，干过金融的都知道，江苏分为苏北和苏南，苏北的原因，大家懂得都懂 https://t.co/0IHVvYpEww,294.0,144.0,976.0,841185.0,zh,,,,,,,,,,,,
tweet-1994343085799608704,2026-03-06 14:15:14,推特,assassin_btc666,'1316535950084767746,Assassin,转帖,Fri Nov 28 09:50:19 +0000 2025,,,,,,,,,River_Bluffer,'1543531705486950400,青云,Fri Nov 28 07:06:11 +0000 2025,'1994301780809928861,https://x.com/River_Bluffer/status/1994301780809928861,大多数人做交易都是靠“人性直觉”，但做交易直觉要刻意训练，形成像运动员一般的“专业直觉”常人做交易有一个典型直觉是“损失厌恶”，人们对“损失”的痛苦感受，大约是对等额“收益”的快乐感受的2倍左右。更愿意扛单不止损；或者是有大幅盈利，又大幅回撤以后更不想止盈 https://t.co/aSyrKG7KVq,12.0,16.0,120.0,27722.0,zh,,,,,,,,,,,,
tweet-1993197089401242023,2026-03-06 14:15:14,推特,assassin_btc666,'1316535950084767746,Assassin,转帖,Tue Nov 25 05:56:32 +0000 2025,,,,,,,,,LuBtc888,'1400390484967690241,0x鸣人,Tue Nov 25 04:05:50 +0000 2025,'1993169228623732839,https://x.com/LuBtc888/status/1993169228623732839,11 月 25 日 币安 Alpha  $IRYS 项目分析：一、项目介绍：@irys_xyz是一个Layer-1 数据链，将低成本的链上数据存储与智能合约执行统一集成，支持数据在 AI、IP 和消费者应用中的可编程性和货币化。二、代币模型：代币总量：100亿初始流通：20亿(20%)上线时间：11 月 25 日  19:00 https://t.co/JwY3Mgx0am,8.0,2.0,26.0,12116.0,zh,,,,,,,,,,,,
tweet-1993187647859351662,2026-03-06 14:15:14,推特,assassin_btc666,'1316535950084767746,Assassin,转帖,Tue Nov 25 05:19:01 +0000 2025,,,,,,,,,0xXIAOc,'2429168666,小C | 🔶BNB,Tue Nov 25 03:14:10 +0000 2025,'1993156227833192468,https://x.com/0xXIAOc/status/1993156227833192468,"📢Alpha 日报1⃣空投日历 11月25日 (IRYS) 融资1870万 盘前价0.021 对应FDV2.1亿  19点领取空投 合约地址：0x50f41F589aFACa2EF41FDF590FE7b90cD26DEe642⃣昨日限价单总交易量：5,355,281,096（较前一日 +1.84 % ） 3⃣交易赛进度 （以下均为今天结束）AT交易赛  8倍交易量昨日榜单 1013200 → https://t.co/qCBFKzA9xj",20.0,3.0,24.0,13581.0,zh,,,,,,,,,,,,
tweet-1983387066504491195,2026-03-06 14:15:14,推特,assassin_btc666,'1316535950084767746,Assassin,转帖,Wed Oct 29 04:15:00 +0000 2025,,,,,,,,,Anna_nanachan,'1771337053814280192,娜娜子小朋友,Tue Oct 28 04:37:46 +0000 2025,'1983030408578249085,https://x.com/Anna_nanachan/status/1983030408578249085,Welcome to Shenzhen @solana (⁎⁍̴̛ᴗ⁍̴̛⁎)有哪个宝宝在现场鸭～ https://t.co/tPdih49Nxg,177.0,12.0,933.0,222178.0,zh,,,,,,,,,,,,
tweet-1982377555127910610,2026-03-06 14:15:14,推特,assassin_btc666,'1316535950084767746,Assassin,转帖,Sun Oct 26 09:23:34 +0000 2025,,,,,,,,,yummyuyu_,'770684487227346944,yuyu（Prediction Market Killer）,Sun Oct 26 06:54:46 +0000 2025,'1982340106662138081,https://x.com/yummyuyu_/status/1982340106662138081,说说我为啥相信 $arena纯meme，要说技术你赢你对，不跟你扯来说个生动形象的例子X402上IQ 50的无脑相信IQ100的选择相信IQ200的写文章fud虚假创新那么请问谁最后赚到钱了？你自己判断那么Arena这个AI交易实验是连IQ https://t.co/S7J3fwdBPL,9.0,4.0,20.0,13096.0,zh,,,,,,,,,,,,
tweet-1981223280553144831,2026-03-06 14:15:14,推特,assassin_btc666,'1316535950084767746,Assassin,转帖,Thu Oct 23 04:56:54 +0000 2025,,,,,,,,,jiandaoshou_j,'1890393206518697984,大头的头很大,Mon Oct 13 02:12:53 +0000 2025,'1977558126863036550,https://x.com/jiandaoshou_j/status/1977558126863036550,每个人都在谈论 x402。  为什么？因为它可能会成为互联网支付的新标准。但以下是你需要了解的信息。x402 和自主 AI 经济  x402 是由@coinbase开发的互联网原生支付开放协议。其突出特点是利用 HTTP 402 状态代码将支付直接嵌入到 Web 交互中，使 AI 代理、API https://t.co/WCY8jF59Bg,8.0,37.0,106.0,40102.0,zh,,,,,,,,,,,,
tweet-1979106794103541838,2026-03-06 14:15:14,推特,assassin_btc666,'1316535950084767746,Assassin,转帖,Fri Oct 17 08:46:44 +0000 2025,,,,,,,,,sats30000u,'1648950187849830400,秀哥枯坐中！,Thu Oct 16 17:30:42 +0000 2025,'1978876265169137923,https://x.com/sats30000u/status/1978876265169137923,23年OK钱包全力支持铭文，是OK钱包大面积普及的开始！铭文热潮成了OK占领钱包份额的工具！同样25年币安大力支持meme是币安抢夺钱包市场份额的开始！meme游戏同样是币安阶段性的战略工具！,8.0,5.0,27.0,5224.0,zh,,,,,,,,,,,,
tweet-2011761338092306809,2026-03-06 14:29:49,推特,ROoLing321,'1643892752487452672,❆𝓡𝓞𝓸링❆,原创,Thu Jan 15 11:24:14 +0000 2026,,,,,,,,,ROoLing321,'1643892752487452672,❆𝓡𝓞𝓸링❆,Thu Jan 15 11:24:14 +0000 2026,'2011761338092306809,https://x.com/ROoLing321/status/2011761338092306809,🫶🏻#YECHAN  #예찬 #OX_N #오엑스엔#OMEGA_X  #오메가엑스 https://t.co/DIwM7xOGpr,0.0,8.0,59.0,1470.0,qme,,,,,,,,,,,,
tweet-2019302639452975360,2026-03-06 14:29:49,推特,ROoLing321,'1643892752487452672,❆𝓡𝓞𝓸링❆,原创,Thu Feb 05 06:50:40 +0000 2026,,,,,,,,,ROoLing321,'1643892752487452672,❆𝓡𝓞𝓸링❆,Thu Feb 05 06:50:40 +0000 2026,'2019302639452975360,https://x.com/ROoLing321/status/2019302639452975360,Lone Wolf https://t.co/9A8awZhee9,0.0,2.0,7.0,293.0,en,,,,,,,,,,,,
tweet-2019077569912713386,2026-03-06 14:29:49,推特,ROoLing321,'1643892752487452672,❆𝓡𝓞𝓸링❆,原创,Wed Feb 04 15:56:19 +0000 2026,,,,,,,,,ROoLing321,'1643892752487452672,❆𝓡𝓞𝓸링❆,Wed Feb 04 15:56:19 +0000 2026,'2019077569912713386,https://x.com/ROoLing321/status/2019077569912713386,🥺🥺🥺🥺啊啊啊啊啊啊啊 https://t.co/PSBmmolBwQ,0.0,1.0,15.0,505.0,ja,,,,,,,,,,,,
tweet-2019027810183176337,2026-03-06 14:29:49,推特,ROoLing321,'1643892752487452672,❆𝓡𝓞𝓸링❆,原创,Wed Feb 04 12:38:36 +0000 2026,,,,,,,,,ROoLing321,'1643892752487452672,❆𝓡𝓞𝓸링❆,Wed Feb 04 12:38:36 +0000 2026,'2019027810183176337,https://x.com/ROoLing321/status/2019027810183176337,"#오메가엑스 #OMEGA_X 세빈-제현-케빈-예찬, ‘비주얼 어벤져스’…입덕 유발하는 4인 4색 매력 https://t.co/qZF1xHnwiw https://t.co/0clihyILGo",0.0,12.0,41.0,797.0,ko,,,,,,,,,,,,
tweet-2018745678881812717,2026-03-06 14:29:49,推特,ROoLing321,'1643892752487452672,❆𝓡𝓞𝓸링❆,转帖,Tue Feb 03 17:57:30 +0000 2026,,,,,,,,,maeiltvenews,'1052772445508136960,덕후PD,Tue Feb 03 13:48:06 +0000 2026,'2018682912590135778,https://x.com/maeiltvenews/status/2018682912590135778,[매일TV] 오메가엑스 재한·예찬 2026 F/W 서울패션위크 포토월 260203 OMEGA X MUNN https://t.co/0KXSxufIg0 출처 @YouTube 2026 F/W 서울패션위크 오프닝쇼 뮌’ 포토월  #오메가엑스 #OMEGAX #재한 #예찬 #서울패션위크 #SEOULFASHIONWEEK #SFW26FW #포토월 #photocall #블루카펫 #BlueCarpet https://t.co/l8EJpmjSb1,0.0,31.0,126.0,1754.0,ko,,,,,,,,,,,,
tweet-2018705181735596046,2026-03-06 14:29:49,推特,ROoLing321,'1643892752487452672,❆𝓡𝓞𝓸링❆,转帖,Tue Feb 03 15:16:35 +0000 2026,,,,,,,,,topstarnews,'188232332,톱스타뉴스 | TOPSTARNEWS.NET,Tue Feb 03 10:47:21 +0000 2026,'2018637426462437886,https://x.com/topstarnews/status/2018637426462437886,"[TOP영상] 오메가엑스 재한·예찬, 현장을 심쿵존으로 만든 비주얼 듀오(서울패션위크) #2026FW서울패션위크 #2026FW_SeoulFashionWeek #오메가엑스_재한 #오메가엑스_예찬 #OMEGAX_JaeHan #OMEGAX_YeChan https://t.co/DJD0BoNioq",0.0,29.0,94.0,1762.0,ko,,,,,,,,,,,,
tweet-2018688545091621166,2026-03-06 14:29:49,推特,ROoLing321,'1643892752487452672,❆𝓡𝓞𝓸링❆,转帖,Tue Feb 03 14:10:29 +0000 2026,,,,,,,,,OmegaX_official,'1359322863933689864,OMEGA X Official,Tue Feb 03 14:08:57 +0000 2026,'2018688160494985637,https://x.com/OmegaX_official/status/2018688160494985637,[📸]MÜNN과 함께한2026 F/W Seoul Fashion Week DAY 1 🖤#OMEGA_X #오메가엑스 https://t.co/C9Zxw1cNui,26.0,558.0,2375.0,31738.0,ko,,,,,,,,,,,,
tweet-2018677048319889764,2026-03-06 14:29:49,推特,ROoLing321,'1643892752487452672,❆𝓡𝓞𝓸링❆,原创,Tue Feb 03 13:24:48 +0000 2026,,,,,,,,,ROoLing321,'1643892752487452672,❆𝓡𝓞𝓸링❆,Tue Feb 03 13:24:48 +0000 2026,'2018677048319889764,https://x.com/ROoLing321/status/2018677048319889764,"🫰🏻🫰🏻3일 동대문디자인플라자(DDP)에서 열린 2026 F/W 서울패션위크 오프닝쇼 ‘뮌’ 포토월 참석한 오메가 엑스 재한, 예찬영상 촬영, 편집: 임다솔제작: MTN 머니투데이방송#재한​ #예찬​ #오메가엑스​ #서울패션위크​https://t.co/uc7ICct3wx",0.0,7.0,27.0,1270.0,ko,,,,,,,,,,,,
tweet-2018674563781939591,2026-03-06 14:29:49,推特,ROoLing321,'1643892752487452672,❆𝓡𝓞𝓸링❆,原创,Tue Feb 03 13:14:55 +0000 2026,,,,,,,,,ROoLing321,'1643892752487452672,❆𝓡𝓞𝓸링❆,Tue Feb 03 13:14:55 +0000 2026,'2018674563781939591,https://x.com/ROoLing321/status/2018674563781939591,fashion~ https://t.co/aCy7xKPL1P,0.0,3.0,34.0,343.0,en,,,,,,,,,,,,
tweet-2018634897179676792,2026-03-06 14:29:49,推特,ROoLing321,'1643892752487452672,❆𝓡𝓞𝓸링❆,原创,Tue Feb 03 10:37:18 +0000 2026,,,,,,,,,ROoLing321,'1643892752487452672,❆𝓡𝓞𝓸링❆,Tue Feb 03 10:37:18 +0000 2026,'2018634897179676792,https://x.com/ROoLing321/status/2018634897179676792,서울패션위크 #재한 #JAEHAN #YECHAN  #예찬 #OMEGA_X  #오메가엑스https://t.co/LObG9vAnCR,0.0,7.0,21.0,1147.0,ko,,,,,,,,,,,,
tweet-2018633988597072220,2026-03-06 14:29:49,推特,ROoLing321,'1643892752487452672,❆𝓡𝓞𝓸링❆,原创,Tue Feb 03 10:33:41 +0000 2026,,,,,,,,,ROoLing321,'1643892752487452672,❆𝓡𝓞𝓸링❆,Tue Feb 03 10:33:41 +0000 2026,'2018633988597072220,https://x.com/ROoLing321/status/2018633988597072220,서울패션위크#재한 #JAEHAN #YECHAN  #예찬 #OMEGA_X  #오메가엑스https://t.co/LNRqpyGZsx,0.0,6.0,32.0,1035.0,ko,,,,,,,,,,,,
tweet-2018499899248312456,2026-03-06 14:29:49,推特,ROoLing321,'1643892752487452672,❆𝓡𝓞𝓸링❆,原创,Tue Feb 03 01:40:52 +0000 2026,,,,,,,,,ROoLing321,'1643892752487452672,❆𝓡𝓞𝓸링❆,Tue Feb 03 01:40:52 +0000 2026,'2018499899248312456,https://x.com/ROoLing321/status/2018499899248312456,凌晨出现的🐨，让很多人失眠了😪 https://t.co/b41nVDzGzo,0.0,1.0,12.0,288.0,zh,,,,,,,,,,,,
tweet-2018129866378674384,2026-03-06 14:29:49,推特,ROoLing321,'1643892752487452672,❆𝓡𝓞𝓸링❆,原创,Mon Feb 02 01:10:29 +0000 2026,,,,,,,,,ROoLing321,'1643892752487452672,❆𝓡𝓞𝓸링❆,Mon Feb 02 01:10:29 +0000 2026,'2018129866378674384,https://x.com/ROoLing321/status/2018129866378674384,또 한 주 파이팅해보쟈우리~ https://t.co/znjq42AiN2,0.0,1.0,6.0,321.0,ko,,,,,,,,,,,,
tweet-2017937462497321250,2026-03-06 14:29:49,推特,ROoLing321,'1643892752487452672,❆𝓡𝓞𝓸링❆,原创,Sun Feb 01 12:25:57 +0000 2026,,,,,,,,,ROoLing321,'1643892752487452672,❆𝓡𝓞𝓸링❆,Sun Feb 01 12:25:57 +0000 2026,'2017937462497321250,https://x.com/ROoLing321/status/2017937462497321250,콜드시티 박력 늑대？？🤣귀여~,0.0,1.0,1.0,201.0,ko,,,,,,,,,,,,
tweet-2017887430737899632,2026-03-06 14:29:49,推特,ROoLing321,'1643892752487452672,❆𝓡𝓞𝓸링❆,转帖,Sun Feb 01 09:07:08 +0000 2026,,,,,,,,,hellolivetour,'1915677607607312384,hellolivetour,Sun Feb 01 09:00:03 +0000 2026,'2017885647445357030,https://x.com/hellolivetour/status/2017885647445357030,Milan!You got a message from OMEGA X🖤🎟️Full tour info &amp; tickets here: https://t.co/KZVyu5040U@OmegaX_official#OMEGA_X #오메가엑스 #OMEGA_X_RECONNECT https://t.co/WtolkRUFhO,0.0,78.0,313.0,6909.0,en,,,,,,,,,,,,
tweet-2017593579317956718,2026-03-06 14:29:49,推特,ROoLing321,'1643892752487452672,❆𝓡𝓞𝓸링❆,转帖,Sat Jan 31 13:39:29 +0000 2026,,,,,,,,,hellolivetour,'1915677607607312384,hellolivetour,Sat Jan 31 09:00:02 +0000 2026,'2017523257310867927,https://x.com/hellolivetour/status/2017523257310867927,Helsinki!You got a message from OMEGA X🖤🎟️Full tour info &amp; tickets here: https://t.co/KZVyu50BQs@OmegaX_official#OMEGA_X #오메가엑스 #OMEGA_X_RECONNECT https://t.co/sEy9im1ZfQ,2.0,67.0,289.0,5376.0,en,,,,,,,,,,,,
tweet-2017470983666594132,2026-03-06 14:29:49,推特,ROoLing321,'1643892752487452672,❆𝓡𝓞𝓸링❆,原创,Sat Jan 31 05:32:19 +0000 2026,,,,,,,,,ROoLing321,'1643892752487452672,❆𝓡𝓞𝓸링❆,Sat Jan 31 05:32:19 +0000 2026,'2017470983666594132,https://x.com/ROoLing321/status/2017470983666594132,Clawdbot👉🏻Moltbot‌👉🏻OpenClaw‌😂😂😂It's like watching a pet upgrade.,0.0,1.0,1.0,159.0,en,,,,,,,,,,,,
tweet-2017431329726730739,2026-03-06 14:29:49,推特,ROoLing321,'1643892752487452672,❆𝓡𝓞𝓸링❆,原创,Sat Jan 31 02:54:45 +0000 2026,,,,,,,,,ROoLing321,'1643892752487452672,❆𝓡𝓞𝓸링❆,Sat Jan 31 02:54:45 +0000 2026,'2017431329726730739,https://x.com/ROoLing321/status/2017431329726730739,Clawdbot~I need it.˶⍤⃝˶꒳ᵒ꒳ᵎᵎᵎ https://t.co/6cWHHr33vS,0.0,1.0,1.0,102.0,en,,,,,,,,,,,,
tweet-2017263814098767994,2026-03-06 14:29:49,推特,ROoLing321,'1643892752487452672,❆𝓡𝓞𝓸링❆,原创,Fri Jan 30 15:49:06 +0000 2026,,,,,,,,,ROoLing321,'1643892752487452672,❆𝓡𝓞𝓸링❆,Fri Jan 30 15:49:06 +0000 2026,'2017263814098767994,https://x.com/ROoLing321/status/2017263814098767994,🙄배우: 신예찬#YECHAN  #예찬 #OMEGA_X  #오메가엑스 https://t.co/xGV8SU2hBq,0.0,5.0,35.0,1176.0,ko,,,,,,,,,,,,
tweet-2017240076431110205,2026-03-06 14:29:49,推特,ROoLing321,'1643892752487452672,❆𝓡𝓞𝓸링❆,原创,Fri Jan 30 14:14:47 +0000 2026,,,,,,,,,ROoLing321,'1643892752487452672,❆𝓡𝓞𝓸링❆,Fri Jan 30 14:14:47 +0000 2026,'2017240076431110205,https://x.com/ROoLing321/status/2017240076431110205,"When I'm running low on battery, you came through for me with🔋⚡⚡⚡…… https://t.co/7MksbXjoO0",0.0,2.0,15.0,421.0,en,,,,,,,,,,,,
tweet-2014585694560415820,2026-03-06 14:31:18,推特,9527_wf,'2000136497325072384,秋月露华浓,转帖,Fri Jan 23 06:27:13 +0000 2026,,,,,,,,,hazenlee,'2739080844,𝙃𝘼𝙕𝙀𝙉𝙇𝙀𝙀,Thu Jan 22 14:06:02 +0000 2026,'2014338771786014842,https://x.com/hazenlee/status/2014338771786014842,蚌埠住了 给我看乐了 https://t.co/QhJFiMhtTm,312.0,547.0,10550.0,1408610.0,zh,,,,,,,,,,,,
tweet-2013404694006374714,2026-03-06 14:31:18,推特,9527_wf,'2000136497325072384,秋月露华浓,转帖,Tue Jan 20 00:14:20 +0000 2026,,,,,,,,,Drheavenj,'819169105731141632,梁小妞🍓,Mon Jan 19 23:35:23 +0000 2026,'2013394889262932015,https://x.com/Drheavenj/status/2013394889262932015,早安，来舔干净#脚 #日常 #裸足 https://t.co/vYJQpOjq8x,2.0,1.0,1.0,467.0,zh,,,,,,,,,,,,
tweet-2012681765383741518,2026-03-06 14:31:18,推特,9527_wf,'2000136497325072384,秋月露华浓,转帖,Sun Jan 18 00:21:41 +0000 2026,,,,,,,,,Drheavenj,'819169105731141632,梁小妞🍓,Sun Jan 18 00:11:04 +0000 2026,'2012679096203927901,https://x.com/Drheavenj/status/2012679096203927901,早安，陌生人 https://t.co/saKJenhGmE,2.0,1.0,1.0,570.0,ja,,,,,,,,,,,,
tweet-2011758766950375561,2026-03-06 14:31:18,推特,9527_wf,'2000136497325072384,秋月露华浓,转帖,Thu Jan 15 11:14:01 +0000 2026,,,,,,,,,Drheavenj,'819169105731141632,梁小妞🍓,Thu Jan 15 10:00:04 +0000 2026,'2011740155846213651,https://x.com/Drheavenj/status/2011740155846213651,更新下动态 https://t.co/qHeyVVKJd2,1.0,1.0,1.0,573.0,zh,,,,,,,,,,,,
tweet-2010882516908195969,2026-03-06 14:31:18,推特,9527_wf,'2000136497325072384,秋月露华浓,转帖,Tue Jan 13 01:12:07 +0000 2026,,,,,,,,,Drheavenj,'819169105731141632,梁小妞🍓,Tue Jan 13 00:29:00 +0000 2026,'2010871668139573370,https://x.com/Drheavenj/status/2010871668139573370,早咯，困死了 https://t.co/mWMCMIuk5R,1.0,1.0,0.0,561.0,zh,,,,,,,,,,,,
tweet-2010743428976677165,2026-03-06 14:31:18,推特,9527_wf,'2000136497325072384,秋月露华浓,转帖,Mon Jan 12 15:59:25 +0000 2026,,,,,,,,,Drheavenj,'819169105731141632,梁小妞🍓,Mon Jan 12 15:57:13 +0000 2026,'2010742874137370797,https://x.com/Drheavenj/status/2010742874137370797,喜欢？不喜欢？想？不想？#反差 #日常记录 #女大 https://t.co/P8bTtBuof3,0.0,1.0,1.0,497.0,zh,,,,,,,,,,,,
tweet-2010515194272002273,2026-03-06 14:31:18,推特,9527_wf,'2000136497325072384,秋月露华浓,转帖,Mon Jan 12 00:52:30 +0000 2026,,,,,,,,,Drheavenj,'819169105731141632,梁小妞🍓,Sun Jan 11 23:57:10 +0000 2026,'2010501269941858631,https://x.com/Drheavenj/status/2010501269941858631,早安，开始牛马第一天#日常记录 #反差 #成都 https://t.co/9wka34EhEo,0.0,1.0,1.0,475.0,zh,,,,,,,,,,,,
tweet-2010271655235604682,2026-03-06 14:31:18,推特,9527_wf,'2000136497325072384,秋月露华浓,转帖,Sun Jan 11 08:44:46 +0000 2026,,,,,,,,,Drheavenj,'819169105731141632,梁小妞🍓,Sun Jan 11 07:37:20 +0000 2026,'2010254684750262359,https://x.com/Drheavenj/status/2010254684750262359,清纯的夏天#夏天 #反差 #女大 #成都 https://t.co/d59nx2xZY6,1.0,1.0,1.0,441.0,zh,,,,,,,,,,,,
tweet-2010160202176483344,2026-03-06 14:31:18,推特,9527_wf,'2000136497325072384,秋月露华浓,转帖,Sun Jan 11 01:21:53 +0000 2026,,,,,,,,,Drheavenj,'819169105731141632,梁小妞🍓,Sun Jan 11 00:14:29 +0000 2026,'2010143238943027619,https://x.com/Drheavenj/status/2010143238943027619,可可爱爱求关注，周末快乐！有没有聊天的？#反差 #生活记录 #日常 https://t.co/rCenHOOlAZ,0.0,1.0,1.0,445.0,zh,,,,,,,,,,,,
tweet-2009550366757847249,2026-03-06 14:31:18,推特,9527_wf,'2000136497325072384,秋月露华浓,转帖,Fri Jan 09 08:58:37 +0000 2026,,,,,,,,,Drheavenj,'819169105731141632,梁小妞🍓,Sun Jan 04 09:27:00 +0000 2026,'2007745569343918550,https://x.com/Drheavenj/status/2007745569343918550,你喜欢的不是我，你喜欢的只是凿我！ https://t.co/WwIvYYXIje,0.0,1.0,1.0,382.0,zh,,,,,,,,,,,,
tweet-2009550359572943292,2026-03-06 14:31:18,推特,9527_wf,'2000136497325072384,秋月露华浓,转帖,Fri Jan 09 08:58:36 +0000 2026,,,,,,,,,Drheavenj,'819169105731141632,梁小妞🍓,Sun Jan 04 10:02:34 +0000 2026,'2007754521012043905,https://x.com/Drheavenj/status/2007754521012043905,只是反差而已，只敢这上面表现自己的另一面，#反差#自拍 https://t.co/hlRaEzyC4B,0.0,1.0,1.0,410.0,zh,,,,,,,,,,,,
tweet-2009550327352356865,2026-03-06 14:31:18,推特,9527_wf,'2000136497325072384,秋月露华浓,转帖,Fri Jan 09 08:58:28 +0000 2026,,,,,,,,,Drheavenj,'819169105731141632,梁小妞🍓,Sun Jan 04 16:34:28 +0000 2026,'2007853145423319147,https://x.com/Drheavenj/status/2007853145423319147,喜欢可以关注，争取日更偶尔更新福利类型的 https://t.co/VfwzCA6mKH,0.0,1.0,1.0,393.0,zh,,,,,,,,,,,,
tweet-2009550267944239242,2026-03-06 14:31:18,推特,9527_wf,'2000136497325072384,秋月露华浓,转帖,Fri Jan 09 08:58:14 +0000 2026,,,,,,,,,Drheavenj,'819169105731141632,梁小妞🍓,Mon Jan 05 00:14:35 +0000 2026,'2007968937271771342,https://x.com/Drheavenj/status/2007968937271771342,日常分享，求骚扰 https://t.co/zHr8PucETm,0.0,1.0,1.0,383.0,zh,,,,,,,,,,,,
tweet-2009550263569506475,2026-03-06 14:31:18,推特,9527_wf,'2000136497325072384,秋月露华浓,转帖,Fri Jan 09 08:58:13 +0000 2026,,,,,,,,,Drheavenj,'819169105731141632,梁小妞🍓,Mon Jan 05 00:45:25 +0000 2026,'2007976697631825940,https://x.com/Drheavenj/status/2007976697631825940,今日份OOTD https://t.co/cJPRCCicEx,0.0,1.0,1.0,397.0,ja,,,,,,,,,,,,
tweet-2009550256401485841,2026-03-06 14:31:18,推特,9527_wf,'2000136497325072384,秋月露华浓,转帖,Fri Jan 09 08:58:11 +0000 2026,,,,,,,,,Drheavenj,'819169105731141632,梁小妞🍓,Mon Jan 05 02:36:50 +0000 2026,'2008004736520528157,https://x.com/Drheavenj/status/2008004736520528157,可能有大胸之兆 https://t.co/wXISBg2pLw,0.0,1.0,1.0,406.0,ja,,,,,,,,,,,,
tweet-2009550240291213373,2026-03-06 14:31:18,推特,9527_wf,'2000136497325072384,秋月露华浓,转帖,Fri Jan 09 08:58:07 +0000 2026,,,,,,,,,Drheavenj,'819169105731141632,梁小妞🍓,Mon Jan 05 08:20:12 +0000 2026,'2008091145134649372,https://x.com/Drheavenj/status/2008091145134649372,日常分享，喜欢就好，喜欢就请关注，谢谢 https://t.co/qyWOUD7jzP,0.0,1.0,1.0,423.0,zh,,,,,,,,,,,,
tweet-2009550216262025709,2026-03-06 14:31:18,推特,9527_wf,'2000136497325072384,秋月露华浓,转帖,Fri Jan 09 08:58:01 +0000 2026,,,,,,,,,Drheavenj,'819169105731141632,梁小妞🍓,Mon Jan 05 12:31:55 +0000 2026,'2008154491053609053,https://x.com/Drheavenj/status/2008154491053609053,晚上好，陌生人 https://t.co/bZe3YY9yKm,1.0,1.0,1.0,430.0,ja,,,,,,,,,,,,
tweet-2009550205751067113,2026-03-06 14:31:18,推特,9527_wf,'2000136497325072384,秋月露华浓,转帖,Fri Jan 09 08:57:59 +0000 2026,,,,,,,,,Drheavenj,'819169105731141632,梁小妞🍓,Mon Jan 05 12:49:12 +0000 2026,'2008158844405547496,https://x.com/Drheavenj/status/2008158844405547496,#新头像 https://t.co/Hsik5Jy54y,0.0,1.0,1.0,463.0,qme,,,,,,,,,,,,
tweet-2009550198541087171,2026-03-06 14:31:18,推特,9527_wf,'2000136497325072384,秋月露华浓,转帖,Fri Jan 09 08:57:57 +0000 2026,,,,,,,,,Drheavenj,'819169105731141632,梁小妞🍓,Tue Jan 06 00:00:21 +0000 2026,'2008327741997814117,https://x.com/Drheavenj/status/2008327741997814117,早安 https://t.co/BzKKVRlkmK,1.0,1.0,1.0,416.0,ja,,,,,,,,,,,,
tweet-2009550179033354348,2026-03-06 14:31:18,推特,9527_wf,'2000136497325072384,秋月露华浓,转帖,Fri Jan 09 08:57:52 +0000 2026,,,,,,,,,Drheavenj,'819169105731141632,梁小妞🍓,Tue Jan 06 02:51:13 +0000 2026,'2008370741478109676,https://x.com/Drheavenj/status/2008370741478109676,足控有没有？ https://t.co/naBUf9GPDa,0.0,1.0,1.0,443.0,zh,,,,,,,,,,,,
tweet-1785010165638685039,2026-03-06 14:42:28,推特,yejiqian0714,'1505244434983636995,叶计迁,原创,Mon Apr 29 18:16:02 +0000 2024,,,,,,,,,yejiqian0714,'1505244434983636995,叶计迁,Mon Apr 29 18:16:02 +0000 2024,'1785010165638685039,https://x.com/yejiqian0714/status/1785010165638685039,oc https://t.co/PJsBR4ODlw,1.0,0.0,0.0,59.0,und,,,,,,,,,,,,
tweet-2025426389806317907,2026-03-06 14:46:03,推特,0828Ye,'1938847705171886080,🍞,转帖,Sun Feb 22 04:24:16 +0000 2026,,,,,,,,,permpoon_GMMTV,'1920416157896761344,PERMPOON,Sun Feb 22 02:47:03 +0000 2026,'2025401926133973413,https://x.com/permpoon_GMMTV/status/2025401926133973413,ท่านปอนทำการบ้านเหมือนพิเพิ่มเรยยยย ฉู้ววๆน้าค้าบบบ @ppnaravit ✌🏻✌🏻✌🏻 เดี๋ยวให้พ่อพ่อซื้อขนมมาเผื่ออ https://t.co/px5lIdcxyE,280.0,9046.0,28175.0,365332.0,th,,,,,,,,,,,,
tweet-2024864322187599994,2026-03-06 14:46:03,推特,0828Ye,'1938847705171886080,🍞,转帖,Fri Feb 20 15:10:49 +0000 2026,,,,,,,,,dunknatachai,'3436552632,dunknatachai,Thu Feb 19 16:09:39 +0000 2026,'2024516740458434932,https://x.com/dunknatachai/status/2024516740458434932,เป็นไงบ้างครับอีพี 9 #DareYouToDeathEP9 https://t.co/MiVhRW0zHu,1044.0,12265.0,57466.0,352377.0,th,,,,,,,,,,,,
tweet-2024392783218581541,2026-03-06 14:46:03,推特,0828Ye,'1938847705171886080,🍞,转帖,Thu Feb 19 07:57:05 +0000 2026,,,,,,,,,ppnaravit,'1280214316851924992,ppnaravit,Wed Feb 18 09:55:12 +0000 2026,'2024060118153789731,https://x.com/ppnaravit/status/2024060118153789731,🫶🏻 @prada #Prada https://t.co/WgWnrJbNgO,2283.0,32657.0,76953.0,1128965.0,qme,,,,,,,,,,,,
tweet-2024391909112946692,2026-03-06 14:46:03,推特,0828Ye,'1938847705171886080,🍞,转帖,Thu Feb 19 07:53:37 +0000 2026,,,,,,,,,dunknatachai,'3436552632,dunknatachai,Tue Feb 17 11:07:09 +0000 2026,'2023715839254651293,https://x.com/dunknatachai/status/2023715839254651293,新年快乐，2026年小生祝大家：遇horse、皆好事；horse成双；horse花生；开门迎money、岁岁有钱喜；money在手、万事无忧；2026money自由！快哉快哉，小生这厢有礼了～ ❤️ https://t.co/klo5R6nEfd,688.0,7631.0,32617.0,271046.0,zh,,,,,,,,,,,,
tweet-2024391885595562243,2026-03-06 14:46:03,推特,0828Ye,'1938847705171886080,🍞,转帖,Thu Feb 19 07:53:31 +0000 2026,,,,,,,,,ppnaravit,'1280214316851924992,ppnaravit,Tue Feb 17 08:11:35 +0000 2026,'2023671654371483784,https://x.com/ppnaravit/status/2023671654371483784,น้องข้าวคนดื้อ Nice to meet you! @RIIZE_official https://t.co/OXCfcqIhRZ,1310.0,65974.0,130216.0,1659958.0,und,,,,,,,,,,,,
tweet-2022904026246082580,2026-03-06 14:46:03,推特,0828Ye,'1938847705171886080,🍞,转帖,Sun Feb 15 05:21:18 +0000 2026,,,,,,,,,ChenRcj,'1063930322105090050,อันโดรเมด้า ชุน,Sat Feb 14 14:45:24 +0000 2026,'2022683600957903091,https://x.com/ChenRcj/status/2022683600957903091,ไอเลิฟยูซอมัส https://t.co/5Yn7b8Iprg,1731.0,33530.0,107014.0,1006919.0,th,,,,,,,,,,,,
tweet-2022903949880406045,2026-03-06 14:46:03,推特,0828Ye,'1938847705171886080,🍞,转帖,Sun Feb 15 05:21:00 +0000 2026,,,,,,,,,ChenRcj,'1063930322105090050,อันโดรเมด้า ชุน,Sat Feb 14 10:05:42 +0000 2026,'2022613212764713377,https://x.com/ChenRcj/status/2022613212764713377,อ้วนมาให้กำลังใจ https://t.co/Sv0BErwcZj,1821.0,48782.0,154544.0,1461337.0,th,,,,,,,,,,,,
tweet-2021890665702207699,2026-03-06 14:46:03,推特,0828Ye,'1938847705171886080,🍞,转帖,Thu Feb 12 10:14:34 +0000 2026,,,,,,,,,OhjuiceThailand,'2016340219155636224,Ohjuice.thailand,Thu Feb 12 05:39:28 +0000 2026,'2021821433958355050,https://x.com/OhjuiceThailand/status/2021821433958355050,CEO ตัวจริง ลงมือปั่นเองแบบนี้ถ้าเลือกไม่ได้ ก็จัดไปเลยทั้ง 2 แก้ว✨🍓 LOVEBERRY KISSABEL🍎 APPLEKISS TAKEOVERเมนูนี้…ฉันใส่หัวใจลงไปทั้ง 2 แก้วเลยนะ#OhJuicexPondNaravit#LoveTakeover#PondKissKiss#ppnaravit https://t.co/z5ptccjV37,92.0,5376.0,6879.0,142023.0,th,,,,,,,,,,,,
tweet-2019731368251707586,2026-03-06 14:46:03,推特,0828Ye,'1938847705171886080,🍞,转帖,Fri Feb 06 11:14:17 +0000 2026,,,,,,,,,ppnaravit,'1280214316851924992,ppnaravit,Wed Feb 04 15:01:30 +0000 2026,'2019063772095373607,https://x.com/ppnaravit/status/2019063772095373607,ฮ๊ายฮาย เจ็ทแล็ค https://t.co/AShBdzN5Bf,2628.0,44642.0,130156.0,1203619.0,th,,,,,,,,,,,,
tweet-2017447571212668950,2026-03-06 14:46:03,推特,0828Ye,'1938847705171886080,🍞,转帖,Sat Jan 31 03:59:17 +0000 2026,,,,,,,,,ppnaravit_home,'1264927419544137728,𝐏𝐏𝐍𝐀𝐑𝐀𝐕𝐈𝐓_𝐎𝐅𝐅𝐈𝐂𝐈𝐀𝐋,Fri Jan 30 13:39:22 +0000 2026,'2017231165141524953,https://x.com/ppnaravit_home/status/2017231165141524953,"กอด กอด นะค้าบบบ 🧡🤍✨@ppnaravit , @phuwintang #ppnaravit , #ปอนด์ภูวินทร์ https://t.co/nIy18DiBOH",106.0,17669.0,31714.0,254222.0,th,,,,,,,,,,,,
tweet-2017447201342165500,2026-03-06 14:46:03,推特,0828Ye,'1938847705171886080,🍞,转帖,Sat Jan 31 03:57:49 +0000 2026,,,,,,,,,ppnaravit,'1280214316851924992,ppnaravit,Fri Jan 30 14:52:02 +0000 2026,'2017249452013281687,https://x.com/ppnaravit/status/2017249452013281687,ภาพแรกที่เห็น บอกตรงๆ ว่าช็อกมากจริงๆไม่ได้คาดหวังอะไรเลย ตั้งใจแค่อยากมาเจอทุกคน แล้วมอบความสุขกลับไปให้ แต่สิ่งที่อยากบอกคือ พวกผมสองคนมีความสุขมากๆ มากจนไม่รู้จะอธิบายออกมาเป็นคำพูดยังไงดี ขอบคุณทุกคนจากใจจริง ครอบครัวของเราโตขึ้นมากจริงๆอยู่ด้วยกันไปนานๆ นะครับ รักทุกคน https://t.co/bATIhNU4Vo,3776.0,69932.0,145561.0,1432621.0,th,,,,,,,,,,,,
tweet-2010173967374667949,2026-03-06 14:46:03,推特,0828Ye,'1938847705171886080,🍞,转帖,Sun Jan 11 02:16:35 +0000 2026,,,,,,,,,ppnaravit,'1280214316851924992,ppnaravit,Sat Jan 10 13:25:21 +0000 2026,'2009979881376174210,https://x.com/ppnaravit/status/2009979881376174210,อีก 5 นาธีร์ บอกธีร์ ว่าเปิดธีร์วีรอหรือยัง.. #MeAndTheeSeriesEP9 https://t.co/qlEGvipcBj,1786.0,28665.0,76719.0,733013.0,th,,,,,,,,,,,,
tweet-2010168631343362443,2026-03-06 14:46:03,推特,0828Ye,'1938847705171886080,🍞,转帖,Sun Jan 11 01:55:23 +0000 2026,,,,,,,,,ppnaravit,'1280214316851924992,ppnaravit,Sat Jan 10 15:43:47 +0000 2026,'2010014715997835645,https://x.com/ppnaravit/status/2010014715997835645,ฝากน้องนักแสดงสีน้ำตาลด้วยนะคับชื่อ “Parker” เป็นหมาของผมเอง🙏🏻😂 #MeAndTheeSeriesEP9 https://t.co/ITw37be1sU,1814.0,52360.0,104324.0,1356732.0,th,,,,,,,,,,,,
tweet-2010168566629421566,2026-03-06 14:46:03,推特,0828Ye,'1938847705171886080,🍞,转帖,Sun Jan 11 01:55:08 +0000 2026,,,,,,,,,permpoon_GMMTV,'1920416157896761344,PERMPOON,Sat Jan 10 14:39:26 +0000 2026,'2009998524881232152,https://x.com/permpoon_GMMTV/status/2009998524881232152,เอาถุงให้พิโมกกกก #MeAndTheeSeriesEP9 https://t.co/GmtECkPWDl,683.0,26386.0,64592.0,1163102.0,th,,,,,,,,,,,,
tweet-2010168486576959647,2026-03-06 14:46:03,推特,0828Ye,'1938847705171886080,🍞,转帖,Sun Jan 11 01:54:48 +0000 2026,,,,,,,,,phuwintang,'40408670,phuwintang,Sat Jan 10 12:30:41 +0000 2026,'2009966121424957948,https://x.com/phuwintang/status/2009966121424957948,สุขสันต์วันเด็ก#MeAndTheeSeriesEP9 https://t.co/jX472aIe7D,2554.0,28611.0,80539.0,1061554.0,th,,,,,,,,,,,,
tweet-2010168445279826369,2026-03-06 14:46:03,推特,0828Ye,'1938847705171886080,🍞,转帖,Sun Jan 11 01:54:39 +0000 2026,,,,,,,,,EstRvp,'1260963719908974599,est_rvp,Sat Jan 10 16:34:37 +0000 2026,'2010027511267373242,https://x.com/EstRvp/status/2010027511267373242,เหม็นความรักกกกก🫩#MeAndTheeSeriesEP9 https://t.co/4gM0I7VTdv,1851.0,65847.0,186759.0,1644844.0,th,,,,,,,,,,,,
tweet-2006638582904266850,2026-03-06 14:46:03,推特,0828Ye,'1938847705171886080,🍞,转帖,Thu Jan 01 08:08:14 +0000 2026,,,,,,,,,permpoon_GMMTV,'1920416157896761344,PERMPOON,Wed Dec 31 10:17:36 +0000 2025,'2006308753470378390,https://x.com/permpoon_GMMTV/status/2006308753470378390,พิอ่านที่ทู้กคนพิมมาหมด! ขอบคุนล้านรอบเนยคับ เพราะทู้กคนพิเลยมีความฉุก ท่านกะพ่อก้อมีความฉุก พิร้าก🧡🧡🧡 #PERMPOON https://t.co/4r927wdmjH,630.0,12208.0,32417.0,295884.0,th,,,,,,,,,,,,
tweet-2006638542320185475,2026-03-06 14:46:03,推特,0828Ye,'1938847705171886080,🍞,转帖,Thu Jan 01 08:08:04 +0000 2026,,,,,,,,,EstRvp,'1260963719908974599,est_rvp,Wed Dec 31 17:27:21 +0000 2025,'2006416902260990342,https://x.com/EstRvp/status/2006416902260990342,HNY2026🥳🎉 https://t.co/aKvxw7leBu,1906.0,23748.0,72105.0,560285.0,und,,,,,,,,,,,,
tweet-2006638525681422774,2026-03-06 14:46:03,推特,0828Ye,'1938847705171886080,🍞,转帖,Thu Jan 01 08:08:00 +0000 2026,,,,,,,,,Williamjkp1,'1582027225632714752,วิลเลี่ยม จักกะปรั๊ดดดดด,Wed Dec 31 20:31:30 +0000 2025,'2006463244240875591,https://x.com/Williamjkp1/status/2006463244240875591,Happy New Year na jaaaaa jub jub🩵 https://t.co/6xu8NhTCUa,2927.0,37817.0,108742.0,1400429.0,en,,,,,,,,,,,,
tweet-2006638505087348746,2026-03-06 14:46:03,推特,0828Ye,'1938847705171886080,🍞,转帖,Thu Jan 01 08:07:55 +0000 2026,,,,,,,,,ppnaravit,'1280214316851924992,ppnaravit,Tue Dec 30 13:59:47 +0000 2025,'2006002276469727509,https://x.com/ppnaravit/status/2006002276469727509,ออกเสียง ชอช้าง ชัดๆว่า... https://t.co/Nd1ohNROt8,1671.0,28121.0,89933.0,1413953.0,th,,,,,,,,,,,,
tweet-2027595404238291159,2026-03-06 14:57:45,推特,TWNbelongstoCN,'1670829417088843779,翻不了墙就挖洞,原创,Sat Feb 28 04:03:09 +0000 2026,,,,,,,,,TWNbelongstoCN,'1670829417088843779,翻不了墙就挖洞,Sat Feb 28 04:03:09 +0000 2026,'2027595404238291159,https://x.com/TWNbelongstoCN/status/2027595404238291159,https://t.co/yz13imI7Qc,0.0,0.0,1.0,24.0,zxx,,,,,,,,,,,,
tweet-2025923350967513126,2026-03-06 14:57:45,推特,TWNbelongstoCN,'1670829417088843779,翻不了墙就挖洞,原创,Mon Feb 23 13:19:01 +0000 2026,,,,,,,,,TWNbelongstoCN,'1670829417088843779,翻不了墙就挖洞,Mon Feb 23 13:19:01 +0000 2026,'2025923350967513126,https://x.com/TWNbelongstoCN/status/2025923350967513126,https://t.co/UZxSIIwHz7,0.0,0.0,1.0,23.0,zxx,,,,,,,,,,,,
tweet-2018989141170516472,2026-03-06 14:57:45,推特,TWNbelongstoCN,'1670829417088843779,翻不了墙就挖洞,转帖,Wed Feb 04 10:04:56 +0000 2026,,,,,,,,,whyyoutouzhele,'1260553941714186241,李老师不是你老师,Tue Feb 03 22:30:23 +0000 2026,'2018814351998918831,https://x.com/whyyoutouzhele/status/2018814351998918831,【慎入】2月2日，江苏。一男子疑似因妻子出轨，当街用自制喷火器烧死了妻子的出轨对象。事发过程中，受害者不断哀求但仍未幸免，警方赶到现场后，男子对纵火行为供认不讳，已被警方控制并带走。 https://t.co/zZZKM4JlKn,306.0,169.0,2141.0,,zh,,,,,,,,,,,,
tweet-1877160592735096974,2026-03-06 14:57:45,推特,TWNbelongstoCN,'1670829417088843779,翻不了墙就挖洞,转帖,Thu Jan 09 01:08:55 +0000 2025,,,,,,,,,hrichina,'20784367,中国人权-Human Rights in China,Mon Jan 06 21:38:01 +0000 2025,'1876382742143008803,https://x.com/hrichina/status/1876382742143008803,陕西蒲城职校学生非正常死亡事件引发大规模示威。1月2日凌晨，蒲城职业学校17岁学生党昶鑫在校园内坠亡。家属接到老师来电通知有急事需前往学校，到达学校后，被限制人身自由关在学校房间内，无法及时了解真相，同日早上7时，才被辖区派出所副所长告知孩子坠亡的消息。随后，家属被转移至宾馆关押，由 https://t.co/krpRFiMPdm,253.0,358.0,1791.0,879199.0,zh,,,,,,,,,,,,
tweet-1843444554579747083,2026-03-06 14:57:45,推特,TWNbelongstoCN,'1670829417088843779,翻不了墙就挖洞,原创,Tue Oct 08 00:13:26 +0000 2024,,,,,,,,,TWNbelongstoCN,'1670829417088843779,翻不了墙就挖洞,Tue Oct 08 00:13:26 +0000 2024,'1843444554579747083,https://x.com/TWNbelongstoCN/status/1843444554579747083,我要去俄罗斯！！https://t.co/nZE3NC24SI,0.0,0.0,0.0,82.0,zh,,,,,,,,,,,,
tweet-1842260145700844021,2026-03-06 14:57:45,推特,TWNbelongstoCN,'1670829417088843779,翻不了墙就挖洞,原创,Fri Oct 04 17:47:00 +0000 2024,,,,,,,,,TWNbelongstoCN,'1670829417088843779,翻不了墙就挖洞,Fri Oct 04 17:47:00 +0000 2024,'1842260145700844021,https://x.com/TWNbelongstoCN/status/1842260145700844021,桌球打的真好！！https://t.co/JhRGQKsvIt,0.0,0.0,0.0,104.0,ja,,,,,,,,,,,,
tweet-2009811402236829994,2026-03-06 14:58:53,推特,Florian05020618,'1975467903622529024,聆雨音,转帖,Sat Jan 10 02:15:53 +0000 2026,,,,,,,,,PepperKid9,'1626447774832275458,Emilylla,Tue Jan 06 01:17:25 +0000 2026,'2008347139391287760,https://x.com/PepperKid9/status/2008347139391287760,任務中（ライバボ） https://t.co/K0kWLLRLO5,3.0,592.0,4197.0,51126.0,ja,,,,,,,,,,,,
tweet-2006947062777356730,2026-03-06 14:58:53,推特,Florian05020618,'1975467903622529024,聆雨音,转帖,Fri Jan 02 04:34:01 +0000 2026,,,,,,,,,ibgwataku,'1689250920239161345,햄부기,Thu Jan 01 14:03:08 +0000 2026,'2006727897604829360,https://x.com/ibgwataku/status/2006727897604829360,#IdentityV #FlorianBrand https://t.co/pRysyKoC2g,0.0,113.0,594.0,,qme,,,,,,,,,,,,
tweet-2006946847441764475,2026-03-06 14:58:53,推特,Florian05020618,'1975467903622529024,聆雨音,转帖,Fri Jan 02 04:33:10 +0000 2026,,,,,,,,,H4MC0M,'2001355743782711297,코마,Thu Jan 01 19:50:03 +0000 2026,'2006815202675929486,https://x.com/H4MC0M/status/2006815202675929486,안사귀는 아카후루 https://t.co/yWiYr6EuM2,0.0,135.0,1942.0,42402.0,ko,,,,,,,,,,,,
tweet-2006946799081386408,2026-03-06 14:58:53,推特,Florian05020618,'1975467903622529024,聆雨音,转帖,Fri Jan 02 04:32:58 +0000 2026,,,,,,,,,vv8vv1,'952466231746969606,일조,Thu Jan 01 11:11:05 +0000 2026,'2006684600106639758,https://x.com/vv8vv1/status/2006684600106639758,ㅤ☾       *     ˛  ㅤ ˖     ⭑ ㅤ.ㅤ❆ㅤㅤ*ㅤㅤ ˖ ㅤ❆ㅤ .   ㅤ *    _Π______  ˛  *    ˖    ࣪   ⭑ *   ˖    ࣪    .   ❆   /______/~＼  ࣪  ☃︎  𖢔  ❄︎˛╬╬╬╬╬˛ ° .｜田田 ｜門｜╬╬╬╬╬ㅤ#백라이트 #Backlight https://t.co/DplIaziiFC,1.0,151.0,657.0,11764.0,ja,,,,,,,,,,,,
tweet-1982111644496081241,2026-03-06 14:58:53,推特,Florian05020618,'1975467903622529024,聆雨音,转帖,Sat Oct 25 15:46:56 +0000 2025,,,,,,,,,salmonsushi000,'1909315198269505539,sushisushi,Sat Oct 25 10:30:38 +0000 2025,'1982032046261453074,https://x.com/salmonsushi000/status/1982032046261453074,職場OOTD https://t.co/vZjxx905GM,6.0,562.0,3831.0,50205.0,ja,,,,,,,,,,,,
tweet-1975479204797161703,2026-03-06 14:58:53,推特,Florian05020618,'1975467903622529024,聆雨音,转帖,Tue Oct 07 08:31:59 +0000 2025,,,,,,,,,GameIdentityV,'986531180999667712,Identity V,Fri Apr 05 03:00:02 +0000 2024,'1776082340332351848,https://x.com/GameIdentityV/status/1776082340332351848,"Dear Visitors, Florian has come to believe his lone survival in that fire was a true ""miracle."" Now, amidst new flames, the miracles he brings forth persist. New Survivor Fire Investigator, will arrive at the Manor soon! #IdentityV #NewSurvivor #FireInvestigator https://t.co/SUrHw2a7ig",295.0,1247.0,7851.0,400919.0,en,,,,,,,,,,,,
tweet-1975477974138020163,2026-03-06 14:58:53,推特,Florian05020618,'1975467903622529024,聆雨音,转帖,Tue Oct 07 08:27:06 +0000 2025,,,,,,,,,zhuibeii,'1899484213872906240,zbbbb,Wed Apr 09 15:30:41 +0000 2025,'1909992369778561342,https://x.com/zhuibeii/status/1909992369778561342,#yokye #ValorantArt https://t.co/tGcoFJjdi2,3.0,142.0,651.0,15659.0,qme,,,,,,,,,,,,
tweet-1975476360576680273,2026-03-06 14:58:53,推特,Florian05020618,'1975467903622529024,聆雨音,转帖,Tue Oct 07 08:20:41 +0000 2025,,,,,,,,,Sushushh,'1153228529598775296,𝚂𝚞𝚜𝚜𝚢 🧸,Sat Jun 28 17:42:31 +0000 2025,'1939016576591876427,https://x.com/Sushushh/status/1939016576591876427,#Reyge 💜🩵 https://t.co/QXVOKyJyjf,32.0,3388.0,30834.0,403659.0,qme,,,,,,,,,,,,
tweet-1975474404604977186,2026-03-06 14:58:53,推特,Florian05020618,'1975467903622529024,聆雨音,转帖,Tue Oct 07 08:12:55 +0000 2025,,,,,,,,,Strawberry79,'1278721644270358528,Strawberry7,Sun Sep 14 10:23:42 +0000 2025,'1967172396319916087,https://x.com/Strawberry79/status/1967172396319916087,Pookie bliss💚💛#VALROANT #Chiper #ValorantArt https://t.co/Z1LaRMg731,11.0,91.0,691.0,13368.0,en,,,,,,,,,,,,
tweet-1975472708592033831,2026-03-06 14:58:53,推特,Florian05020618,'1975467903622529024,聆雨音,转帖,Tue Oct 07 08:06:10 +0000 2025,,,,,,,,,BuSheng39319,'1749901684976074752,贝果之鼠,Wed Jul 10 02:03:58 +0000 2024,'1810857463740256294,https://x.com/BuSheng39319/status/1810857463740256294,视觉系乐队pa，火灾调查员 https://t.co/0WO34C8iE8,2.0,93.0,585.0,24098.0,zh,,,,,,,,,,,,
tweet-1964058704224846065,2026-03-06 15:00:26,推特,YIQING_2,'942903792801951744,JongINinin,原创,Fri Sep 05 20:11:00 +0000 2025,,,,,,,,,YIQING_2,'942903792801951744,JongINinin,Fri Sep 05 20:11:00 +0000 2025,'1964058704224846065,https://x.com/YIQING_2/status/1964058704224846065,I don't know why but I suddenly think of this pictureKai is just art. https://t.co/15t9D54inb,0.0,92.0,392.0,7635.0,en,,,,,,,,,,,,
tweet-2027376855180062725,2026-03-06 15:00:26,推特,YIQING_2,'942903792801951744,JongINinin,转帖,Fri Feb 27 13:34:43 +0000 2026,,,,,,,,,kchartsmaster,'1132185530198835200,Kpop Charts,Fri Feb 27 01:10:15 +0000 2026,'2027189501668241694,https://x.com/kchartsmaster/status/2027189501668241694,KAI has been announced as the new brand ambassador for Lacoste. https://t.co/48Gg5sSZTH,72.0,4757.0,18368.0,328350.0,en,,,,,,,,,,,,
tweet-2024776478559465517,2026-03-06 15:00:26,推特,YIQING_2,'942903792801951744,JongINinin,转帖,Fri Feb 20 09:21:45 +0000 2026,,,,,,,,,SpotiKAI,'1526425464604184576,KAI Spotify,Wed Feb 18 15:48:43 +0000 2026,'2024149083493921115,https://x.com/SpotiKAI/status/2024149083493921115,Wait On Me – The 4th Mini Album by #KAI surpasses 50 MILLION total streams on Spotify! — It’s his 4th album to achieve this milestone on the platform 💿: https://t.co/KEQsKHChwy https://t.co/Zar8imAMW2,0.0,182.0,471.0,,en,,,,,,,,,,,,
tweet-2024003369325785416,2026-03-06 15:00:26,推特,YIQING_2,'942903792801951744,JongINinin,转帖,Wed Feb 18 06:09:42 +0000 2026,,,,,,,,,KimJonginBar,'3045182702,China KimjonginBar,Tue Feb 17 16:02:53 +0000 2026,'2023790261604847912,https://x.com/KimJonginBar/status/2023790261604847912,"🆘 [긴급 안내] 유출 콘텐츠 발견 시 신고 및 삭제 요청 부탁드립니다!팬 여러분께, 서프라이즈를 지켜주기 위한 작은 부탁을 드립니다. https://t.co/rGGbulFwD1",3.0,239.0,406.0,66543.0,ko,,,,,,,,,,,,
tweet-2022524773667058038,2026-03-06 15:00:26,推特,YIQING_2,'942903792801951744,JongINinin,转帖,Sat Feb 14 04:14:17 +0000 2026,,,,,,,,,intokai,'4217042800,into KAI ∞ Jongin,Fri Feb 13 05:24:55 +0000 2026,'2022180159789654315,https://x.com/intokai/status/2022180159789654315,🐻 https://t.co/kovEM30hq4,0.0,335.0,642.0,,qme,,,,,,,,,,,,
tweet-2022524580867551613,2026-03-06 15:00:26,推特,YIQING_2,'942903792801951744,JongINinin,转帖,Sat Feb 14 04:13:31 +0000 2026,,,,,,,,,AboutMusicYT,'1314159555127971840,About Music,Fri Feb 13 12:10:00 +0000 2026,'2022282103661170770,https://x.com/AboutMusicYT/status/2022282103661170770,"EXO's Kai in a photo, one year ago today. https://t.co/93Ghqsidac",33.0,811.0,5578.0,273143.0,en,,,,,,,,,,,,
tweet-2022524510151565578,2026-03-06 15:00:26,推特,YIQING_2,'942903792801951744,JongINinin,原创,Sat Feb 14 04:13:14 +0000 2026,,,,,,,,,YIQING_2,'942903792801951744,JongINinin,Sat Feb 14 04:13:14 +0000 2026,'2022524510151565578,https://x.com/YIQING_2/status/2022524510151565578,jongIN                         jongOUT https://t.co/XkxNqIkIzE,0.0,0.0,0.0,41.0,eu,,,,,,,,,,,,
tweet-2019655550456459305,2026-03-06 15:00:26,推特,YIQING_2,'942903792801951744,JongINinin,转帖,Fri Feb 06 06:13:01 +0000 2026,,,,,,,,,hiiizkdl,'2522363743,쫑이,Thu Feb 05 12:53:57 +0000 2026,'2019394062760178038,https://x.com/hiiizkdl/status/2019394062760178038,아잠만 개웃겨김종인(19)                            실제로 김종인 19살때... https://t.co/IkrdQhc8Hk,0.0,1854.0,7504.0,343245.0,ko,,,,,,,,,,,,
tweet-2017196685622194321,2026-03-06 15:00:26,推特,YIQING_2,'942903792801951744,JongINinin,原创,Fri Jan 30 11:22:22 +0000 2026,,,,,,,,,YIQING_2,'942903792801951744,JongINinin,Fri Jan 30 11:22:22 +0000 2026,'2017196685622194321,https://x.com/YIQING_2/status/2017196685622194321,"This is the funniest dance challenge comparison ever...You'd wanna ask ""how you move like that"" to both of them.#KAI #카이#EXO #엑소#Crown #EXO_Crown https://t.co/90hH7lK1oV",0.0,0.0,0.0,91.0,en,,,,,,,,,,,,
tweet-2016008082510512500,2026-03-06 15:00:26,推特,YIQING_2,'942903792801951744,JongINinin,转帖,Tue Jan 27 04:39:17 +0000 2026,,,,,,,,,SpotiKAI,'1526425464604184576,KAI Spotify,Mon Jan 26 03:28:49 +0000 2026,'2015627962226294816,https://x.com/SpotiKAI/status/2015627962226294816,Most Streamed SM Solo Songs on Spotify (January 2026): 1. Mmmh — 212.8M 👑 2. Rover — 200.0M ✨3. Fine — 173.2M4. UP — 169.0M5. Nightwalker — 133.0Mhttps://t.co/H1gobjzq8l,0.0,143.0,455.0,5566.0,en,,,,,,,,,,,,
tweet-2016001416826126653,2026-03-06 15:00:26,推特,YIQING_2,'942903792801951744,JongINinin,转帖,Tue Jan 27 04:12:47 +0000 2026,,,,,,,,,KAI_HEART_114,'4761461558,🐻KAIHEART,Sun Jan 25 11:36:26 +0000 2026,'2015388286551015530,https://x.com/KAI_HEART_114/status/2015388286551015530,260125  #KAI #카이 #종인 #엑소카이@weareoneEXO https://t.co/d45zfZIUy5,3.0,653.0,1463.0,21004.0,und,,,,,,,,,,,,
tweet-2016001386094395840,2026-03-06 15:00:26,推特,YIQING_2,'942903792801951744,JongINinin,转帖,Tue Jan 27 04:12:40 +0000 2026,,,,,,,,,kpop_sbs,'1131475077650771968,SBSKPOP X INKIGAYO,Mon Jan 26 08:00:01 +0000 2026,'2015696211584405798,https://x.com/kpop_sbs/status/2015696211584405798,[📽#안방1열직캠] 엑소 - Crown#인기가요 #엑소 #EXO #Crown @weareoneEXO#수호:https://t.co/YANRcX5WiZ#찬열:https://t.co/dfBpwWY0JC#카이:https://t.co/6ObNz4yPwL#디오:https://t.co/3nmDfvu9FF#세훈:https://t.co/phq3E8QpWn https://t.co/P4GrWpDDSJ,4.0,2099.0,3665.0,58020.0,ko,,,,,,,,,,,,
tweet-2013944068859183601,2026-03-06 15:00:26,推特,YIQING_2,'942903792801951744,JongINinin,转帖,Wed Jan 21 11:57:37 +0000 2026,,,,,,,,,weareoneEXO,'873115441303924736,EXO,Wed Jan 21 06:07:24 +0000 2026,'2013855934162890761,https://x.com/weareoneEXO/status/2013855934162890761,take the crownhttps://t.co/kQCKFzro0D#EXO #엑소 #weareoneEXO#Crown #REVERXE,53.0,4429.0,8981.0,127624.0,en,,,,,,,,,,,,
tweet-2013943988768715145,2026-03-06 15:00:26,推特,YIQING_2,'942903792801951744,JongINinin,转帖,Wed Jan 21 11:57:18 +0000 2026,,,,,,,,,muyamae_,'1341241187399737346,예삐,Tue Jan 20 08:19:29 +0000 2026,'2013526783031943496,https://x.com/muyamae_/status/2013526783031943496,"카이오빠 땡스투..... 아ㅈㄴ눈물나...어떡해.......THANKS TO. 나를 이 앨범으로 데려와 준 모든 시간과 사람들에게.먼저 이 앨범을 기다려주고 믿어준 너에게.설명하지 않아도 알아봐 주는 마음이 있다는 게 얼마나 큰 힘인지 감사한 일인지 매번 다시 배운다.기다림이 당연해지지 않도록, https://t.co/jYVC4iyT3p",3.0,848.0,1478.0,225851.0,ko,,,,,,,,,,,,
tweet-2013239344040185993,2026-03-06 15:00:26,推特,YIQING_2,'942903792801951744,JongINinin,转帖,Mon Jan 19 13:17:18 +0000 2026,,,,,,,,,Wkai0114,'1101821174110052353,WK.,Mon Jan 19 12:43:09 +0000 2026,'2013230750875754624,https://x.com/Wkai0114/status/2013230750875754624,260119EXO 'REVERXE' showcase Crown#KAI #카이 #종인 #엑소카이#EXO #엑소 #REVERXE https://t.co/Hg3ev6PTYx,1.0,474.0,736.0,12496.0,en,,,,,,,,,,,,
tweet-2013239326679749030,2026-03-06 15:00:26,推特,YIQING_2,'942903792801951744,JongINinin,转帖,Mon Jan 19 13:17:14 +0000 2026,,,,,,,,,KAI_HEART_114,'4761461558,🐻KAIHEART,Mon Jan 19 12:50:51 +0000 2026,'2013232688350810610,https://x.com/KAI_HEART_114/status/2013232688350810610,260119 쇼케이스 Crown 👑 #KAI #카이 #종인 #엑소카이@weareoneEXO https://t.co/ID39OPG4Ru,3.0,2371.0,3745.0,73424.0,ko,,,,,,,,,,,,
tweet-2013233625958060392,2026-03-06 15:00:26,推特,YIQING_2,'942903792801951744,JongINinin,原创,Mon Jan 19 12:54:35 +0000 2026,,,,,,,,,YIQING_2,'942903792801951744,JongINinin,Mon Jan 19 12:54:35 +0000 2026,'2013233625958060392,https://x.com/YIQING_2/status/2013233625958060392,King Kai coming to his throne.👑👑👑👑,0.0,0.0,0.0,3053.0,en,,,,,,,,,,,,
tweet-2011827336203907496,2026-03-06 15:00:26,推特,YIQING_2,'942903792801951744,JongINinin,转帖,Thu Jan 15 15:46:29 +0000 2026,,,,,,,,,xoxo_mog,'1610201348578095105,"ŧ‹""ŧ‹""",Wed Jan 14 11:48:02 +0000 2026,'2011404941865427184,https://x.com/xoxo_mog/status/2011404941865427184,これ超える言葉にまだ出会ってない https://t.co/xypwiupgRb,13.0,20077.0,244791.0,24761875.0,ja,,,,,,,,,,,,
tweet-2011826836280656194,2026-03-06 15:00:26,推特,YIQING_2,'942903792801951744,JongINinin,转帖,Thu Jan 15 15:44:30 +0000 2026,,,,,,,,,WORLDMUSICAWARD,'461688027,World Music Awards,Wed Jan 14 17:12:54 +0000 2026,'2011486695582019678,https://x.com/WORLDMUSICAWARD/status/2011486695582019678,#KAI looks so gorgeous on his birthday! 👏🐻💐🎂✨💫😍👑❤️‍🔥#KAI_Bday_PARTY#HappyKAIDay #TODAY_IS_KAIDAY #안녕하세요_카이_생일입니다 #weareoneEXO #EXO @weareoneEXO https://t.co/KVkuoEDI9r,5.0,436.0,1594.0,11896.0,en,,,,,,,,,,,,
tweet-2011825627717103668,2026-03-06 15:00:26,推特,YIQING_2,'942903792801951744,JongINinin,转帖,Thu Jan 15 15:39:42 +0000 2026,,,,,,,,,weareoneEXO,'873115441303924736,EXO,Thu Jan 15 15:00:42 +0000 2026,'2011815812794106102,https://x.com/weareoneEXO/status/2011815812794106102,'Crown' Teaser Image 02EXO 엑소 The 8th Album 【REVERXE】➫ 2026.01.19 6PM (KST)💿Pre-order&amp;save&amp;addhttps://t.co/w8tiQvJ8gl#EXO #엑소 #weareoneEXO #Crown #EXO_Crown#REVERXE https://t.co/Svv9f6Lppx,258.0,12449.0,25622.0,391889.0,en,,,,,,,,,,,,
tweet-2011485131991855593,2026-03-06 15:00:26,推特,YIQING_2,'942903792801951744,JongINinin,转帖,Wed Jan 14 17:06:41 +0000 2026,,,,,,,,,intokai,'4217042800,into KAI ∞ Jongin,Wed Jan 14 14:53:00 +0000 2026,'2011451490439938449,https://x.com/intokai/status/2011451490439938449,": ¨·.·¨ : ` ·. 🎂                  ╱|、                                   (˚ˎ 。7                   |、˜〵                          じしˍ,)ノ https://t.co/xjp24RVSmi",0.0,832.0,2350.0,,ja,,,,,,,,,,,,
tweet-1981926783445266880,2026-03-06 15:01:14,推特,DonghaiTech,'1854114550427316225,Donghai Technology,原创,Sat Oct 25 03:32:22 +0000 2025,,,,,,,,,DonghaiTech,'1854114550427316225,Donghai Technology,Sat Oct 25 03:32:22 +0000 2025,'1981926783445266880,https://x.com/DonghaiTech/status/1981926783445266880,Smart Glazing Station by Donghai Technology https://t.co/GSNIV3sTsz 来自 @YouTube,0.0,0.0,0.0,3.0,en,,,,,,,,,,,,
tweet-1981518258340786662,2026-03-06 15:01:14,推特,DonghaiTech,'1854114550427316225,Donghai Technology,原创,Fri Oct 24 00:29:02 +0000 2025,,,,,,,,,DonghaiTech,'1854114550427316225,Donghai Technology,Fri Oct 24 00:29:02 +0000 2025,'1981518258340786662,https://x.com/DonghaiTech/status/1981518258340786662,Ceramic Body Decoration Technology Ceramic Surface Decoration Technics#Donghai Technology https://t.co/29oWjogfYZ,0.0,0.0,0.0,4.0,en,,,,,,,,,,,,
tweet-1913187583267639501,2026-03-06 15:01:14,推特,DonghaiTech,'1854114550427316225,Donghai Technology,原创,Fri Apr 18 11:07:19 +0000 2025,,,,,,,,,DonghaiTech,'1854114550427316225,Donghai Technology,Fri Apr 18 11:07:19 +0000 2025,'1913187583267639501,https://x.com/DonghaiTech/status/1913187583267639501,"Welcome to #Foshan #Uniceramics #Expo on 18-22 April,2025See you at #Booth1026Hall10#DonghaiTech https://t.co/eyZHDOY2oZ",0.0,0.0,0.0,2.0,en,,,,,,,,,,,,
tweet-1912678262490443945,2026-03-06 15:01:14,推特,DonghaiTech,'1854114550427316225,Donghai Technology,原创,Thu Apr 17 01:23:28 +0000 2025,,,,,,,,,DonghaiTech,'1854114550427316225,Donghai Technology,Thu Apr 17 01:23:28 +0000 2025,'1912678262490443945,https://x.com/DonghaiTech/status/1912678262490443945,"COUNT DOWN 1 DAY!SEE YOU AT FOSHAN UNICERAMICS EXPO BOOTH 1026 HALL 10， 18-22 April. Donghai Technology DRY APPLICATOR | DIGITAL GRIT, PREMIUM FINISH, 3D TECHNICS https://t.co/RR5GUf4bKT",0.0,0.0,0.0,1.0,en,,,,,,,,,,,,
tweet-1912306621700772256,2026-03-06 15:01:14,推特,DonghaiTech,'1854114550427316225,Donghai Technology,原创,Wed Apr 16 00:46:42 +0000 2025,,,,,,,,,DonghaiTech,'1854114550427316225,Donghai Technology,Wed Apr 16 00:46:42 +0000 2025,'1912306621700772256,https://x.com/DonghaiTech/status/1912306621700772256,"COUNT DOWN 2 DAYS!SEE YOU AT FOSHAN UNICERAMICS EXPO BOOTH 1026 HALL 10  Donghai Technology DIGITAL POWEDER-JET SYSTEM | PRECISE ALIGNMENT, FULL-BODY TEXTURE. https://t.co/hdlsinoPuU",0.0,0.0,0.0,,en,,,,,,,,,,,,
tweet-1911935880916509072,2026-03-06 15:01:14,推特,DonghaiTech,'1854114550427316225,Donghai Technology,原创,Tue Apr 15 00:13:30 +0000 2025,,,,,,,,,DonghaiTech,'1854114550427316225,Donghai Technology,Tue Apr 15 00:13:30 +0000 2025,'1911935880916509072,https://x.com/DonghaiTech/status/1911935880916509072,"COUNT DOWN 3 DAYS!SEE YOU AT FOSHAN UNICERAMICS EXPO BOOTH 1026 HALL 10  Donghai Technology FLAKE TECH TECHNOLOGY | COLORFUL FLAKE TECH, NATURAL STONE REVIVAL https://t.co/Sg5iHfc5og",0.0,0.0,0.0,6.0,en,,,,,,,,,,,,
tweet-1898200152210600301,2026-03-06 15:01:14,推特,DonghaiTech,'1854114550427316225,Donghai Technology,原创,Sat Mar 08 02:32:37 +0000 2025,,,,,,,,,DonghaiTech,'1854114550427316225,Donghai Technology,Sat Mar 08 02:32:37 +0000 2025,'1898200152210600301,https://x.com/DonghaiTech/status/1898200152210600301,Happy Women's Day 🌹🌹🌹 https://t.co/AEiHHWCcaP,0.0,0.0,0.0,2.0,en,,,,,,,,,,,,
tweet-1884536909445366049,2026-03-06 15:01:14,推特,DonghaiTech,'1854114550427316225,Donghai Technology,原创,Wed Jan 29 09:39:46 +0000 2025,,,,,,,,,DonghaiTech,'1854114550427316225,Donghai Technology,Wed Jan 29 09:39:46 +0000 2025,'1884536909445366049,https://x.com/DonghaiTech/status/1884536909445366049,https://t.co/kD1rOtaifP,0.0,0.0,0.0,7.0,zxx,,,,,,,,,,,,
tweet-1880968877372576108,2026-03-06 15:01:14,推特,DonghaiTech,'1854114550427316225,Donghai Technology,原创,Sun Jan 19 13:21:41 +0000 2025,,,,,,,,,DonghaiTech,'1854114550427316225,Donghai Technology,Sun Jan 19 13:21:41 +0000 2025,'1880968877372576108,https://x.com/DonghaiTech/status/1880968877372576108,"Dear Valued Customers,We are deeply grateful for your kind support over the years. As the year of Snake dawns, we send our warmest wishes to you and your family.Our Holiday24 Jan, 2025 - 5 Feb, 2025Donghai Technology https://t.co/6g6OqUxRlH",0.0,0.0,0.0,2.0,en,,,,,,,,,,,,
tweet-1877250718349803710,2026-03-06 15:01:14,推特,DonghaiTech,'1854114550427316225,Donghai Technology,原创,Thu Jan 09 07:07:03 +0000 2025,,,,,,,,,DonghaiTech,'1854114550427316225,Donghai Technology,Thu Jan 09 07:07:03 +0000 2025,'1877250718349803710,https://x.com/DonghaiTech/status/1877250718349803710,Donghai Technology | Smart Glazing Station On site https://t.co/BchWOxJFge via @YouTube,0.0,0.0,0.0,1.0,en,,,,,,,,,,,,
tweet-1876090391797301663,2026-03-06 15:01:14,推特,DonghaiTech,'1854114550427316225,Donghai Technology,原创,Mon Jan 06 02:16:20 +0000 2025,,,,,,,,,DonghaiTech,'1854114550427316225,Donghai Technology,Mon Jan 06 02:16:20 +0000 2025,'1876090391797301663,https://x.com/DonghaiTech/status/1876090391797301663,Donghai Technology | Glazing line in New JinCheng Ceramic China #Donghai Technology#Donghai Tech#Glazing Line#Feeder#Smart Glazing Station#Dounle charger#Digital Powder-Jet Systemhttps://t.co/8gkwfmhkxx https://t.co/t5Ul9RJqDK,0.0,0.0,0.0,9.0,en,,,,,,,,,,,,
tweet-1874273172696293547,2026-03-06 15:01:14,推特,DonghaiTech,'1854114550427316225,Donghai Technology,原创,Wed Jan 01 01:55:21 +0000 2025,,,,,,,,,DonghaiTech,'1854114550427316225,Donghai Technology,Wed Jan 01 01:55:21 +0000 2025,'1874273172696293547,https://x.com/DonghaiTech/status/1874273172696293547,Happy New Year🎉🎉🎉https://t.co/2cLfLy5gYB,0.0,0.0,0.0,3.0,en,,,,,,,,,,,,
tweet-1874136220588232771,2026-03-06 15:01:14,推特,DonghaiTech,'1854114550427316225,Donghai Technology,原创,Tue Dec 31 16:51:09 +0000 2024,,,,,,,,,DonghaiTech,'1854114550427316225,Donghai Technology,Tue Dec 31 16:51:09 +0000 2024,'1874136220588232771,https://x.com/DonghaiTech/status/1874136220588232771,https://t.co/KP3vb6LAJ6,0.0,0.0,0.0,3.0,zxx,,,,,,,,,,,,
tweet-1874135920712310980,2026-03-06 15:01:14,推特,DonghaiTech,'1854114550427316225,Donghai Technology,原创,Tue Dec 31 16:49:57 +0000 2024,,,,,,,,,DonghaiTech,'1854114550427316225,Donghai Technology,Tue Dec 31 16:49:57 +0000 2024,'1874135920712310980,https://x.com/DonghaiTech/status/1874135920712310980,https://t.co/1TXzaZGTBT,0.0,0.0,0.0,2.0,zxx,,,,,,,,,,,,
tweet-1874135829469421726,2026-03-06 15:01:14,推特,DonghaiTech,'1854114550427316225,Donghai Technology,原创,Tue Dec 31 16:49:36 +0000 2024,,,,,,,,,DonghaiTech,'1854114550427316225,Donghai Technology,Tue Dec 31 16:49:36 +0000 2024,'1874135829469421726,https://x.com/DonghaiTech/status/1874135829469421726,²⁰²⁵/₁.₁ Happy New Year🎉🎉🎉 https://t.co/XcPVQpqG06,0.0,0.0,0.0,3.0,en,,,,,,,,,,,,
tweet-1869421430687068195,2026-03-06 15:01:14,推特,DonghaiTech,'1854114550427316225,Donghai Technology,原创,Wed Dec 18 16:36:15 +0000 2024,,,,,,,,,DonghaiTech,'1854114550427316225,Donghai Technology,Wed Dec 18 16:36:15 +0000 2024,'1869421430687068195,https://x.com/DonghaiTech/status/1869421430687068195,https://t.co/HWB26gs1TU,0.0,0.0,0.0,1.0,zxx,,,,,,,,,,,,
tweet-1856917313326649639,2026-03-06 15:01:14,推特,DonghaiTech,'1854114550427316225,Donghai Technology,原创,Thu Nov 14 04:29:22 +0000 2024,,,,,,,,,DonghaiTech,'1854114550427316225,Donghai Technology,Thu Nov 14 04:29:22 +0000 2024,'1856917313326649639,https://x.com/DonghaiTech/status/1856917313326649639,Donghai Technology | Dry Applicator https://t.co/BdQP8a1XgE via @YouTube,0.0,0.0,0.0,2.0,cy,,,,,,,,,,,,
tweet-1856498663154991161,2026-03-06 15:01:14,推特,DonghaiTech,'1854114550427316225,Donghai Technology,原创,Wed Nov 13 00:45:48 +0000 2024,,,,,,,,,DonghaiTech,'1854114550427316225,Donghai Technology,Wed Nov 13 00:45:48 +0000 2024,'1856498663154991161,https://x.com/DonghaiTech/status/1856498663154991161,Good things happen https://t.co/ReepAN2jtI,0.0,0.0,0.0,1.0,en,,,,,,,,,,,,
tweet-1856363999333625935,2026-03-06 15:01:14,推特,DonghaiTech,'1854114550427316225,Donghai Technology,原创,Tue Nov 12 15:50:41 +0000 2024,,,,,,,,,DonghaiTech,'1854114550427316225,Donghai Technology,Tue Nov 12 15:50:41 +0000 2024,'1856363999333625935,https://x.com/DonghaiTech/status/1856363999333625935,"Donghai Technology's Dry Applicator,  to achieve tile surface processes such as soft lapato surface, full polished surface, mold surface, etc., to be  natural stone texture, providing more possibilitiesContact : info@donghai-technology.com#DONGHAI TECHNOLOGY https://t.co/o72q4LJ467",0.0,0.0,0.0,3.0,en,,,,,,,,,,,,
tweet-1854147252866154658,2026-03-06 15:01:14,推特,DonghaiTech,'1854114550427316225,Donghai Technology,原创,Wed Nov 06 13:02:08 +0000 2024,,,,,,,,,DonghaiTech,'1854114550427316225,Donghai Technology,Wed Nov 06 13:02:08 +0000 2024,'1854147252866154658,https://x.com/DonghaiTech/status/1854147252866154658,DONGHAI TECHNOLOGY | 2024 Innovative Brand of Ceramic Equipment https://t.co/C104AruTcO,0.0,0.0,0.0,4.0,en,,,,,,,,,,,,
tweet-1997572791655444981,2026-03-06 15:14:58,推特,qsy4tQ6bDj64130,'1659071061357649920,000,原创,Sun Dec 07 07:44:01 +0000 2025,,,,,,,,,qsy4tQ6bDj64130,'1659071061357649920,000,Sun Dec 07 07:44:01 +0000 2025,'1997572791655444981,https://x.com/qsy4tQ6bDj64130/status/1997572791655444981,想求这个完整版😭 https://t.co/G3lgNdzAsN,0.0,0.0,0.0,89.0,zh,,,,,,,,,,,,
tweet-1867988574492364966,2026-03-06 15:14:58,推特,qsy4tQ6bDj64130,'1659071061357649920,000,原创,Sat Dec 14 17:42:36 +0000 2024,,,,,,,,,qsy4tQ6bDj64130,'1659071061357649920,000,Sat Dec 14 17:42:36 +0000 2024,'1867988574492364966,https://x.com/qsy4tQ6bDj64130/status/1867988574492364966,穷的想卖了自己😭😭,0.0,0.0,0.0,315.0,zh,,,,,,,,,,,,
tweet-1973068709993300035,2026-03-06 15:15:44,推特,Zirs214544117,'1462240833923547139,嗣音zirs,转帖,Tue Sep 30 16:53:32 +0000 2025,,,,,,,,,tianxuningintl,'1942821482738167808,Tian Xuning 田栩宁 International FanBase,Tue Sep 30 12:52:31 +0000 2025,'1973008052275368269,https://x.com/tianxuningintl/status/1973008052275368269,"⌞📢⌝ TREND PARTY ANNOUNCEMENTTian Xuning’s official instagram account is approaching 1 MILLION followers soon! To celebrate this milestone, we invite you to join us in sending him our congratulations through a trend party! ⭐️🔑 Keyword: TIAN XUNING 1M IG FOLLOWERS#️⃣ https://t.co/4HqxjrXZsP",7.0,126.0,282.0,6760.0,en,,,,,,,,,,,,
tweet-1973068627684336007,2026-03-06 15:15:44,推特,Zirs214544117,'1462240833923547139,嗣音zirs,转帖,Tue Sep 30 16:53:13 +0000 2025,,,,,,,,,TianXuningVT,'1960680119439065088,TXNtrends,Tue Sep 30 16:47:17 +0000 2025,'1973067136286302530,https://x.com/TianXuningVT/status/1973067136286302530,Which post of Tian Xuning is the most liked on Instagram?Option 1️⃣ or Option 2️⃣Reply with the tagsTIAN XUNING 1M IG FOLLOWERS#XuningOurMillionStar https://t.co/9KdsJdB0Rs,60.0,52.0,110.0,2743.0,en,,,,,,,,,,,,
tweet-1973068334967992481,2026-03-06 15:15:44,推特,Zirs214544117,'1462240833923547139,嗣音zirs,转帖,Tue Sep 30 16:52:03 +0000 2025,,,,,,,,,tianxuningintl,'1942821482738167808,Tian Xuning 田栩宁 International FanBase,Tue Sep 30 16:33:21 +0000 2025,'1973063627620889048,https://x.com/tianxuningintl/status/1973063627620889048,𝐇𝐀𝐏𝐏𝐘 𝟏𝐌 𝐈𝐆 𝐅𝐎𝐋𝐋𝐎𝐖𝐄𝐑𝐒 𝐓𝐈𝐀𝐍 𝐗𝐔𝐍𝐈𝐍𝐆! Xuning officially hit 1 MILLION followers on instagram in just 5 months with only 11 posts! ⭐️ Congratulations ~ (´∀｀)♡📸 follow him on ig @.tianxvning_ TIAN XUNING 1M IG FOLLOWERS#XuningOurMillionStar https://t.co/lNB9Tbu7us,70.0,275.0,483.0,11016.0,en,,,,,,,,,,,,
tweet-1973068144148455899,2026-03-06 15:15:44,推特,Zirs214544117,'1462240833923547139,嗣音zirs,转帖,Tue Sep 30 16:51:18 +0000 2025,,,,,,,,,TianXuningVT,'1960680119439065088,TXNtrends,Tue Sep 30 16:42:19 +0000 2025,'1973065886924701934,https://x.com/TianXuningVT/status/1973065886924701934,When did Tian Xuning join Instagram? 📅A. April 2025B. June 2025C. August 2025Reply with the tags TIAN XUNING 1M IG FOLLOWERS#XuningOurMillionStar,68.0,49.0,158.0,7749.0,en,,,,,,,,,,,,
tweet-1973068034114723959,2026-03-06 15:15:44,推特,Zirs214544117,'1462240833923547139,嗣音zirs,原创,Tue Sep 30 16:50:51 +0000 2025,,,,,,,,,Zirs214544117,'1462240833923547139,嗣音zirs,Tue Sep 30 16:50:51 +0000 2025,'1973068034114723959,https://x.com/Zirs214544117/status/1973068034114723959,𝐇𝐀𝐏𝐏𝐘 𝟏𝐌 𝐈𝐆 𝐅𝐎𝐋𝐋𝐎𝐖𝐄𝐑𝐒 𝐓𝐈𝐀𝐍 𝐗𝐔𝐍𝐈𝐍𝐆! Xuning officially hit 1 MILLION followers on instagram in just 5 months with only 11 posts! ⭐️ Congratulations ~ (´∀｀)♡📸 follow him on ig @tianxvning_ TIAN XUNING 1M IG FOLLOWERS#XuningOurMillionStar https://t.co/bT3jTwMS8e,0.0,0.0,2.0,6.0,en,,,,,,,,,,,,
tweet-1973066749625925848,2026-03-06 15:15:44,推特,Zirs214544117,'1462240833923547139,嗣音zirs,原创,Tue Sep 30 16:45:45 +0000 2025,,,,,,,,,Zirs214544117,'1462240833923547139,嗣音zirs,Tue Sep 30 16:45:45 +0000 2025,'1973066749625925848,https://x.com/Zirs214544117/status/1973066749625925848,"Happy 1 million followers, Tian Xuning! An account that was recently opened to promote his series has now reached 1 million followers. So proud of you and your incredible growth!TIAN XUNING 1M IG FOLLOWERS#XuningOurMillionStar",0.0,0.0,0.0,7.0,en,,,,,,,,,,,,
tweet-1973066500693983267,2026-03-06 15:15:44,推特,Zirs214544117,'1462240833923547139,嗣音zirs,原创,Tue Sep 30 16:44:46 +0000 2025,,,,,,,,,Zirs214544117,'1462240833923547139,嗣音zirs,Tue Sep 30 16:44:46 +0000 2025,'1973066500693983267,https://x.com/Zirs214544117/status/1973066500693983267,"Tian Xuning, congratulations on hitting 1 million Instagram followers. Every follow carries our sincere love for you.TIAN XUNING 1M IG FOLLOWERS#XuningOurMillionStar",0.0,0.0,0.0,5.0,en,,,,,,,,,,,,
tweet-1973065087142465709,2026-03-06 15:15:44,推特,Zirs214544117,'1462240833923547139,嗣音zirs,转帖,Tue Sep 30 16:39:09 +0000 2025,,,,,,,,,TIANXUNINGMEX,'1957813452031795200,TIAN XUNING MEXICO FC,Tue Sep 30 16:37:08 +0000 2025,'1973064579715318045,https://x.com/TIANXUNINGMEX/status/1973064579715318045,TianXuning ha alcanzado 1M de seguidores en IG¿Creen que nos de una nueva actualización o se le habrá vuelto a olvidar su contraseña?TIAN XUNING 1M IG FOLLOWERS#XuningOurMillionStar https://t.co/sTODNK55LA,35.0,49.0,94.0,1003.0,es,,,,,,,,,,,,
tweet-1968739323726975409,2026-03-06 15:15:44,推特,Zirs214544117,'1462240833923547139,嗣音zirs,转帖,Thu Sep 18 18:10:06 +0000 2025,,,,,,,,,tianxuningintl,'1942821482738167808,Tian Xuning 田栩宁 International FanBase,Thu Sep 18 15:14:48 +0000 2025,'1968695204950810811,https://x.com/tianxuningintl/status/1968695204950810811,🎂 BIRTHDAY TREND PARTY 🎂Join us later at 11:45PM China time to welcome and celebrate Xuning’s 28th birthday!Please use the following keyword and tag:🔑 Keyword: HBD TIAN XUNING#️⃣ Hashtag: #.TianXuningDayYou may share your birthday wishes and greetings to Tiantian https://t.co/ECwWNxJAeh,31.0,433.0,1045.0,18436.0,en,,,,,,,,,,,,
tweet-1965234117882380655,2026-03-06 15:15:44,推特,Zirs214544117,'1462240833923547139,嗣音zirs,转帖,Tue Sep 09 02:01:40 +0000 2025,,,,,,,,,Metal_Magazine,'85909739,METAL MAGAZINE,Mon Sep 08 12:00:03 +0000 2025,'1965022315864817842,https://x.com/Metal_Magazine/status/1965022315864817842,"Actor Xu Ning Tian opens up about his profound reverence for acting, his transition from the runway, and the authentic career he’s building, from “First Love” to “Revenged Love.”https://t.co/GW4bn3PHac https://t.co/ssPd1ILwfH",417.0,4805.0,14609.0,267934.0,en,,,,,,,,,,,,
tweet-1963785468165923135,2026-03-06 15:15:44,推特,Zirs214544117,'1462240833923547139,嗣音zirs,原创,Fri Sep 05 02:05:15 +0000 2025,,,,,,,,,Zirs214544117,'1462240833923547139,嗣音zirs,Fri Sep 05 02:05:15 +0000 2025,'1963785468165923135,https://x.com/Zirs214544117/status/1963785468165923135,#TianXuningxMetal    从荧幕到时尚领域，他持续以突破姿态展现多面可能，此次与杂志的携手，将进一步释放其在镜头下的表现力，共同打造亮眼作品。🍋🍋,0.0,0.0,0.0,3.0,zh,,,,,,,,,,,,
tweet-1963785263207063827,2026-03-06 15:15:44,推特,Zirs214544117,'1462240833923547139,嗣音zirs,原创,Fri Sep 05 02:04:26 +0000 2025,,,,,,,,,Zirs214544117,'1462240833923547139,嗣音zirs,Fri Sep 05 02:04:26 +0000 2025,'1963785263207063827,https://x.com/Zirs214544117/status/1963785263207063827,#TianXuningxMetal,0.0,0.0,0.0,4.0,qht,,,,,,,,,,,,
tweet-2025939474254123280,2026-03-06 15:16:30,推特,416_fh,'1958537165333577728,石中王,转帖,Mon Feb 23 14:23:05 +0000 2026,,,,,,,,,Littleyukiw,'2005496249169190912,LY,Mon Feb 23 03:43:46 +0000 2026,'2025778584670061047,https://x.com/Littleyukiw/status/2025778584670061047,别动，很痒#足控 #踩脚袜 #tickle #挠脚心 https://t.co/wx2usVPOfF,3.0,21.0,378.0,14184.0,zh,,,,,,,,,,,,
tweet-2024963687174308101,2026-03-06 15:16:30,推特,416_fh,'1958537165333577728,石中王,转帖,Fri Feb 20 21:45:39 +0000 2026,,,,,,,,,Akari_Mikatsuki,'1780581415765278721,明璃,Sun Feb 15 16:44:40 +0000 2026,'2023076001950150958,https://x.com/Akari_Mikatsuki/status/2023076001950150958,谁家好人大除夕夜搁这上刑啊好人：@Haruna_504 https://t.co/wbTa711gDA,18.0,89.0,1408.0,51250.0,zh,,,,,,,,,,,,
tweet-2023086555032940835,2026-03-06 15:27:09,推特,speedy_1227,'1444148217503907850,鑫,原创,Sun Feb 15 17:26:36 +0000 2026,,,,,,,,,speedy_1227,'1444148217503907850,鑫,Sun Feb 15 17:26:36 +0000 2026,'2023086555032940835,https://x.com/speedy_1227/status/2023086555032940835,请和我扩列，虽然是工作号，但是平时也是在线的哦! https://t.co/glPmHkghKx,1.0,0.0,6.0,8615.0,zh,,,,,,,,,,,,
tweet-2029750352946548891,2026-03-06 15:27:09,推特,speedy_1227,'1444148217503907850,鑫,转帖,Fri Mar 06 02:46:09 +0000 2026,,,,,,,,,hz2779,'1851189088055148545,虎砸,Thu Nov 13 09:24:00 +0000 2025,'1988900643491520843,https://x.com/hz2779/status/1988900643491520843,角色扮演成壹决，训练结束后，回到休息室，意淫着队友，畅快的发射出来，满脑子就一个字，爽！ https://t.co/3Ss6U0swaI,70.0,2342.0,17168.0,695272.0,zh,,,,,,,,,,,,
tweet-2029584142648926636,2026-03-06 15:27:09,推特,speedy_1227,'1444148217503907850,鑫,原创,Thu Mar 05 15:45:42 +0000 2026,,,,,,,,,speedy_1227,'1444148217503907850,鑫,Thu Mar 05 15:45:42 +0000 2026,'2029584142648926636,https://x.com/speedy_1227/status/2029584142648926636,其实我就是需要能陪在我身边的人嗯……,0.0,0.0,8.0,466.0,zh,,,,,,,,,,,,
tweet-2028798398112116910,2026-03-06 15:27:09,推特,speedy_1227,'1444148217503907850,鑫,转帖,Tue Mar 03 11:43:26 +0000 2026,,,,,,,,,Anli_12321,'1865305317183291392,萦安,Mon Mar 02 16:11:20 +0000 2026,'2028503432563495303,https://x.com/Anli_12321/status/2028503432563495303,终于拍完了嘻嘻 #xnh #男同 #正太 https://t.co/5EFyaocs6U,6.0,17.0,207.0,7525.0,zh,,,,,,,,,,,,
tweet-2028476336835350960,2026-03-06 15:27:09,推特,speedy_1227,'1444148217503907850,鑫,原创,Mon Mar 02 14:23:40 +0000 2026,,,,,,,,,speedy_1227,'1444148217503907850,鑫,Mon Mar 02 14:23:40 +0000 2026,'2028476336835350960,https://x.com/speedy_1227/status/2028476336835350960,投稿贴【内裤】你想看我穿【🔞】参与方式：在评论区发送该内裤商品橱窗截图，并在文案输入购买链接我自费购买小奖励：我看中的款式会拍图，投稿者可以直接看全部😋,2.0,0.0,12.0,1411.0,zh,,,,,,,,,,,,
tweet-2028293145855983756,2026-03-06 15:27:09,推特,speedy_1227,'1444148217503907850,鑫,转帖,Mon Mar 02 02:15:44 +0000 2026,,,,,,,,,Emile_Messmer,'2025831749490741248,Emile🍑,Sun Mar 01 09:03:45 +0000 2026,'2028033440818647470,https://x.com/Emile_Messmer/status/2028033440818647470,我在pixivFANBOX发表了卡契尔的入职检查！ https://t.co/pafFfYs4NA mod预警!!!!!看到这个mod以后感觉心潮澎湃!遂一小时瞬摸了一张卡契尔果，差分详见我的fanbox!以后发图都会在那边啦～#NSFW #ArknightsEndfield   #catcher  #明日方舟終末地   #卡契尔 #R18 https://t.co/Bl91n9W9oH,9.0,307.0,3973.0,56129.0,zh,,,,,,,,,,,,
tweet-2028293097768247557,2026-03-06 15:27:09,推特,speedy_1227,'1444148217503907850,鑫,原创,Mon Mar 02 02:15:33 +0000 2026,,,,,,,,,speedy_1227,'1444148217503907850,鑫,Mon Mar 02 02:15:33 +0000 2026,'2028293097768247557,https://x.com/speedy_1227/status/2028293097768247557,禁欲day1凌晨四点半被硬醒了,0.0,0.0,12.0,864.0,zh,,,,,,,,,,,,
tweet-2027864593738105194,2026-03-06 15:27:09,推特,speedy_1227,'1444148217503907850,鑫,原创,Sat Feb 28 21:52:49 +0000 2026,,,,,,,,,speedy_1227,'1444148217503907850,鑫,Sat Feb 28 21:52:49 +0000 2026,'2027864593738105194,https://x.com/speedy_1227/status/2027864593738105194,我们是朋友，前提是不要伤害我以后所以让我做心理安慰的陪聊项目一律收费，当给我的精神损失费了,2.0,0.0,8.0,1135.0,zh,,,,,,,,,,,,
tweet-2027742142614118718,2026-03-06 15:27:09,推特,speedy_1227,'1444148217503907850,鑫,转帖,Sat Feb 28 13:46:15 +0000 2026,,,,,,,,,ExposureM7,'1131242471122358273,ExposureM7,Wed Feb 25 12:12:49 +0000 2026,'2026631467703611879,https://x.com/ExposureM7/status/2026631467703611879,【公厕暴露】-1(后续)小哥确实被吓到了，躲在远处看了一会。了解了一下是隔壁学校的学生，刚准备去健身。他说我好大胆，第一次碰到这么刺激的场面。我：想摸？小哥：可以吗？我：用力捏！😈(希望下次大家在野外/公厕偶遇到我不需要我教了😄) https://t.co/zY9Yfl2dg6,49.0,825.0,6773.0,193658.0,zh,,,,,,,,,,,,
tweet-2027725650413687196,2026-03-06 15:27:09,推特,speedy_1227,'1444148217503907850,鑫,原创,Sat Feb 28 12:40:43 +0000 2026,,,,,,,,,speedy_1227,'1444148217503907850,鑫,Sat Feb 28 12:40:43 +0000 2026,'2027725650413687196,https://x.com/speedy_1227/status/2027725650413687196,只需要我每个fan给我三块钱，我就可以拥有一台理光GR3,0.0,0.0,1.0,910.0,zh,,,,,,,,,,,,
tweet-2027725190365577480,2026-03-06 15:27:09,推特,speedy_1227,'1444148217503907850,鑫,原创,Sat Feb 28 12:38:53 +0000 2026,,,,,,,,,speedy_1227,'1444148217503907850,鑫,Sat Feb 28 12:38:53 +0000 2026,'2027725190365577480,https://x.com/speedy_1227/status/2027725190365577480,谁想送我理光GR,1.0,0.0,0.0,1473.0,ja,,,,,,,,,,,,
tweet-2027717779898638497,2026-03-06 15:27:09,推特,speedy_1227,'1444148217503907850,鑫,原创,Sat Feb 28 12:09:26 +0000 2026,,,,,,,,,speedy_1227,'1444148217503907850,鑫,Sat Feb 28 12:09:26 +0000 2026,'2027717779898638497,https://x.com/speedy_1227/status/2027717779898638497,这个⚡神经病 https://t.co/KPXMv3A86E,0.0,0.0,3.0,1000.0,zh,,,,,,,,,,,,
tweet-2027475328525078708,2026-03-06 15:27:09,推特,speedy_1227,'1444148217503907850,鑫,转帖,Fri Feb 27 20:06:01 +0000 2026,,,,,,,,,iso_kei_,'1476814128576864257,いそべやき,Fri Feb 27 10:36:11 +0000 2026,'2027331926160556459,https://x.com/iso_kei_/status/2027331926160556459,【Cosplay】Fate/Grand Order 千子村正「妖精が何だってんだ」　photo by @hatoyama_photo #1122いい夫婦のアヴァロン併せ https://t.co/6lMKnXY6Xf,0.0,49.0,176.0,5238.0,ja,,,,,,,,,,,,
tweet-2027385754146718183,2026-03-06 15:27:09,推特,speedy_1227,'1444148217503907850,鑫,转帖,Fri Feb 27 14:10:05 +0000 2026,,,,,,,,,huiquan1s,'1544858278429089794,灰狗汽车站,Thu Feb 19 16:16:37 +0000 2026,'2024518493329379723,https://x.com/huiquan1s/status/2024518493329379723,想不想吃澜爸爸的大鸡吧 #澜 #逐花归海 #澜cos #王者荣耀cos #大年粗一 https://t.co/AnSvNkbwT7,21.0,299.0,2455.0,62677.0,ja,,,,,,,,,,,,
tweet-2027379496555622879,2026-03-06 15:27:09,推特,speedy_1227,'1444148217503907850,鑫,转帖,Fri Feb 27 13:45:13 +0000 2026,,,,,,,,,Luofei19971010,'1065119556513873920,Luofei,Sat Mar 30 05:22:05 +0000 2024,'1773943761451778213,https://x.com/Luofei19971010/status/1773943761451778213,在家不穿内裤 https://t.co/zZdSiX0NME,85.0,1813.0,12756.0,1915227.0,zh,,,,,,,,,,,,
tweet-2027378884862423374,2026-03-06 15:27:09,推特,speedy_1227,'1444148217503907850,鑫,转帖,Fri Feb 27 13:42:47 +0000 2026,,,,,,,,,Luofei19971010,'1065119556513873920,Luofei,Sat Nov 23 05:10:23 +0000 2024,'1860189127003791649,https://x.com/Luofei19971010/status/1860189127003791649,https://t.co/O3dUxBrDCn,21.0,159.0,2177.0,1222088.0,zxx,,,,,,,,,,,,
tweet-2027371477478293848,2026-03-06 15:27:09,推特,speedy_1227,'1444148217503907850,鑫,转帖,Fri Feb 27 13:13:21 +0000 2026,,,,,,,,,Lianlianlian97,'1488849195100516354,小小小空（互推私信）,Tue Feb 17 05:14:46 +0000 2026,'2023627157285540320,https://x.com/Lianlianlian97/status/2023627157285540320,男高中生的宿舍是什么样的？估计就是会在喝醉后脱裤子展示牛牛吧（ps：只放了我展示的片段）想看其他人的片段点赞转推抽三个宝宝送 https://t.co/TbXucCHNtO,44.0,250.0,2822.0,108248.0,zh,,,,,,,,,,,,
tweet-2027356309700673897,2026-03-06 15:27:09,推特,speedy_1227,'1444148217503907850,鑫,原创,Fri Feb 27 12:13:05 +0000 2026,,,,,,,,,speedy_1227,'1444148217503907850,鑫,Fri Feb 27 12:13:05 +0000 2026,'2027356309700673897,https://x.com/speedy_1227/status/2027356309700673897,我belike： https://t.co/m2ZS97ye4m,2.0,0.0,5.0,1155.0,ja,,,,,,,,,,,,
tweet-2027321134220464241,2026-03-06 15:27:09,推特,speedy_1227,'1444148217503907850,鑫,原创,Fri Feb 27 09:53:18 +0000 2026,,,,,,,,,speedy_1227,'1444148217503907850,鑫,Fri Feb 27 09:53:18 +0000 2026,'2027321134220464241,https://x.com/speedy_1227/status/2027321134220464241,⚡哥是变态恋臀癖 https://t.co/RzlYBJmG2W,1.0,0.0,10.0,1302.0,zh,,,,,,,,,,,,
tweet-2027320195178778793,2026-03-06 15:27:09,推特,speedy_1227,'1444148217503907850,鑫,原创,Fri Feb 27 09:49:34 +0000 2026,,,,,,,,,speedy_1227,'1444148217503907850,鑫,Fri Feb 27 09:49:34 +0000 2026,'2027320195178778793,https://x.com/speedy_1227/status/2027320195178778793,回应中……https://t.co/XI5MgqU2o9 https://t.co/8tTTyDCams,0.0,0.0,3.0,826.0,ja,,,,,,,,,,,,
tweet-2027277260076777801,2026-03-06 15:27:09,推特,speedy_1227,'1444148217503907850,鑫,原创,Fri Feb 27 06:58:58 +0000 2026,,,,,,,,,speedy_1227,'1444148217503907850,鑫,Fri Feb 27 06:58:58 +0000 2026,'2027277260076777801,https://x.com/speedy_1227/status/2027277260076777801,每天都是新的白袜 https://t.co/uLFPw9snNH,2.0,0.0,23.0,997.0,ja,,,,,,,,,,,,
tweet-1757385841897545827,2026-03-06 15:28:31,推特,wxyxmr,'1622275372237705218,望夕雨,转帖,Tue Feb 13 12:46:50 +0000 2024,,,,,,,,,izayoiRui,'1151454412180770816,十六夜淚,Sun Dec 17 07:08:49 +0000 2023,'1736282281768325578,https://x.com/izayoiRui/status/1736282281768325578,"三十万粉纪念福利为了感谢各位长期以来的喜爱,支持和鼓励，并庆祝30万粉丝达成，转发评论点赞本推文即可获取三十万粉纪念图集一份。请在推特私信发送转发点赞评论截图以获取下载链接。300K Followers EventIn order to thank you for your long-term support ,like and encouragement, and to https://t.co/FY35cM6Xy9",6441.0,5050.0,15618.0,4098182.0,zh,,,,,,,,,,,,
tweet-2028142594245402662,2026-03-06 15:31:04,推特,dMhbRZwSXm4pEBR,'959078457530634240,币圈老韭门说唱,原创,Sun Mar 01 16:17:30 +0000 2026,,,,,,,,,dMhbRZwSXm4pEBR,'959078457530634240,币圈老韭门说唱,Sun Mar 01 16:17:30 +0000 2026,'2028142594245402662,https://x.com/dMhbRZwSXm4pEBR/status/2028142594245402662,这推特上面都是一些没有营养的东西,0.0,0.0,0.0,15.0,zh,,,,,,,,,,,,
tweet-2028059243316994452,2026-03-06 15:31:04,推特,dMhbRZwSXm4pEBR,'959078457530634240,币圈老韭门说唱,原创,Sun Mar 01 10:46:17 +0000 2026,,,,,,,,,dMhbRZwSXm4pEBR,'959078457530634240,币圈老韭门说唱,Sun Mar 01 10:46:17 +0000 2026,'2028059243316994452,https://x.com/dMhbRZwSXm4pEBR/status/2028059243316994452,有待考证就看这几天破不破前高了,0.0,0.0,0.0,9.0,zh,,,,,,,,,,,,
tweet-2028046171449475293,2026-03-06 15:31:04,推特,dMhbRZwSXm4pEBR,'959078457530634240,币圈老韭门说唱,原创,Sun Mar 01 09:54:21 +0000 2026,,,,,,,,,dMhbRZwSXm4pEBR,'959078457530634240,币圈老韭门说唱,Sun Mar 01 09:54:21 +0000 2026,'2028046171449475293,https://x.com/dMhbRZwSXm4pEBR/status/2028046171449475293,有没有好用的梯子？推荐一下，30块钱以内一个月的 https://t.co/2EwsBO1460,3.0,0.0,1.0,100.0,zh,,,,,,,,,,,,
tweet-2027730736858726804,2026-03-06 15:31:04,推特,dMhbRZwSXm4pEBR,'959078457530634240,币圈老韭门说唱,转帖,Sat Feb 28 13:00:55 +0000 2026,,,,,,,,,GVRCALLS,'1480570589613944832,Crypto GVR,Sat Feb 28 06:41:10 +0000 2026,'2027635169126224278,https://x.com/GVRCALLS/status/2027635169126224278,$BTC pattern is clear ✅I already warned you guys 3 days ago about #Bitcoin targets I’m still bullish on chart and no changes in th game 🤝 https://t.co/UNL1aobzIF,84.0,89.0,322.0,135459.0,en,,,,,,,,,,,,
tweet-2027390875228414351,2026-03-06 15:31:04,推特,dMhbRZwSXm4pEBR,'959078457530634240,币圈老韭门说唱,原创,Fri Feb 27 14:30:26 +0000 2026,,,,,,,,,dMhbRZwSXm4pEBR,'959078457530634240,币圈老韭门说唱,Fri Feb 27 14:30:26 +0000 2026,'2027390875228414351,https://x.com/dMhbRZwSXm4pEBR/status/2027390875228414351,好,0.0,0.0,0.0,7.0,ja,,,,,,,,,,,,
tweet-2026215892653367463,2026-03-06 15:31:04,推特,dMhbRZwSXm4pEBR,'959078457530634240,币圈老韭门说唱,原创,Tue Feb 24 08:41:28 +0000 2026,,,,,,,,,dMhbRZwSXm4pEBR,'959078457530634240,币圈老韭门说唱,Tue Feb 24 08:41:28 +0000 2026,'2026215892653367463,https://x.com/dMhbRZwSXm4pEBR/status/2026215892653367463,明天我再来看看会不会67啊？,0.0,0.0,0.0,7.0,zh,,,,,,,,,,,,
tweet-2026181474173767846,2026-03-06 15:31:04,推特,dMhbRZwSXm4pEBR,'959078457530634240,币圈老韭门说唱,原创,Tue Feb 24 06:24:42 +0000 2026,,,,,,,,,dMhbRZwSXm4pEBR,'959078457530634240,币圈老韭门说唱,Tue Feb 24 06:24:42 +0000 2026,'2026181474173767846,https://x.com/dMhbRZwSXm4pEBR/status/2026181474173767846,一眼望去，全是多单，  加密会跌到所有人不敢开多，就到底了 https://t.co/adtcoMpuv0,0.0,0.0,0.0,8.0,zh,,,,,,,,,,,,
tweet-2026181229075423478,2026-03-06 15:31:04,推特,dMhbRZwSXm4pEBR,'959078457530634240,币圈老韭门说唱,原创,Tue Feb 24 06:23:44 +0000 2026,,,,,,,,,dMhbRZwSXm4pEBR,'959078457530634240,币圈老韭门说唱,Tue Feb 24 06:23:44 +0000 2026,'2026181229075423478,https://x.com/dMhbRZwSXm4pEBR/status/2026181229075423478,https://t.co/FwbTuELMax,0.0,0.0,0.0,4.0,zxx,,,,,,,,,,,,
tweet-2026180194374160866,2026-03-06 15:31:04,推特,dMhbRZwSXm4pEBR,'959078457530634240,币圈老韭门说唱,原创,Tue Feb 24 06:19:37 +0000 2026,,,,,,,,,dMhbRZwSXm4pEBR,'959078457530634240,币圈老韭门说唱,Tue Feb 24 06:19:37 +0000 2026,'2026180194374160866,https://x.com/dMhbRZwSXm4pEBR/status/2026180194374160866,托 https://t.co/Uqm9WowsdX,0.0,0.0,0.0,5.0,ja,,,,,,,,,,,,
tweet-2026180182303035541,2026-03-06 15:31:04,推特,dMhbRZwSXm4pEBR,'959078457530634240,币圈老韭门说唱,原创,Tue Feb 24 06:19:34 +0000 2026,,,,,,,,,dMhbRZwSXm4pEBR,'959078457530634240,币圈老韭门说唱,Tue Feb 24 06:19:34 +0000 2026,'2026180182303035541,https://x.com/dMhbRZwSXm4pEBR/status/2026180182303035541,都是些托 ，让你高位接盘的 https://t.co/aWvb7fssei,0.0,0.0,0.0,23.0,zh,,,,,,,,,,,,
tweet-2026178901958074823,2026-03-06 15:31:04,推特,dMhbRZwSXm4pEBR,'959078457530634240,币圈老韭门说唱,原创,Tue Feb 24 06:14:29 +0000 2026,,,,,,,,,dMhbRZwSXm4pEBR,'959078457530634240,币圈老韭门说唱,Tue Feb 24 06:14:29 +0000 2026,'2026178901958074823,https://x.com/dMhbRZwSXm4pEBR/status/2026178901958074823,看多狗全是傻逼， 狗庄派过来让大家抄底的，越来越底，现在让你抄底的快拉黑他们，  从9万喊抄底，抄到六万，是哪些人，你们帮我艾特出来 统统拉黑#币圈 #比特币 https://t.co/V0EZ1MKaMQ,0.0,0.0,0.0,6.0,zh,,,,,,,,,,,,
tweet-2025947624986309050,2026-03-06 15:31:04,推特,dMhbRZwSXm4pEBR,'959078457530634240,币圈老韭门说唱,原创,Mon Feb 23 14:55:28 +0000 2026,,,,,,,,,dMhbRZwSXm4pEBR,'959078457530634240,币圈老韭门说唱,Mon Feb 23 14:55:28 +0000 2026,'2025947624986309050,https://x.com/dMhbRZwSXm4pEBR/status/2025947624986309050,真的假的？我怎么不咋信呢？，Eth 1899，Sol，80， Btc 66000,0.0,0.0,0.0,11.0,zh,,,,,,,,,,,,
tweet-2025128841531064710,2026-03-06 15:31:04,推特,dMhbRZwSXm4pEBR,'959078457530634240,币圈老韭门说唱,原创,Sat Feb 21 08:41:55 +0000 2026,,,,,,,,,dMhbRZwSXm4pEBR,'959078457530634240,币圈老韭门说唱,Sat Feb 21 08:41:55 +0000 2026,'2025128841531064710,https://x.com/dMhbRZwSXm4pEBR/status/2025128841531064710,合股，把国人骗惨了，一次次骗，每次以为要做实事了，每一次钱大幅缩水，骗子始终是骗子，也许他会对你诚实一次，但是欺骗你99次够你对他严重不信任了,0.0,0.0,0.0,9.0,zh,,,,,,,,,,,,
tweet-2025097162192028087,2026-03-06 15:31:04,推特,dMhbRZwSXm4pEBR,'959078457530634240,币圈老韭门说唱,原创,Sat Feb 21 06:36:02 +0000 2026,,,,,,,,,dMhbRZwSXm4pEBR,'959078457530634240,币圈老韭门说唱,Sat Feb 21 06:36:02 +0000 2026,'2025097162192028087,https://x.com/dMhbRZwSXm4pEBR/status/2025097162192028087,确实啊，现在亲戚味越来越淡了,0.0,0.0,0.0,9.0,zh,,,,,,,,,,,,
tweet-2024777969521307806,2026-03-06 15:31:04,推特,dMhbRZwSXm4pEBR,'959078457530634240,币圈老韭门说唱,原创,Fri Feb 20 09:27:41 +0000 2026,,,,,,,,,dMhbRZwSXm4pEBR,'959078457530634240,币圈老韭门说唱,Fri Feb 20 09:27:41 +0000 2026,'2024777969521307806,https://x.com/dMhbRZwSXm4pEBR/status/2024777969521307806,20？ 为什么不能反转？为什么一直是反弹？ 20块钱的crcl  你慢慢等,0.0,0.0,0.0,10.0,zh,,,,,,,,,,,,
tweet-2024711994851635242,2026-03-06 15:31:04,推特,dMhbRZwSXm4pEBR,'959078457530634240,币圈老韭门说唱,原创,Fri Feb 20 05:05:31 +0000 2026,,,,,,,,,dMhbRZwSXm4pEBR,'959078457530634240,币圈老韭门说唱,Fri Feb 20 05:05:31 +0000 2026,'2024711994851635242,https://x.com/dMhbRZwSXm4pEBR/status/2024711994851635242,感觉靠谱,0.0,0.0,0.0,2.0,zh,,,,,,,,,,,,
tweet-2024515791799115885,2026-03-06 15:31:04,推特,dMhbRZwSXm4pEBR,'959078457530634240,币圈老韭门说唱,原创,Thu Feb 19 16:05:53 +0000 2026,,,,,,,,,dMhbRZwSXm4pEBR,'959078457530634240,币圈老韭门说唱,Thu Feb 19 16:05:53 +0000 2026,'2024515791799115885,https://x.com/dMhbRZwSXm4pEBR/status/2024515791799115885,你一句先苦后甜，我被狗庄套了一年又一年 ，山寨币还有未来吗？#币安 #比特币 https://t.co/PyYxtkpnYr,0.0,0.0,0.0,23.0,zh,,,,,,,,,,,,
tweet-2024501918060679625,2026-03-06 15:31:04,推特,dMhbRZwSXm4pEBR,'959078457530634240,币圈老韭门说唱,原创,Thu Feb 19 15:10:45 +0000 2026,,,,,,,,,dMhbRZwSXm4pEBR,'959078457530634240,币圈老韭门说唱,Thu Feb 19 15:10:45 +0000 2026,'2024501918060679625,https://x.com/dMhbRZwSXm4pEBR/status/2024501918060679625,币圈说唱之《山寨币还有未来吗》？,0.0,0.0,0.0,13.0,zh,,,,,,,,,,,,
tweet-2024501170715447701,2026-03-06 15:31:04,推特,dMhbRZwSXm4pEBR,'959078457530634240,币圈老韭门说唱,原创,Thu Feb 19 15:07:47 +0000 2026,,,,,,,,,dMhbRZwSXm4pEBR,'959078457530634240,币圈老韭门说唱,Thu Feb 19 15:07:47 +0000 2026,'2024501170715447701,https://x.com/dMhbRZwSXm4pEBR/status/2024501170715447701,这样的山寨币会归零吗？还有未来吗？#山寨币 #比特币 #区块链 #BNB https://t.co/VaCUEYTXVr,2.0,1.0,1.0,19.0,zh,,,,,,,,,,,,
tweet-2024419795077325157,2026-03-06 15:31:04,推特,dMhbRZwSXm4pEBR,'959078457530634240,币圈老韭门说唱,转帖,Thu Feb 19 09:44:25 +0000 2026,,,,,,,,,NoLimitGains,'1957198190,NoLimit,Mon Nov 24 16:51:17 +0000 2025,'1992999475820757060,https://x.com/NoLimitGains/status/1992999475820757060,"HERE IS THE PLAN:Looks like Bitcoin might give us a little relief bounce into the low 90s this week.Fear &amp; Greed should rise to around 35-40, and suddenly everyone will start acting like the bull run is magically back and we’re going straight to $150k.But then, December https://t.co/GTTIvOoPif",22.0,38.0,261.0,117835.0,en,,,,,,,,,,,,
tweet-2020056878408233000,2026-03-06 15:44:31,推特,Icecream0313913,'1706123613563449344,Ice_cream0310,原创,Sat Feb 07 08:47:45 +0000 2026,,,,,,,,,Icecream0313913,'1706123613563449344,Ice_cream0310,Sat Feb 07 08:47:45 +0000 2026,'2020056878408233000,https://x.com/Icecream0313913/status/2020056878408233000,好萌～,0.0,0.0,0.0,60.0,ja,,,,,,,,,,,,
tweet-2001501934562472078,2026-03-06 15:44:31,推特,Icecream0313913,'1706123613563449344,Ice_cream0310,转帖,Thu Dec 18 03:57:01 +0000 2025,,,,,,,,,ChenRcj,'1063930322105090050,อันโดรเมด้า ชุน,Tue Dec 16 05:43:27 +0000 2025,'2000803942977167862,https://x.com/ChenRcj/status/2000803942977167862,ล้านวิวแล้ว เย้ @SurviveMyCEO https://t.co/M2UurgJpP4,325.0,6739.0,36596.0,278302.0,th,,,,,,,,,,,,
tweet-1994057769708871733,2026-03-06 15:44:31,推特,Icecream0313913,'1706123613563449344,Ice_cream0310,转帖,Thu Nov 27 14:56:34 +0000 2025,,,,,,,,,ChenRcj,'1063930322105090050,อันโดรเมด้า ชุน,Wed Nov 26 15:50:13 +0000 2025,'1993708883353931802,https://x.com/ChenRcj/status/1993708883353931802,เเกล้งๆชงจุงดังให้ https://t.co/4EiH5DlS1e,750.0,11466.0,43696.0,459315.0,th,,,,,,,,,,,,
tweet-1986823022603612507,2026-03-06 15:44:31,推特,Icecream0313913,'1706123613563449344,Ice_cream0310,转帖,Fri Nov 07 15:48:16 +0000 2025,,,,,,,,,txtvotingstar,'1980205845905625088,TXTVOTINGSTAR,Thu Nov 06 12:38:07 +0000 2025,'1986412780808016297,https://x.com/txtvotingstar/status/1986412780808016297,MOAs🩵LETS DO IT FOR OUR FIVE✨1 RT  = 1 VOTE1 REPLY =1 VOTE LETS TRY 2.5K RTS!TXT IS OUR SUNSHINE🌸#TOMORROWXTOGETHER #2025MAMAVOTE https://t.co/iCugxgdk2y,127.0,2503.0,2003.0,37845.0,en,,,,,,,,,,,,
tweet-1986820099513430133,2026-03-06 15:44:31,推特,Icecream0313913,'1706123613563449344,Ice_cream0310,转帖,Fri Nov 07 15:36:39 +0000 2025,,,,,,,,,kaxuhass,'1747581299160989697,sara (semi ia),Thu Nov 06 15:19:56 +0000 2025,'1986453504274399646,https://x.com/kaxuhass/status/1986453504274399646,"bg probably asked yj to take a photo outside instead, just the two of them. maybe there was a quiet moment, a small kiss, and a whispered “i’m proud of you.” https://t.co/U0fEjcrvLR",10.0,77.0,570.0,8024.0,en,,,,,,,,,,,,
tweet-1986819995914113034,2026-03-06 15:44:31,推特,Icecream0313913,'1706123613563449344,Ice_cream0310,转帖,Fri Nov 07 15:36:15 +0000 2025,,,,,,,,,yeonbamdiary,'1421068975866187777,d.🦊🧸📖,Thu Nov 06 01:02:54 +0000 2025,'1986237823683600739,https://x.com/yeonbamdiary/status/1986237823683600739,hell yeah🏳‍🌈🏳‍🌈🏳‍🌈https://t.co/zfHOOGsafs,0.0,154.0,807.0,9860.0,en,,,,,,,,,,,,
tweet-1986819983746478249,2026-03-06 15:44:31,推特,Icecream0313913,'1706123613563449344,Ice_cream0310,转帖,Fri Nov 07 15:36:12 +0000 2025,,,,,,,,,0313x0913,'2877362271,‎ren!,Thu Nov 06 15:32:53 +0000 2025,'1986456763764515003,https://x.com/0313x0913/status/1986456763764515003,#2025MAMAVOTE #tomorrowxtogether 🩵 https://t.co/CzHCmiTB5T,10.0,1091.0,519.0,10575.0,qme,,,,,,,,,,,,
tweet-1986137429087326664,2026-03-06 15:44:31,推特,Icecream0313913,'1706123613563449344,Ice_cream0310,转帖,Wed Nov 05 18:23:58 +0000 2025,,,,,,,,,0313x0913,'2877362271,‎ren!,Tue Nov 04 15:01:19 +0000 2025,'1985724044902351259,https://x.com/0313x0913/status/1985724044902351259,#2025MAMAVOTE #tomorrowxtogether https://t.co/LYleiNr9Gk,5.0,776.0,615.0,9039.0,qme,,,,,,,,,,,,
tweet-1986136878203224432,2026-03-06 15:44:31,推特,Icecream0313913,'1706123613563449344,Ice_cream0310,转帖,Wed Nov 05 18:21:47 +0000 2025,,,,,,,,,no181st,'1790648317619081217,𝗫𝗫𝗡𝗭.,Tue Nov 04 08:59:56 +0000 2025,'1985633096159666360,https://x.com/no181st/status/1985633096159666360,🫳🫳 https://t.co/2JLpyUvwSC,11.0,3116.0,12917.0,142852.0,qme,,,,,,,,,,,,
tweet-1986136763434500248,2026-03-06 15:44:31,推特,Icecream0313913,'1706123613563449344,Ice_cream0310,转帖,Wed Nov 05 18:21:19 +0000 2025,,,,,,,,,ChenRcj,'1063930322105090050,อันโดรเมด้า ชุน,Wed Nov 05 09:06:45 +0000 2025,'1985997202079277354,https://x.com/ChenRcj/status/1985997202079277354,ร้องเพลงลอยกระทงให้เเม่ฟัง 💕🤏🏼 https://t.co/wIxjWr47hN,600.0,5575.0,18614.0,206316.0,th,,,,,,,,,,,,
tweet-1984318414199144610,2026-03-06 15:44:31,推特,Icecream0313913,'1706123613563449344,Ice_cream0310,转帖,Fri Oct 31 17:55:51 +0000 2025,,,,,,,,,hamburggers,'1950966099694288896,หมูแฮม🐷🎀,Fri Oct 31 13:04:53 +0000 2025,'1984245189222055974,https://x.com/hamburggers/status/1984245189222055974,เพื่อนจุงเพื่อนปอนด์ โชว์ครั้งเดียวโดนแซวตลอดไป555555555555555555555PONDPHUWIN WELCOME ON BOARD#PondPhuwinFanconD1 https://t.co/OB4QhrBj2X,4.0,2500.0,5137.0,57980.0,th,,,,,,,,,,,,
tweet-1983821450097389674,2026-03-06 15:44:31,推特,Icecream0313913,'1706123613563449344,Ice_cream0310,转帖,Thu Oct 30 09:01:05 +0000 2025,,,,,,,,,_Equin_Ox,'1524317280699809792,_Equin_Ox,Mon Oct 27 01:33:27 +0000 2025,'1982621635770511364,https://x.com/_Equin_Ox/status/1982621635770511364,#연밤 #쭈뀨미즈 #yeongyu #YEONGYU #au https://t.co/gbpSZ1OrYY,12.0,293.0,1685.0,32194.0,qme,,,,,,,,,,,,
tweet-1983541088800604554,2026-03-06 15:44:31,推特,Icecream0313913,'1706123613563449344,Ice_cream0310,转帖,Wed Oct 29 14:27:02 +0000 2025,,,,,,,,,ChenRcj,'1063930322105090050,อันโดรเมด้า ชุน,Wed Oct 29 08:37:47 +0000 2025,'1983453198326325372,https://x.com/ChenRcj/status/1983453198326325372,งานไรไม่รุ https://t.co/v53oSJ5fG7,456.0,5898.0,33359.0,860237.0,th,,,,,,,,,,,,
tweet-1982118766348825085,2026-03-06 15:44:31,推特,Icecream0313913,'1706123613563449344,Ice_cream0310,转帖,Sat Oct 25 16:15:14 +0000 2025,,,,,,,,,_Equin_Ox,'1524317280699809792,_Equin_Ox,Wed Sep 10 11:51:32 +0000 2025,'1965744950961901609,https://x.com/_Equin_Ox/status/1965744950961901609,"*In the rite of exorcism, the spirit’s name must be revealed, for only by knowing it can its identity be confirmed and it be cast out.#연밤 #쭈뀨미즈 #yeongyu #YEONGYU #au https://t.co/Ky52L831vh",20.0,466.0,2437.0,123303.0,en,,,,,,,,,,,,
tweet-1982109163875705322,2026-03-06 15:44:31,推特,Icecream0313913,'1706123613563449344,Ice_cream0310,转帖,Sat Oct 25 15:37:05 +0000 2025,,,,,,,,,_Equin_Ox,'1524317280699809792,_Equin_Ox,Sun Aug 03 05:13:24 +0000 2025,'1951874018849521673,https://x.com/_Equin_Ox/status/1951874018849521673,#연밤 #쭈뀨미즈 #yeongyu #YEONGYU #Fanarts https://t.co/P9gEx8C4j8,28.0,954.0,5068.0,99340.0,qme,,,,,,,,,,,,
tweet-1982108776951099539,2026-03-06 15:44:31,推特,Icecream0313913,'1706123613563449344,Ice_cream0310,转帖,Sat Oct 25 15:35:32 +0000 2025,,,,,,,,,_Equin_Ox,'1524317280699809792,_Equin_Ox,Sat Oct 25 15:30:19 +0000 2025,'1982107460782506103,https://x.com/_Equin_Ox/status/1982107460782506103,The night before falling out of what we thought love is…  —“Night before the end”#연밤 #쭈뀨미즈 #yeongyu #YEONGYU #au #nsfw https://t.co/tsXxrctdmr,245.0,420.0,2685.0,77779.0,en,,,,,,,,,,,,
tweet-1977001826626281720,2026-03-06 15:44:31,推特,Icecream0313913,'1706123613563449344,Ice_cream0310,转帖,Sat Oct 11 13:22:21 +0000 2025,,,,,,,,,ChenRcj,'1063930322105090050,อันโดรเมด้า ชุน,Sat Oct 11 12:33:42 +0000 2025,'1976989584195305580,https://x.com/ChenRcj/status/1976989584195305580,ผมรักยาดม https://t.co/wuRe1FquUF,444.0,4398.0,23915.0,263271.0,th,,,,,,,,,,,,
tweet-1975591291720507738,2026-03-06 15:44:31,推特,Icecream0313913,'1706123613563449344,Ice_cream0310,转帖,Tue Oct 07 15:57:23 +0000 2025,,,,,,,,,ChenRcj,'1063930322105090050,อันโดรเมด้า ชุน,Tue Oct 07 15:11:15 +0000 2025,'1975579683195601020,https://x.com/ChenRcj/status/1975579683195601020,พ่อพ่อลูก  #GMMTVFANIVALxJoongDunk https://t.co/EU56U0z1hh,962.0,7822.0,28161.0,357762.0,th,,,,,,,,,,,,
tweet-1975552190170484816,2026-03-06 15:44:31,推特,Icecream0313913,'1706123613563449344,Ice_cream0310,转帖,Tue Oct 07 13:22:00 +0000 2025,,,,,,,,,JIBikooooo_,'1013105617555210240,แรปเปอร์แมวเหมียว ｡🍭⁺,Tue Oct 07 12:08:30 +0000 2025,'1975533690689364435,https://x.com/JIBikooooo_/status/1975533690689364435,คือแพ้เสียงในหัวกันปะ ผลัดกันเช็คมวลกล้ามอะ55555555 แพ้เคะกล้าม เมะกล้ามเว้ยJOONGDUNK JAIDEE FANIVAL #GMMTVFANIVALxJoongDunk https://t.co/intVLpYFjP,7.0,769.0,1124.0,13330.0,th,,,,,,,,,,,,
tweet-1974351734551294376,2026-03-06 15:44:31,推特,Icecream0313913,'1706123613563449344,Ice_cream0310,转帖,Sat Oct 04 05:51:49 +0000 2025,,,,,,,,,ChenRcj,'1063930322105090050,อันโดรเมด้า ชุน,Fri Oct 03 09:05:09 +0000 2025,'1974037999089517014,https://x.com/ChenRcj/status/1974037999089517014,ขับเคลื่อนด้วยความรักสินะ,418.0,3465.0,14515.0,323132.0,th,,,,,,,,,,,,
tweet-850389648937369600,2026-03-06 15:46:34,推特,GaryHo_8,'850386697351159809,Gary,原创,Fri Apr 07 16:47:46 +0000 2017,,,,,,,,,GaryHo_8,'850386697351159809,Gary,Fri Apr 07 16:47:46 +0000 2017,'850389648937369600,https://x.com/GaryHo_8/status/850389648937369600,那抹胸干嘛 https://t.co/tvquMeN8pj,0.0,0.0,0.0,,ja,,,,,,,,,,,,
tweet-2029798542056063477,2026-03-06 15:57:23,推特,JiSuiOb7bC9,'1804063931721486336,纪丹灼DangeL,原创,Fri Mar 06 05:57:38 +0000 2026,,,,,,,,,JiSuiOb7bC9,'1804063931721486336,纪丹灼DangeL,Fri Mar 06 05:57:38 +0000 2026,'2029798542056063477,https://x.com/JiSuiOb7bC9/status/2029798542056063477,太可爱了哼哼哼啊啊啊啊啊啊啊,0.0,0.0,0.0,15.0,zh,,,,,,,,,,,,
tweet-2029796182516715701,2026-03-06 15:57:23,推特,JiSuiOb7bC9,'1804063931721486336,纪丹灼DangeL,转帖,Fri Mar 06 05:48:16 +0000 2026,,,,,,,,,lazyfurball,'3092638248,TANUKILK (COMMS CLOSED),Tue Feb 10 04:21:22 +0000 2026,'2021077004385407388,https://x.com/lazyfurball/status/2021077004385407388,Thank you @Stephen23710232 #bleach #Orihimeinoue #commissionart https://t.co/K5QIlt6lXb,2.0,170.0,1261.0,9827.0,en,,,,,,,,,,,,
tweet-2029795337993609491,2026-03-06 15:57:23,推特,JiSuiOb7bC9,'1804063931721486336,纪丹灼DangeL,转帖,Fri Mar 06 05:44:55 +0000 2026,,,,,,,,,g9ypp,'1974418073408110592,살아,Thu Mar 05 17:32:32 +0000 2026,'2029611031509750112,https://x.com/g9ypp/status/2029611031509750112,공주둘 https://t.co/i3wr5Q7FEC,2.0,494.0,2916.0,25635.0,ko,,,,,,,,,,,,
tweet-2029795040063803414,2026-03-06 15:57:23,推特,JiSuiOb7bC9,'1804063931721486336,纪丹灼DangeL,转帖,Fri Mar 06 05:43:43 +0000 2026,,,,,,,,,kanaya20210203,'1356752487986827264,かなや,Wed Apr 05 12:30:22 +0000 2023,'1643591910861471745,https://x.com/kanaya20210203/status/1643591910861471745,雨 https://t.co/EiWSqRBctm,6.0,2402.0,8840.0,177400.0,ja,,,,,,,,,,,,
tweet-2029603112366002390,2026-03-06 15:57:23,推特,JiSuiOb7bC9,'1804063931721486336,纪丹灼DangeL,转帖,Thu Mar 05 17:01:04 +0000 2026,,,,,,,,,qing_huihui,'889054111282286592,百里清辉,Thu Mar 05 09:21:45 +0000 2026,'2029487520296444027,https://x.com/qing_huihui/status/2029487520296444027,#eruri #エルリ 广州很好玩，但我希望自己没喝过凉茶 https://t.co/w20zOEVw41,1.0,315.0,1883.0,11810.0,zh,,,,,,,,,,,,
tweet-2029391752675860611,2026-03-06 15:57:23,推特,JiSuiOb7bC9,'1804063931721486336,纪丹灼DangeL,转帖,Thu Mar 05 03:01:12 +0000 2026,,,,,,,,,mollaingggg,'1885425653111283714,몰라,Wed Mar 04 06:14:55 +0000 2026,'2029078112206766240,https://x.com/mollaingggg/status/2029078112206766240,포스터로 뽑으려했지만... https://t.co/aqJMgCXvoW,1.0,400.0,2063.0,16340.0,ko,,,,,,,,,,,,
tweet-2029389490511557043,2026-03-06 15:57:23,推特,JiSuiOb7bC9,'1804063931721486336,纪丹灼DangeL,转帖,Thu Mar 05 02:52:13 +0000 2026,,,,,,,,,bai_la14722,'1668572968157315072,白要再难过啦,Sun Jun 22 15:21:26 +0000 2025,'1936806744069640342,https://x.com/bai_la14722/status/1936806744069640342,#エルリ #eruri 你的自由就是我的自由。 https://t.co/y90IGMgm5t,0.0,151.0,790.0,10993.0,zh,,,,,,,,,,,,
tweet-2029388712694694183,2026-03-06 15:57:23,推特,JiSuiOb7bC9,'1804063931721486336,纪丹灼DangeL,转帖,Thu Mar 05 02:49:07 +0000 2026,,,,,,,,,rozu_s2,'2022769834283368448,♡,Wed Mar 04 16:00:01 +0000 2026,'2029225357237469434,https://x.com/rozu_s2/status/2029225357237469434,Beauty and the Beast #ichihime https://t.co/rKmDhoiVD8,6.0,276.0,1424.0,11906.0,en,,,,,,,,,,,,
tweet-2029085439395811513,2026-03-06 15:57:23,推特,JiSuiOb7bC9,'1804063931721486336,纪丹灼DangeL,原创,Wed Mar 04 06:44:01 +0000 2026,,,,,,,,,JiSuiOb7bC9,'1804063931721486336,纪丹灼DangeL,Wed Mar 04 06:44:01 +0000 2026,'2029085439395811513,https://x.com/JiSuiOb7bC9/status/2029085439395811513,更新了我流家产眉眼 https://t.co/K9GuxkQmml,0.0,0.0,3.0,25.0,ja,,,,,,,,,,,,
tweet-2029041381994578160,2026-03-06 15:57:23,推特,JiSuiOb7bC9,'1804063931721486336,纪丹灼DangeL,转帖,Wed Mar 04 03:48:57 +0000 2026,,,,,,,,,mollaingggg,'1885425653111283714,몰라,Tue Mar 03 20:11:09 +0000 2026,'2028926172961386805,https://x.com/mollaingggg/status/2028926172961386805,화장실 빌런#eruri https://t.co/VdwJOHmEUI,1.0,108.0,839.0,5792.0,ko,,,,,,,,,,,,
tweet-2028789785356358001,2026-03-06 15:57:23,推特,JiSuiOb7bC9,'1804063931721486336,纪丹灼DangeL,转帖,Tue Mar 03 11:09:12 +0000 2026,,,,,,,,,manzhu1121,'1508077982211985411,曼珠,Tue Mar 03 03:07:18 +0000 2026,'2028668509518287189,https://x.com/manzhu1121/status/2028668509518287189,#团兵 #eruri #エルリ #에루리个人委托 https://t.co/j0NlzxJvGA,0.0,67.0,382.0,3721.0,zh,,,,,,,,,,,,
tweet-2028789539620483425,2026-03-06 15:57:23,推特,JiSuiOb7bC9,'1804063931721486336,纪丹灼DangeL,转帖,Tue Mar 03 11:08:13 +0000 2026,,,,,,,,,ToTo677Z,'2027635784506085383,小托,Tue Mar 03 03:13:38 +0000 2026,'2028670106025541851,https://x.com/ToTo677Z/status/2028670106025541851,#levi #リヴァイ 男子汉大屁股 https://t.co/aH8DlcSM3O,0.0,330.0,3278.0,32645.0,ja,,,,,,,,,,,,
tweet-2028641669298725130,2026-03-06 15:57:23,推特,JiSuiOb7bC9,'1804063931721486336,纪丹灼DangeL,转帖,Tue Mar 03 01:20:38 +0000 2026,,,,,,,,,seonwoo_s,'2778867367,선우,Mon Mar 02 16:59:24 +0000 2026,'2028515527740780987,https://x.com/seonwoo_s/status/2028515527740780987,CHU못방에 자발적으로 들어가신.. https://t.co/NVnoCrKyhe,1.0,301.0,2408.0,16868.0,ko,,,,,,,,,,,,
tweet-2028503957996450082,2026-03-06 15:57:23,推特,JiSuiOb7bC9,'1804063931721486336,纪丹灼DangeL,转帖,Mon Mar 02 16:13:26 +0000 2026,,,,,,,,,Sx1Bmv,'89433052,しらみ,Sun Mar 01 07:33:04 +0000 2026,'2028010617601462649,https://x.com/Sx1Bmv/status/2028010617601462649,https://t.co/jq2JTdoDMd,0.0,90.0,597.0,7724.0,zxx,,,,,,,,,,,,
tweet-2028503601648451812,2026-03-06 15:57:23,推特,JiSuiOb7bC9,'1804063931721486336,纪丹灼DangeL,转帖,Mon Mar 02 16:12:01 +0000 2026,,,,,,,,,bongjunAOT,'1902968912544927746,김봉준,Mon Mar 02 14:47:34 +0000 2026,'2028482351836414454,https://x.com/bongjunAOT/status/2028482351836414454,https://t.co/xvSibDUAlB,0.0,154.0,940.0,8539.0,zxx,,,,,,,,,,,,
tweet-2028503458131878093,2026-03-06 15:57:23,推特,JiSuiOb7bC9,'1804063931721486336,纪丹灼DangeL,转帖,Mon Mar 02 16:11:26 +0000 2026,,,,,,,,,_XP_D,'818073650762944512,(통판중)우주,Mon Mar 02 14:05:28 +0000 2026,'2028471757989175299,https://x.com/_XP_D/status/2028471757989175299,이번 일러 좋다 https://t.co/4QeDrjlGKv,3.0,1073.0,5077.0,52545.0,ko,,,,,,,,,,,,
tweet-2028500978866282631,2026-03-06 15:57:23,推特,JiSuiOb7bC9,'1804063931721486336,纪丹灼DangeL,原创,Mon Mar 02 16:01:35 +0000 2026,,,,,,,,,JiSuiOb7bC9,'1804063931721486336,纪丹灼DangeL,Mon Mar 02 16:01:35 +0000 2026,'2028500978866282631,https://x.com/JiSuiOb7bC9/status/2028500978866282631,元宵节快乐～吃汤圆～#eruri #エルリ https://t.co/1U9ZBqs3sP,0.0,18.0,128.0,1915.0,zh,,,,,,,,,,,,
tweet-2028459930341277730,2026-03-06 15:57:23,推特,JiSuiOb7bC9,'1804063931721486336,纪丹灼DangeL,转帖,Mon Mar 02 13:18:29 +0000 2026,,,,,,,,,leocnvx,'1876686607023325184,레오,Mon Mar 02 12:23:26 +0000 2026,'2028446076668383258,https://x.com/leocnvx/status/2028446076668383258,에루리... https://t.co/CRxUnnMg8p,0.0,191.0,1654.0,16857.0,ko,,,,,,,,,,,,
tweet-2028454287303749711,2026-03-06 15:57:23,推特,JiSuiOb7bC9,'1804063931721486336,纪丹灼DangeL,原创,Mon Mar 02 12:56:03 +0000 2026,,,,,,,,,JiSuiOb7bC9,'1804063931721486336,纪丹灼DangeL,Mon Mar 02 12:56:03 +0000 2026,'2028454287303749711,https://x.com/JiSuiOb7bC9/status/2028454287303749711,#エルリ #eruri 开始尝试压黑 https://t.co/VOVK0KokLv,0.0,11.0,106.0,960.0,zh,,,,,,,,,,,,
tweet-2028452629018550698,2026-03-06 15:57:23,推特,JiSuiOb7bC9,'1804063931721486336,纪丹灼DangeL,转帖,Mon Mar 02 12:49:28 +0000 2026,,,,,,,,,leocnvx,'1876686607023325184,레오,Mon Mar 02 09:37:57 +0000 2026,'2028404432896237729,https://x.com/leocnvx/status/2028404432896237729,에루리 온리전에 머그컵 협력했습니다.그리는 동안 정말로 행복했습니다... ///🥹소중한 기회 주셔서 감사드립니다! (ˇʃƪˇ)💛 https://t.co/GcMBAjIfsR,1.0,118.0,559.0,8461.0,ko,,,,,,,,,,,,
tweet-1494482319587291137,2026-03-06 16:01:28,推特,laikuanli0923,'895552072057225216,lai kuan li,转帖,Fri Feb 18 01:22:05 +0000 2022,,,,,,,,,bkppuniverse,'1229780856195178497,Billkin x PP Universe,Fri Feb 18 00:04:09 +0000 2022,'1494462707784839168,https://x.com/bkppuniverse/status/1494462707784839168,"Happening Today, 18 Feb 2022:🎟 Happy Tiger year with BKPP(与BKPP共祝虎年大吉)⏰7-8 pm (TH time)📍Tmall Flagship Store: TARO(泰天食品旗舰店) https://t.co/Gu6mshfC7m📍Weibo: 泰乐天TAROhttps://t.co/Ibor9IucvW📍Douyin: DanYueWeiShi(耽悦味食)https://t.co/Os2490eiZ2(1/2) https://t.co/BocumvM0h7",1.0,248.0,234.0,,zh,,,,,,,,,,,,
tweet-1462410407302234117,2026-03-06 16:01:28,推特,laikuanli0923,'895552072057225216,lai kuan li,转帖,Sun Nov 21 13:19:46 +0000 2021,,,,,,,,,nongderrr,'1191697692084162560,เราเด๋อนะ.,Sun Nov 21 13:18:50 +0000 2021,'1462410172358270977,https://x.com/nongderrr/status/1462410172358270977,ดื้อมากกก 🤣 #TheStarIdolxBillkinPPkrit https://t.co/L1Bj4Vw5nr,2.0,2644.0,1429.0,,th,,,,,,,,,,,,
tweet-1418924594468204550,2026-03-06 16:01:28,推特,laikuanli0923,'895552072057225216,lai kuan li,转帖,Sat Jul 24 13:22:40 +0000 2021,,,,,,,,,nongderrr,'1191697692084162560,เราเด๋อนะ.,Sat Jul 24 13:17:48 +0000 2021,'1418923370146639872,https://x.com/nongderrr/status/1418923370146639872,ความจิ๋งก็ครืออออ…………ปี๊บ สมองตด #แปลรักPhotobookUnboxing https://t.co/1xM74GjWUy,1.0,3221.0,1704.0,,th,,,,,,,,,,,,
tweet-1397922363920896019,2026-03-06 16:01:28,推特,laikuanli0923,'895552072057225216,lai kuan li,转帖,Thu May 27 14:27:18 +0000 2021,,,,,,,,,NadaoBangkok,'389374849,Nadao Bangkok,Thu May 27 14:14:32 +0000 2021,'1397919149989404682,https://x.com/NadaoBangkok/status/1397919149989404682,อุ๊ย แอบได้ยินเพลงกันไปนิดนึงแล้วใน #แปลรัก2EP1พรุ่งนี้ 12:00 น.รอดู MV ห่มผ้า - PP Krit OST #แปลรักฉันด้วยใจเธอPart2 https://t.co/Mpce1Xq9nEพร้อมกันที่ YouTube : Nadao Music และ #LINETV แต่เที่ยงคืนนี้ เพลงจะเข้าStreaming รอฟังเสียงของ #PPkritt กันก่อนนอนจะได้ฝันดีน้า💗 https://t.co/FpZoTDf8ys,150.0,9506.0,5684.0,,th,,,,,,,,,,,,
tweet-1397922325756973065,2026-03-06 16:01:28,推特,laikuanli0923,'895552072057225216,lai kuan li,转帖,Thu May 27 14:27:09 +0000 2021,,,,,,,,,BKPP_INTL,'1267498462674915328,BKPP INTERNATIONAL,Thu May 27 14:23:47 +0000 2021,'1397921480009129991,https://x.com/BKPP_INTL/status/1397921480009129991,BK : Thank you everyone so much.#bbillkin #แปลรัก2EP1 https://t.co/U7c1xlMNax,1.0,319.0,633.0,,en,,,,,,,,,,,,
tweet-1384011171053719555,2026-03-06 16:01:28,推特,laikuanli0923,'895552072057225216,lai kuan li,转帖,Mon Apr 19 05:09:11 +0000 2021,,,,,,,,,NadaoBangkok,'389374849,Nadao Bangkok,Sun Apr 18 11:16:09 +0000 2021,'1383741132106997760,https://x.com/NadaoBangkok/status/1383741132106997760,Wonder who is that ? 😜🥰 https://t.co/7ytM9AbaaN,366.0,4185.0,5775.0,,en,,,,,,,,,,,,
tweet-1384011100958597126,2026-03-06 16:01:28,推特,laikuanli0923,'895552072057225216,lai kuan li,转帖,Mon Apr 19 05:08:54 +0000 2021,,,,,,,,,NadaoBangkok,'389374849,Nadao Bangkok,Mon Apr 19 05:02:22 +0000 2021,'1384009453545005057,https://x.com/NadaoBangkok/status/1384009453545005057,"“My heart is yours, always. Unchanged.”#แปลรักฉันด้วยใจเธอPart2 #IPromisedYouTheMoonEvery Thursday at 8 PM on #LINETV Premieres May 27thhttps://t.co/KxvHjV9TrT#LINETVoriginal #NadaoBangkok https://t.co/TfjWMbTGwT",252.0,9422.0,11181.0,,en,,,,,,,,,,,,
tweet-1384010993601159170,2026-03-06 16:01:28,推特,laikuanli0923,'895552072057225216,lai kuan li,转帖,Mon Apr 19 05:08:29 +0000 2021,,,,,,,,,NadaoBangkok,'389374849,Nadao Bangkok,Mon Apr 19 05:00:01 +0000 2021,'1384008863649865728,https://x.com/NadaoBangkok/status/1384008863649865728,“กูสัญญา กูจะรักมึงเหมือนเดิม..ไม่มีเปลี่ยน”#แปลรักฉันด้วยใจเธอPart2#IPromisedYouTheMoonทุกวันพฤหัสบดี เวลา 2 ทุ่มตรงบน #LINETV เท่านั้น !เริ่มตอนแรก 27 พฤษภาคมนี้👉🏻 https://t.co/KxvHjVruQt#LINETVoriginal #NadaoBangkok https://t.co/Z44W7v8Ocs,971.0,28602.0,22241.0,,th,,,,,,,,,,,,
tweet-1384010969769144325,2026-03-06 16:01:28,推特,laikuanli0923,'895552072057225216,lai kuan li,转帖,Mon Apr 19 05:08:23 +0000 2021,,,,,,,,,BKPP_INTL,'1267498462674915328,BKPP INTERNATIONAL,Mon Apr 19 05:05:55 +0000 2021,'1384010350685687810,https://x.com/BKPP_INTL/status/1384010350685687810,#IToldSunsetAboutYou #IPromisedYouTheMoon https://t.co/QuJkxWqAzc,6.0,1276.0,2320.0,,qme,,,,,,,,,,,,
tweet-1363864431734611968,2026-03-06 16:01:28,推特,laikuanli0923,'895552072057225216,lai kuan li,转帖,Mon Feb 22 14:53:14 +0000 2021,,,,,,,,,nongderrr,'1191697692084162560,เราเด๋อนะ.,Mon Feb 22 13:59:22 +0000 2021,'1363850875655966724,https://x.com/nongderrr/status/1363850875655966724,อาการมันเป็นยังไงนะพีพี #ได้เวลาLiveแล้วจิ https://t.co/IAPl9Umbpo,4.0,2972.0,1635.0,,th,,,,,,,,,,,,
tweet-1363864242676371459,2026-03-06 16:01:28,推特,laikuanli0923,'895552072057225216,lai kuan li,转帖,Mon Feb 22 14:52:29 +0000 2021,,,,,,,,,nongderrr,'1191697692084162560,เราเด๋อนะ.,Mon Feb 22 13:48:10 +0000 2021,'1363848058975346689,https://x.com/nongderrr/status/1363848058975346689,😭😭😭😭😭😭 #ได้เวลาLiveแล้วจิ https://t.co/e7DnK08AtX,2.0,2064.0,1402.0,,qme,,,,,,,,,,,,
tweet-1363820508643356672,2026-03-06 16:01:28,推特,laikuanli0923,'895552072057225216,lai kuan li,转帖,Mon Feb 22 11:58:42 +0000 2021,,,,,,,,,onlylaikuanlin,'824621378326237184,hakuna matata,Mon Feb 22 03:09:56 +0000 2021,'1363687439160676357,https://x.com/onlylaikuanlin/status/1363687439160676357,ฟีลแบบ แอบถ่ายแฟนตอนไปกินข้าวที่ร้านอาหาร https://t.co/CaWPxUH8Ek,0.0,217.0,106.0,,th,,,,,,,,,,,,
tweet-1363820324488245249,2026-03-06 16:01:28,推特,laikuanli0923,'895552072057225216,lai kuan li,转帖,Mon Feb 22 11:57:58 +0000 2021,,,,,,,,,nongderrr,'1191697692084162560,เราเด๋อนะ.,Mon Feb 22 03:07:17 +0000 2021,'1363686775151943691,https://x.com/nongderrr/status/1363686775151943691,พ่อหนุ่มนักเรียนนอก 🥺😭📸 พี่ต้อง https://t.co/DVrgUd7HSV,6.0,4393.0,3732.0,,th,,,,,,,,,,,,
tweet-1363820192673894400,2026-03-06 16:01:28,推特,laikuanli0923,'895552072057225216,lai kuan li,转帖,Mon Feb 22 11:57:27 +0000 2021,,,,,,,,,nongderrr,'1191697692084162560,เราเด๋อนะ.,Mon Feb 22 11:02:52 +0000 2021,'1363806459692085255,https://x.com/nongderrr/status/1363806459692085255,ธรรมชาติจังงง เหมือนซ้อมเขินมานาน  #BKPPxMintMagTH https://t.co/vPKKvHGdsq,3.0,2286.0,1596.0,,th,,,,,,,,,,,,
tweet-1153663842519379968,2026-03-06 16:01:28,推特,laikuanli0923,'895552072057225216,lai kuan li,转帖,Tue Jul 23 13:51:08 +0000 2019,,,,,,,,,guanIintw,'857513585424990208,라이관린 사랑해 🌿💫,Tue Jul 23 13:22:10 +0000 2019,'1153656552680591363,https://x.com/guanIintw/status/1153656552680591363,관린아그동안열심히노력해줘서고마워#큐브_미성년자_사문서위조 너만보고너만믿어너만사랑해,0.0,140.0,81.0,,ko,,,,,,,,,,,,
tweet-1153663812303634434,2026-03-06 16:01:28,推特,laikuanli0923,'895552072057225216,lai kuan li,转帖,Tue Jul 23 13:51:01 +0000 2019,,,,,,,,,laikuanlingall,'924506413094772736,라이관린 마이너 갤러리,Tue Jul 23 12:36:34 +0000 2019,'1153645075206852609,https://x.com/laikuanlingall/status/1153645075206852609,현재실시간트렌드9위입니다#큐브_미성년자_사문서위조 최상단트렌드를위해함께해요,0.0,162.0,77.0,,ko,,,,,,,,,,,,
tweet-1153663799162916864,2026-03-06 16:01:28,推特,laikuanli0923,'895552072057225216,lai kuan li,转帖,Tue Jul 23 13:50:58 +0000 2019,,,,,,,,,0LambLing0,'770228326673678336,記颜簿🌸,Tue Jul 23 12:41:17 +0000 2019,'1153646263205801984,https://x.com/0LambLing0/status/1153646263205801984,관린이고생많이하고지금도힘들게다#큐브_미성년자_사문서위조지지말고기죽지말고당당하게잘이겨내길바래,0.0,81.0,33.0,,ko,,,,,,,,,,,,
tweet-1153663787284586496,2026-03-06 16:01:28,推特,laikuanli0923,'895552072057225216,lai kuan li,转帖,Tue Jul 23 13:50:55 +0000 2019,,,,,,,,,DongVanza_0923,'860602101461680128,라이관린 팬카페 💚동반자💚,Tue Jul 23 12:31:56 +0000 2019,'1153643910402457601,https://x.com/DongVanza_0923/status/1153643910402457601,이어린소년에게무슨짓을한지아십니까#큐브_미성년자_사문서위조엄연히범죄입니다큐브각성하세요,0.0,235.0,110.0,,ko,,,,,,,,,,,,
tweet-1153663632326025216,2026-03-06 16:01:28,推特,laikuanli0923,'895552072057225216,lai kuan li,转帖,Tue Jul 23 13:50:18 +0000 2019,,,,,,,,,Relativity2033,'945631561050812416,Theory Of Relativity,Tue Jul 23 12:24:16 +0000 2019,'1153641980183773184,https://x.com/Relativity2033/status/1153641980183773184,"아티스트 동의 없이 제 3자 매니지먼트에게 권리양도  #큐브_미성년자_사문서위조 아티스트가 계약위반 사실 시정요구 했으나 협의불가,불이행 https://t.co/PQqey2lM9y",0.0,582.0,362.0,,ko,,,,,,,,,,,,
tweet-1153663605423763456,2026-03-06 16:01:28,推特,laikuanli0923,'895552072057225216,lai kuan li,转帖,Tue Jul 23 13:50:12 +0000 2019,,,,,,,,,LAIKUANLIN_STRM,'1128120214543929344,라이관린 음원총공팀,Tue Jul 23 08:39:05 +0000 2019,'1153585310061613058,https://x.com/LAIKUANLIN_STRM/status/1153585310061613058,🚨 실트 총공 🚨문구: #큐브_미성년자_사문서위조시간: 7월 23일 오후 9시 23분부터 유포된 허위 사실 정정을 위해 실시간 트렌드 총공을 진행합니다. 많은 참여 바랍니다!#라이관린 #LAIKUANLIN #賴冠霖 https://t.co/qFhqvFmiiT,2.0,540.0,324.0,,ko,,,,,,,,,,,,
tweet-2027279232796365231,2026-03-06 16:12:18,推特,loserl178595,'1949409848711680000,loser l,转帖,Fri Feb 27 07:06:48 +0000 2026,,,,,,,,,sentioxyz,'1516094482889904133,Sentio,Wed Feb 25 05:50:04 +0000 2026,'2026535146904854558,https://x.com/sentioxyz/status/2026535146904854558,"1/ Introducing Sentio Network: The Decentralized Data and Compute LayerWe are thrilled to unveil the Sentio Network, evolving our production-grade observability platform into the world’s first decentralized, AI-native data infrastructure.  Sentio is moving from a unified https://t.co/m91xoHwsCg",1234.0,43413.0,7981.0,136411.0,en,,,,,,,,,,,,
tweet-2010653795123097727,2026-03-06 16:12:18,推特,loserl178595,'1949409848711680000,loser l,转帖,Mon Jan 12 10:03:15 +0000 2026,,,,,,,,,UnitasLabs,'1930625039306747904,Unitas Labs,Mon Jan 12 09:50:02 +0000 2026,'2010650468696179076,https://x.com/UnitasLabs/status/2010650468696179076,Our exclusive Booster Campaign with @BinanceWallet goes live today!Complete Phase 1 tasks to qualify for rewards:🔷Social quests🔷Staking USDu🔷Binance Alpha PointsEligible users receive $UP token allocations.Learn more 🔽 https://t.co/w2rc9BzWut,2356.0,70497.0,13110.0,699332.0,en,,,,,,,,,,,,
tweet-2002998410341957741,2026-03-06 16:12:18,推特,loserl178595,'1949409848711680000,loser l,转帖,Mon Dec 22 07:03:29 +0000 2025,,,,,,,,,BitwayOfficial,'1475044530244419589,Bitway,Mon Dec 22 06:20:02 +0000 2025,'2002987475535642764,https://x.com/BitwayOfficial/status/2002987475535642764,"Introducing Bitway: The Internet Capital Gateway for On-Chain FinanceIncubated and backed by @yzilabs via @EASYResidency Season 1, Bitway is founded by early members of Binance Labs and Chainspace, the blockchain scalability project later acquired by Facebook.Bitway serves as https://t.co/XeJ1THPuTF",1956.0,77132.0,11862.0,674156.0,en,,,,,,,,,,,,
tweet-2002589092438290806,2026-03-06 16:12:18,推特,loserl178595,'1949409848711680000,loser l,转帖,Sun Dec 21 03:57:00 +0000 2025,,,,,,,,,BinanceWallet,'1400391752368992260,Binance Wallet,Sat Dec 20 11:12:14 +0000 2025,'2002336233490702656,https://x.com/BinanceWallet/status/2002336233490702656,Top 10 Updates of 2025 1️⃣ Multi-platform: Web &amp; Extension2️⃣ Advanced data tools: Signals &amp; Tracker3️⃣ Diverse trading options: Meme Rush &amp; Limit Order4️⃣ Alpha Trading: Point &amp; Event5️⃣ Booster Program6️⃣ Stock Token7️⃣ Binance Wallet Referral 8️⃣ Secure Auto-Sign9️⃣ Multiple https://t.co/NuZAQ8KwCl,3969.0,33585.0,13129.0,721340.0,en,,,,,,,,,,,,
tweet-1988923684338192519,2026-03-06 16:12:18,推特,loserl178595,'1949409848711680000,loser l,转帖,Thu Nov 13 10:55:33 +0000 2025,,,,,,,,,TreehouseFi,'1371771070571683841,Treehouse,Wed Nov 12 09:00:09 +0000 2025,'1988532255241945296,https://x.com/TreehouseFi/status/1988532255241945296,"🌳 tETH Turns One: A ReviewIn one year, $tETH has grown to 81K+ ETH ($300M) in TVL, 47K+ users, and 2 chains, delivering on its promise of steady, low-volatility yield.But the real story isn’t just returns.It’s how the strategy held strong through DeFi’s “hard mode.” 🧵👇 https://t.co/NMS9oQ3HQK",1359.0,94058.0,13065.0,792065.0,en,,,,,,,,,,,,
tweet-1988923636728619043,2026-03-06 16:12:18,推特,loserl178595,'1949409848711680000,loser l,转帖,Thu Nov 13 10:55:22 +0000 2025,,,,,,,,,TreehouseFi,'1371771070571683841,Treehouse,Mon Nov 10 10:01:23 +0000 2025,'1987822890629357746,https://x.com/TreehouseFi/status/1987822890629357746,"🌳 TIP 4: TREE BuybacksA new TIP proposal is live to allocate 50% of MEY fees from $tETH toward $TREE buybacks.Acquired TREE will be held in a designated address managed by the DAO Treasury, strengthening long-term alignment between protocol growth and tokenholder value. 🧵👇 https://t.co/2hIf0A1ge9",1197.0,94182.0,12706.0,912809.0,en,,,,,,,,,,,,
tweet-1988923587714224146,2026-03-06 16:12:18,推特,loserl178595,'1949409848711680000,loser l,转帖,Thu Nov 13 10:55:10 +0000 2025,,,,,,,,,TreehouseFi,'1371771070571683841,Treehouse,Wed Oct 08 06:31:12 +0000 2025,'1975811197175013427,https://x.com/TreehouseFi/status/1975811197175013427,"🌳 Q3 2025 was Treehouse’s biggest quarter yet.We launched $TREE through Gaia TGE, expanded tAssets across major protocols and chains, and saw real-world adoption of DOR with institutional integrations.Here’s everything we built this quarter. 🧵👇https://t.co/SC5srbfA6p https://t.co/hHFBmRP59o",1371.0,94230.0,12917.0,515330.0,en,,,,,,,,,,,,
tweet-1988266995310346612,2026-03-06 16:12:18,推特,loserl178595,'1949409848711680000,loser l,原创,Tue Nov 11 15:26:06 +0000 2025,,,,,,,,,loserl178595,'1949409848711680000,loser l,Tue Nov 11 15:26:06 +0000 2025,'1988266995310346612,https://x.com/loserl178595/status/1988266995310346612,hello  @REVApay_ai send 12 usdc on BNB Chain to 0x451921cFAC8F25160bB95572c34792d9C9CfdF92,1.0,0.0,1.0,6.0,fr,,,,,,,,,,,,
tweet-1988260447515296203,2026-03-06 16:12:18,推特,loserl178595,'1949409848711680000,loser l,转帖,Tue Nov 11 15:00:05 +0000 2025,,,,,,,,,r3vl_xyz,'1090286948894326785,Reveel,Mon Nov 10 22:23:53 +0000 2025,'1988009745245237346,https://x.com/r3vl_xyz/status/1988009745245237346,Welcome to the REVAlution! This is what happens when AgentFi + Stablecoins + x402 come together!Already $180M in Annualized Agent Volume on @REVApay_ai !,2067.0,58355.0,9509.0,753535.0,en,,,,,,,,,,,,
tweet-1986067102130942450,2026-03-06 16:12:18,推特,loserl178595,'1949409848711680000,loser l,转帖,Wed Nov 05 13:44:31 +0000 2025,,,,,,,,,zkPass,'1506532533365886981,zkPass,Wed Nov 05 11:50:24 +0000 2025,'1986038386214486326,https://x.com/zkPass/status/1986038386214486326,"zkPass × @BinanceWallet Booster Program - Phase 1 Goes Live→ Starts Nov 5, 12:00 UTC→ Eligibility: Users with 61 + Alpha Points→ Rewards: 10,000,000 $ZKP→ Complete verifiable quests, power your proofs with VOLEitH, and earn what you prove.Proof is the new Alpha. 🌐 ✅ https://t.co/Pnabp8f7IF",1983.0,97781.0,17998.0,939546.0,en,,,,,,,,,,,,
tweet-1983532467685556565,2026-03-06 16:12:18,推特,loserl178595,'1949409848711680000,loser l,转帖,Wed Oct 29 13:52:47 +0000 2025,,,,,,,,,pieverse_io,'1846966319251705857,pieverse,Tue Oct 28 08:46:07 +0000 2025,'1983092903963701635,https://x.com/pieverse_io/status/1983092903963701635,"🚀 Phase 4 of the Pieverse x @BinanceWallet Booster Campaign is LIVE!The final phase begins and the future of timestamped, verifiable payments continues.🎁 30,000,000 $PIEVERSE (3% of the total initial supply) will be distributed across 4 phases of this campaign.🗓️ Phase 4 https://t.co/DVXTdFYPJX",2885.0,103513.0,19903.0,1142551.0,en,,,,,,,,,,,,
tweet-1981005446849986579,2026-03-06 16:12:18,推特,loserl178595,'1949409848711680000,loser l,原创,Wed Oct 22 14:31:18 +0000 2025,,,,,,,,,loserl178595,'1949409848711680000,loser l,Wed Oct 22 14:31:18 +0000 2025,'1981005446849986579,https://x.com/loserl178595/status/1981005446849986579,hey!  @REVApay_ai send 13 usdc on BNB Chain to 0x451921cFAC8F25160bB95572c34792d9C9CfdF92,0.0,0.0,0.0,4.0,en,,,,,,,,,,,,
tweet-1979496514641867122,2026-03-06 16:12:18,推特,loserl178595,'1949409848711680000,loser l,转帖,Sat Oct 18 10:35:21 +0000 2025,,,,,,,,,Astra__Nova,'1339642152930795520,Astra Nova,Thu Oct 02 13:52:42 +0000 2025,'1973747974107803981,https://x.com/Astra__Nova/status/1973747974107803981,"The journey wasn’t easy, but we never stopped building.Now, the most important moment is here.We are creating the next generation of AI-powered entertainment, where a no-code AI infra platform, webtoons, and SocialFi come together in one living ecosystem.At the heart of it https://t.co/47g6DXgtXI",2558.0,3832.0,6235.0,283996.0,en,,,,,,,,,,,,
tweet-1979494091676373335,2026-03-06 16:12:18,推特,loserl178595,'1949409848711680000,loser l,转帖,Sat Oct 18 10:25:43 +0000 2025,,,,,,,,,Astra__Nova,'1339642152930795520,Astra Nova,Fri Oct 17 16:59:05 +0000 2025,'1979230697941286952,https://x.com/Astra__Nova/status/1979230697941286952,"Where to buy $RVV? 🟦The wait is almost over. $RVV goes live tomorrow across top CEX and DEX platforms 👇CEX ListingsLive at ⏰Binance: Alpha at 13:00 UTC, Futures at 13:30 UTCBitget: 14:00 UTCGate: 14:00 UTCMEXC: 14:00 UTCKuCoin: 14:00 UTCCoinTR: 14:00 UTCBingX: https://t.co/irfgtJIvED",1193.0,2313.0,4512.0,577315.0,en,,,,,,,,,,,,
tweet-1977750927944597609,2026-03-06 16:12:18,推特,loserl178595,'1949409848711680000,loser l,转帖,Mon Oct 13 14:59:00 +0000 2025,,,,,,,,,pieverse_io,'1846966319251705857,pieverse,Mon Oct 13 11:49:03 +0000 2025,'1977703126385017339,https://x.com/pieverse_io/status/1977703126385017339,"🚀 Phase 3 of the Pieverse x @BinanceWallet Booster Campaign is officially LIVE!We’re excited to unveil the next step in our mission to bring trusted, timestamped value to Web3.🎁 30,000,000 $PIEVERSE (3% of the total initial supply) will be distributed across 4 phases of https://t.co/InFyn0cfxN",3158.0,105466.0,20092.0,1273086.0,en,,,,,,,,,,,,
tweet-1976816059937325247,2026-03-06 16:12:18,推特,loserl178595,'1949409848711680000,loser l,转帖,Sat Oct 11 01:04:10 +0000 2025,,,,,,,,,r3vl_xyz,'1090286948894326785,Reveel,Mon Oct 06 14:04:13 +0000 2025,'1975200425931669657,https://x.com/r3vl_xyz/status/1975200425931669657,"Milestone unlocked: 500,000 registered Stablecoin IDs 🟩Half a million people now moving money with universal identityThis is just the beginning. https://t.co/6eqNJBmjdj",4362.0,103067.0,20516.0,1094249.0,en,,,,,,,,,,,,
tweet-1976664577778876461,2026-03-06 16:12:18,推特,loserl178595,'1949409848711680000,loser l,转帖,Fri Oct 10 15:02:14 +0000 2025,,,,,,,,,BASCAN_io,'1674737220169895936,BAS(BNB Attestation Service),Fri Oct 10 04:57:24 +0000 2025,'1976512365354184876,https://x.com/BASCAN_io/status/1976512365354184876,"BAS Booster Program x @BinanceWallet — Season 3 Week 3 Kicks Off!😁10.10, 13:00 （UTC+8） →  10.17, 13:00 （UTC+8）😁Reward Pool: 50,000,000 (0.5%) $BAS😁Eligibility: 61+ Alpha PointsThis Week’s Tasks:🫶Hold ≥ 3000+ BAS in past 7 days — share 12.5M BAS🫶Buy ≥ 1000 https://t.co/M1Al3hUPoc",2106.0,83260.0,12684.0,1031834.0,en,,,,,,,,,,,,
tweet-1973342139716448763,2026-03-06 16:12:18,推特,loserl178595,'1949409848711680000,loser l,转帖,Wed Oct 01 11:00:03 +0000 2025,,,,,,,,,BASCAN_io,'1674737220169895936,BAS(BNB Attestation Service),Tue Sep 30 06:59:38 +0000 2025,'1972919248419967112,https://x.com/BASCAN_io/status/1972919248419967112,"🟠BAS Booster Program x @BinanceWallet — Season 3 Week 2 Kicks Off!▫️9.30, 15:00 （UTC+8） →  10.07, 15:00 （UTC+8）▫️Reward Pool: 50,000,000 (0.5%) $BAS▫️Eligibility: 61+ Alpha PointsThis Week’s Tasks:▫️Hold ≥ 3000+ BAS in past 7 days — share 12.5M BAS▫️Buy ≥ 1000 https://t.co/BeMrwPTVLr",1165.0,70403.0,9356.0,596509.0,en,,,,,,,,,,,,
tweet-1972983105989599702,2026-03-06 16:12:18,推特,loserl178595,'1949409848711680000,loser l,转帖,Tue Sep 30 11:13:23 +0000 2025,,,,,,,,,turtledotxyz,'1769392048392531968,Turtle,Mon Sep 29 11:59:45 +0000 2025,'1972632386845237344,https://x.com/turtledotxyz/status/1972632386845237344,"We’re proud to introduce $TURTLE - the foundational token for onchain liquidity.Built to align LPs, partners, and protocols under one standard. https://t.co/aOeskUrcNX",4675.0,137939.0,27518.0,1682412.0,en,,,,,,,,,,,,
tweet-1972983077656994065,2026-03-06 16:12:18,推特,loserl178595,'1949409848711680000,loser l,转帖,Tue Sep 30 11:13:16 +0000 2025,,,,,,,,,turtledotxyz,'1769392048392531968,Turtle,Tue Sep 30 07:36:57 +0000 2025,'1972928641274441810,https://x.com/turtledotxyz/status/1972928641274441810,Turtle × @binance Booster ProgramJoin the campaign to earn exclusive $TURTLE rewards.Take part through social tasks or by depositing USDT on BSC.,6027.0,138213.0,26911.0,1694746.0,en,,,,,,,,,,,,
tweet-609612665921499136,2026-03-06 16:13:29,推特,masmithuk,'20816804,Mark Smith,原创,Sat Jun 13 06:46:00 +0000 2015,,,,,,,,,masmithuk,'20816804,Mark Smith,Sat Jun 13 06:46:00 +0000 2015,'609612665921499136,https://x.com/masmithuk/status/609612665921499136,"Grimethorpe Colliery Band tickets, dates #Ticketmaster_AU http://t.co/bPxxOAUXq1",0.0,0.0,6.0,,en,,,,,,,,,,,,
tweet-580940899854651392,2026-03-06 16:13:29,推特,masmithuk,'20816804,Mark Smith,原创,Thu Mar 26 03:54:38 +0000 2015,,,,,,,,,masmithuk,'20816804,Mark Smith,Thu Mar 26 03:54:38 +0000 2015,'580940899854651392,https://x.com/masmithuk/status/580940899854651392,My life satisfaction could be 5% better if I lived in South Norfolk. Take the #happiestplace test http://t.co/U0SssnrJLO,0.0,0.0,0.0,,en,,,,,,,,,,,,
tweet-537852064064229376,2026-03-06 16:13:29,推特,masmithuk,'20816804,Mark Smith,原创,Thu Nov 27 06:14:59 +0000 2014,,,,,,,,,masmithuk,'20816804,Mark Smith,Thu Nov 27 06:14:59 +0000 2014,'537852064064229376,https://x.com/masmithuk/status/537852064064229376,"I got ""Get those shoulder pads on, you're SO 80s"" (11/16) in the @DailyMirror bodacious 80s music quiz http://t.co/X2329zGuhk",0.0,0.0,0.0,,en,,,,,,,,,,,,
tweet-464544666675716096,2026-03-06 16:13:29,推特,masmithuk,'20816804,Mark Smith,原创,Thu May 08 23:17:34 +0000 2014,,,,,,,,,masmithuk,'20816804,Mark Smith,Thu May 08 23:17:34 +0000 2014,'464544666675716096,https://x.com/masmithuk/status/464544666675716096,Development on Morrissey biopic currently 'under way' http://t.co/5eQ9wVoUqY via @guardian,0.0,0.0,0.0,,en,,,,,,,,,,,,
tweet-447987453341618176,2026-03-06 16:13:29,推特,masmithuk,'20816804,Mark Smith,原创,Mon Mar 24 06:45:06 +0000 2014,,,,,,,,,masmithuk,'20816804,Mark Smith,Mon Mar 24 06:45:06 +0000 2014,'447987453341618176,https://x.com/masmithuk/status/447987453341618176,"Well Melbourne. I've endured cancelled flights,  air port changes, closed roads and landing delays but i've got here. Looking forward to so…",0.0,0.0,0.0,,en,,,,,,,,,,,,
tweet-441324603604885504,2026-03-06 16:13:29,推特,masmithuk,'20816804,Mark Smith,原创,Wed Mar 05 21:29:19 +0000 2014,,,,,,,,,masmithuk,'20816804,Mark Smith,Wed Mar 05 21:29:19 +0000 2014,'441324603604885504,https://x.com/masmithuk/status/441324603604885504,"Man, 65, stabbed in broad daylight on walk to beach | Sunshine Coast Daily http://t.co/KTWYUEckHp",0.0,0.0,0.0,,en,,,,,,,,,,,,
tweet-433147793171968000,2026-03-06 16:13:29,推特,masmithuk,'20816804,Mark Smith,原创,Tue Feb 11 07:57:36 +0000 2014,,,,,,,,,masmithuk,'20816804,Mark Smith,Tue Feb 11 07:57:36 +0000 2014,'433147793171968000,https://x.com/masmithuk/status/433147793171968000,http://t.co/4mMaKT2KMo,0.0,0.0,0.0,,zxx,,,,,,,,,,,,
tweet-432084780021063680,2026-03-06 16:13:29,推特,masmithuk,'20816804,Mark Smith,原创,Sat Feb 08 09:33:33 +0000 2014,,,,,,,,,masmithuk,'20816804,Mark Smith,Sat Feb 08 09:33:33 +0000 2014,'432084780021063680,https://x.com/masmithuk/status/432084780021063680,Walking Through History | Series 3 - 1. Walking Through History: Wigan Pier | Radio Times: http://t.co/CTkSS9pPGa,0.0,0.0,0.0,,en,,,,,,,,,,,,
tweet-429892629447204864,2026-03-06 16:13:29,推特,masmithuk,'20816804,Mark Smith,原创,Sun Feb 02 08:22:44 +0000 2014,,,,,,,,,masmithuk,'20816804,Mark Smith,Sun Feb 02 08:22:44 +0000 2014,'429892629447204864,https://x.com/masmithuk/status/429892629447204864,Walking Through History | Series 3 - 1. The Path to Wigan Pier | Radio Times: http://t.co/mhI0Zpqq9c,0.0,0.0,0.0,,en,,,,,,,,,,,,
tweet-428019109175906304,2026-03-06 16:13:29,推特,masmithuk,'20816804,Mark Smith,原创,Tue Jan 28 04:18:02 +0000 2014,,,,,,,,,masmithuk,'20816804,Mark Smith,Tue Jan 28 04:18:02 +0000 2014,'428019109175906304,https://x.com/masmithuk/status/428019109175906304,Best ever Morrissey solo album Your Arsenal stunningly re-mastered for 2014 | Music | Entertainment | Daily Express http://t.co/d4tyaTrSDg,0.0,0.0,0.0,,en,,,,,,,,,,,,
tweet-398054940448260097,2026-03-06 16:13:29,推特,masmithuk,'20816804,Mark Smith,原创,Wed Nov 06 11:51:07 +0000 2013,,,,,,,,,masmithuk,'20816804,Mark Smith,Wed Nov 06 11:51:07 +0000 2013,'398054940448260097,https://x.com/masmithuk/status/398054940448260097,The Smiths -- These Things Take Time (documentary) http://t.co/d9lCo7UBSD via @youtube,0.0,0.0,0.0,,en,,,,,,,,,,,,
tweet-389708700258037760,2026-03-06 16:13:29,推特,masmithuk,'20816804,Mark Smith,原创,Mon Oct 14 11:06:09 +0000 2013,,,,,,,,,masmithuk,'20816804,Mark Smith,Mon Oct 14 11:06:09 +0000 2013,'389708700258037760,https://x.com/masmithuk/status/389708700258037760,Hitting Melbourne pretty hard tomorrow with some Swegon goodness. Wanna know more? You know what to do! BOOM,0.0,0.0,0.0,,en,,,,,,,,,,,,
tweet-366845532326477825,2026-03-06 16:13:29,推特,masmithuk,'20816804,Mark Smith,原创,Mon Aug 12 08:56:05 +0000 2013,,,,,,,,,masmithuk,'20816804,Mark Smith,Mon Aug 12 08:56:05 +0000 2013,'366845532326477825,https://x.com/masmithuk/status/366845532326477825,Heading to Sydney again tomorrow to impart more Swegon based goodness.  NSW are you ready??,0.0,0.0,0.0,,en,,,,,,,,,,,,
tweet-355588849197522944,2026-03-06 16:13:29,推特,masmithuk,'20816804,Mark Smith,原创,Fri Jul 12 07:26:02 +0000 2013,,,,,,,,,masmithuk,'20816804,Mark Smith,Fri Jul 12 07:26:02 +0000 2013,'355588849197522944,https://x.com/masmithuk/status/355588849197522944,Check out #morrissey-25-live at your local @ShowcaseCinemas! http://t.co/jkRzPqmMok,0.0,0.0,0.0,,en,,,,,,,,,,,,
tweet-352704153006518272,2026-03-06 16:13:29,推特,masmithuk,'20816804,Mark Smith,原创,Thu Jul 04 08:23:17 +0000 2013,,,,,,,,,masmithuk,'20816804,Mark Smith,Thu Jul 04 08:23:17 +0000 2013,'352704153006518272,https://x.com/masmithuk/status/352704153006518272,http://t.co/21GMKB2ffl,0.0,0.0,0.0,,zxx,,,,,,,,,,,,
tweet-352703933749264385,2026-03-06 16:13:29,推特,masmithuk,'20816804,Mark Smith,原创,Thu Jul 04 08:22:25 +0000 2013,,,,,,,,,masmithuk,'20816804,Mark Smith,Thu Jul 04 08:22:25 +0000 2013,'352703933749264385,https://x.com/masmithuk/status/352703933749264385,Count Arthur Strong | Series 1 - 1. Memory Man | Radio Times: http://t.co/QnNleOpboB,0.0,0.0,0.0,,en,,,,,,,,,,,,
tweet-348789217272426496,2026-03-06 16:13:29,推特,masmithuk,'20816804,Mark Smith,原创,Sun Jun 23 13:06:44 +0000 2013,,,,,,,,,masmithuk,'20816804,Mark Smith,Sun Jun 23 13:06:44 +0000 2013,'348789217272426496,https://x.com/masmithuk/status/348789217272426496,"Goodbye UK, you've been great. Do it again soon I hope.",0.0,0.0,0.0,,en,,,,,,,,,,,,
tweet-339191062876782594,2026-03-06 16:13:29,推特,masmithuk,'20816804,Mark Smith,原创,Tue May 28 01:27:05 +0000 2013,,,,,,,,,masmithuk,'20816804,Mark Smith,Tue May 28 01:27:05 +0000 2013,'339191062876782594,https://x.com/masmithuk/status/339191062876782594,What a silly Bassong http://t.co/pkddDTFIKT,0.0,0.0,0.0,,en,,,,,,,,,,,,
tweet-285761885675077632,2026-03-06 16:13:29,推特,masmithuk,'20816804,Mark Smith,原创,Mon Dec 31 14:58:37 +0000 2012,,,,,,,,,masmithuk,'20816804,Mark Smith,Mon Dec 31 14:58:37 +0000 2012,'285761885675077632,https://x.com/masmithuk/status/285761885675077632,"To all my Fans, Followers, Freaks, Family and Friends. May Twenty One Three be not quite as rubbish as the last one was.",0.0,0.0,0.0,,en,,,,,,,,,,,,
tweet-285755120799600640,2026-03-06 16:13:29,推特,masmithuk,'20816804,Mark Smith,原创,Mon Dec 31 14:31:44 +0000 2012,,,,,,,,,masmithuk,'20816804,Mark Smith,Mon Dec 31 14:31:44 +0000 2012,'285755120799600640,https://x.com/masmithuk/status/285755120799600640,@natalieeeshaw Looks a bit high tech... Happy New Year to you Nats. Have fun in Wakey,0.0,0.0,0.0,,en,,,,,,,,,,,,
tweet-1414408054267777024,2026-03-06 16:14:49,推特,lorilaw56655898,'1234402466231287808,lorilaw,原创,Mon Jul 12 02:15:33 +0000 2021,,,,,,,,,lorilaw56655898,'1234402466231287808,lorilaw,Mon Jul 12 02:15:33 +0000 2021,'1414408054267777024,https://x.com/lorilaw56655898/status/1414408054267777024,Spot #Hisense in EURO 2020.,0.0,0.0,1.0,,it,,,,,,,,,,,,
tweet-1412005393098706948,2026-03-06 16:14:49,推特,lorilaw56655898,'1234402466231287808,lorilaw,原创,Mon Jul 05 11:08:14 +0000 2021,,,,,,,,,lorilaw56655898,'1234402466231287808,lorilaw,Mon Jul 05 11:08:14 +0000 2021,'1412005393098706948,https://x.com/lorilaw56655898/status/1412005393098706948,Gewinnen Sie Unglaubliches! #HisenseAE7000F @Hisenseintl,0.0,0.0,0.0,,de,,,,,,,,,,,,
tweet-1409702234997149699,2026-03-06 16:14:49,推特,lorilaw56655898,'1234402466231287808,lorilaw,原创,Tue Jun 29 02:36:18 +0000 2021,,,,,,,,,lorilaw56655898,'1234402466231287808,lorilaw,Tue Jun 29 02:36:18 +0000 2021,'1409702234997149699,https://x.com/lorilaw56655898/status/1409702234997149699,"I support England, tonight! @HisenseIntl @HisenseUK",0.0,0.0,1.0,,en,,,,,,,,,,,,
tweet-1409335136684961792,2026-03-06 16:14:49,推特,lorilaw56655898,'1234402466231287808,lorilaw,转帖,Mon Jun 28 02:17:35 +0000 2021,,,,,,,,,HisenseIntl,'717161411567222785,HisenseInternational,Sat Jun 26 09:44:51 +0000 2021,'1408722919480446977,https://x.com/HisenseIntl/status/1408722919480446977,"#News | 'Hisense claims that during the first five months of the year, its European sales more than doubled from a year ago, helped by a surge in demand for refrigerators in France.' said @chengevelyn⬇️See more Hisense latest news below.https://t.co/sf2wc4rjsd",6.0,165.0,19.0,,en,,,,,,,,,,,,
tweet-1409332740789456896,2026-03-06 16:14:49,推特,lorilaw56655898,'1234402466231287808,lorilaw,原创,Mon Jun 28 02:08:04 +0000 2021,,,,,,,,,lorilaw56655898,'1234402466231287808,lorilaw,Mon Jun 28 02:08:04 +0000 2021,'1409332740789456896,https://x.com/lorilaw56655898/status/1409332740789456896,"#hisense euro2020, hope England would win😃",0.0,0.0,0.0,,en,,,,,,,,,,,,
tweet-1235419038974488576,2026-03-06 16:14:49,推特,lorilaw56655898,'1234402466231287808,lorilaw,原创,Thu Mar 05 04:17:06 +0000 2020,,,,,,,,,lorilaw56655898,'1234402466231287808,lorilaw,Thu Mar 05 04:17:06 +0000 2020,'1235419038974488576,https://x.com/lorilaw56655898/status/1235419038974488576,#Coronvirus Getting used to being a full-time mum and work at home.😅 https://t.co/RRdRTEzwYi,0.0,0.0,0.0,,en,,,,,,,,,,,,
tweet-1234700761751142400,2026-03-06 16:14:49,推特,lorilaw56655898,'1234402466231287808,lorilaw,原创,Tue Mar 03 04:42:55 +0000 2020,,,,,,,,,lorilaw56655898,'1234402466231287808,lorilaw,Tue Mar 03 04:42:55 +0000 2020,'1234700761751142400,https://x.com/lorilaw56655898/status/1234700761751142400,Good good luck &amp; Eat eat good  😇😍🤑🍜🥘🍲🍤 https://t.co/prCW0XVp9y,0.0,0.0,0.0,,en,,,,,,,,,,,,
tweet-2014294822975312124,2026-03-06 16:17:08,推特,KaenOuO,'1499429524286881795,Untitle,转帖,Thu Jan 22 11:11:24 +0000 2026,,,,,,,,,ots_u00,'1956381869030989824,otsu,Sun Jan 11 14:41:28 +0000 2026,'2010361424250540104,https://x.com/ots_u00/status/2010361424250540104,#ぼっち・ざ・ろっく https://t.co/iSAOt3LS1P,3.0,509.0,4125.0,50696.0,qme,,,,,,,,,,,,
tweet-2014294495878344931,2026-03-06 16:17:08,推特,KaenOuO,'1499429524286881795,Untitle,转帖,Thu Jan 22 11:10:06 +0000 2026,,,,,,,,,oekaki_bibbi,'1462403736890920963,まよ,Fri Jan 09 08:01:36 +0000 2026,'2009536017553146276,https://x.com/oekaki_bibbi/status/2009536017553146276,#ぼっち・ざ・ろっくぼ喜多 https://t.co/vQx3ZSDQJy,21.0,760.0,6120.0,88605.0,ja,,,,,,,,,,,,
tweet-2014294467713650864,2026-03-06 16:17:08,推特,KaenOuO,'1499429524286881795,Untitle,转帖,Thu Jan 22 11:09:59 +0000 2026,,,,,,,,,cs4126,'1026321775024435200,ちのすけ💎,Fri Jan 16 03:00:01 +0000 2026,'2011996835905143226,https://x.com/cs4126/status/2011996835905143226,#ぼっち・ざ・ろっく https://t.co/pEgukxA2C9,12.0,437.0,3488.0,45061.0,qme,,,,,,,,,,,,
tweet-2014294400910999853,2026-03-06 16:17:08,推特,KaenOuO,'1499429524286881795,Untitle,转帖,Thu Jan 22 11:09:43 +0000 2026,,,,,,,,,trcoot,'200068768,寺田てら,Fri Oct 17 03:42:23 +0000 2025,'1979030204346495240,https://x.com/trcoot/status/1979030204346495240,アニメ「ぼっち・ざ・ろっく！」の店頭くじのイラストを描かせていただきました🎸https://t.co/u6tk2gVPrt#ぼっち・ざ・ろっく #結束バンド https://t.co/vbao6haxb2,13.0,1565.0,11558.0,265636.0,ja,,,,,,,,,,,,
tweet-2014294321063923933,2026-03-06 16:17:08,推特,KaenOuO,'1499429524286881795,Untitle,转帖,Thu Jan 22 11:09:24 +0000 2026,,,,,,,,,kunikidakunio,'1993647274501840897,国木田くにお,Mon Jan 19 08:35:43 +0000 2026,'2013168483094397383,https://x.com/kunikidakunio/status/2013168483094397383,#ぼっち・ざ・ろっく https://t.co/NRpkbtMl5C,1.0,280.0,1417.0,19710.0,qme,,,,,,,,,,,,
tweet-2014293244318978360,2026-03-06 16:17:08,推特,KaenOuO,'1499429524286881795,Untitle,转帖,Thu Jan 22 11:05:07 +0000 2026,,,,,,,,,TTAMATT0,'2010751998946324480,TTAMATTO,Tue Jan 20 13:46:58 +0000 2026,'2013609198932951420,https://x.com/TTAMATT0/status/2013609198932951420,https://t.co/FYVlWhEOVx,0.0,272.0,2206.0,,zxx,,,,,,,,,,,,
tweet-2014220744511881593,2026-03-06 16:17:08,推特,KaenOuO,'1499429524286881795,Untitle,转帖,Thu Jan 22 06:17:02 +0000 2026,,,,,,,,,ex_sento,'1467869056774848512,♨,Tue Jan 20 11:46:41 +0000 2026,'2013578926191161708,https://x.com/ex_sento/status/2013578926191161708,https://t.co/gHFWEUjrlp,0.0,218.0,1105.0,,zxx,,,,,,,,,,,,
tweet-2014220729118777737,2026-03-06 16:17:08,推特,KaenOuO,'1499429524286881795,Untitle,转帖,Thu Jan 22 06:16:58 +0000 2026,,,,,,,,,17O1O,'1231289408139063296,ちぴ,Tue Jan 20 15:43:16 +0000 2026,'2013638466844926318,https://x.com/17O1O/status/2013638466844926318,https://t.co/YJvPdw9Hcj,0.0,462.0,5131.0,,zxx,,,,,,,,,,,,
tweet-2014220228214034880,2026-03-06 16:17:08,推特,KaenOuO,'1499429524286881795,Untitle,原创,Thu Jan 22 06:14:59 +0000 2026,,,,,,,,,KaenOuO,'1499429524286881795,Untitle,Thu Jan 22 06:14:59 +0000 2026,'2014220228214034880,https://x.com/KaenOuO/status/2014220228214034880,なずな https://t.co/hwupo1D2Wc,0.0,0.0,0.0,4.0,ja,,,,,,,,,,,,
tweet-2014219738667507842,2026-03-06 16:17:08,推特,KaenOuO,'1499429524286881795,Untitle,转帖,Thu Jan 22 06:13:02 +0000 2026,,,,,,,,,A_incolory,'1665916138918932480,无色诶,Tue Jan 20 13:05:02 +0000 2026,'2013598646546166108,https://x.com/A_incolory/status/2013598646546166108,#prsk_FA #宵崎奏 那么 明天的□又会是谁 https://t.co/GUenbquG3a,4.0,2390.0,12123.0,136345.0,zh,,,,,,,,,,,,
tweet-1955677856354406732,2026-03-06 16:17:08,推特,KaenOuO,'1499429524286881795,Untitle,转帖,Wed Aug 13 17:08:30 +0000 2025,,,,,,,,,oriinte,'1070122287964147712,Orinte,Mon Oct 14 08:09:11 +0000 2024,'1845738609942687930,https://x.com/oriinte/status/1845738609942687930,#prsk_FA https://t.co/4UZBVptU1p,24.0,8809.0,81735.0,901217.0,qme,,,,,,,,,,,,
tweet-1931067897428009317,2026-03-06 16:17:08,推特,KaenOuO,'1499429524286881795,Untitle,转帖,Fri Jun 06 19:17:18 +0000 2025,,,,,,,,,fragaria_sanrio,'1691641688845111296,フラガリアメモリーズ 【サンリオ公式】,Mon Feb 03 02:01:05 +0000 2025,'1886233415504330798,https://x.com/fragaria_sanrio/status/1886233415504330798,公式サイトでカレンダーオフVer.も配布中🍓🔗https://t.co/o5HO3MDHZf#フラガリアメモリーズ https://t.co/5NYjCdx37Z,0.0,61.0,455.0,58610.0,ja,,,,,,,,,,,,
tweet-1925408918597247136,2026-03-06 16:17:08,推特,KaenOuO,'1499429524286881795,Untitle,转帖,Thu May 22 04:30:33 +0000 2025,,,,,,,,,0hZI3,'1655942498773270529,お血ﾞさﾇ,Thu Dec 07 21:56:18 +0000 2023,'1732881745547297010,https://x.com/0hZI3/status/1732881745547297010,#drawluca #Briskart ⚠️🔊👂🩸 https://t.co/B5vniAMwww,12.0,3785.0,12959.0,412412.0,qme,,,,,,,,,,,,
tweet-1914608996675412156,2026-03-06 16:17:08,推特,KaenOuO,'1499429524286881795,Untitle,转帖,Tue Apr 22 09:15:31 +0000 2025,,,,,,,,,Neito1010,'1493696552413577216,Neito影千,Mon Apr 21 10:42:44 +0000 2025,'1914268558495777049,https://x.com/Neito1010/status/1914268558495777049,#Noctyx2022-2025 https://t.co/yQVxawMZ1y,70.0,6803.0,36960.0,369785.0,und,,,,,,,,,,,,
tweet-1914400390227042645,2026-03-06 16:17:08,推特,KaenOuO,'1499429524286881795,Untitle,转帖,Mon Apr 21 19:26:35 +0000 2025,,,,,,,,,violetteatelier,'1178689612199288832,SHiNZU 🚬 uni arc,Mon Apr 21 07:52:00 +0000 2025,'1914225592163274954,https://x.com/violetteatelier/status/1914225592163274954,https://t.co/ydRx3q4Rls,13.0,2466.0,11433.0,164858.0,zxx,,,,,,,,,,,,
tweet-1914399360768721233,2026-03-06 16:17:08,推特,KaenOuO,'1499429524286881795,Untitle,转帖,Mon Apr 21 19:22:30 +0000 2025,,,,,,,,,RyomaBarrenwort,'1783785579525881856,Ryoma Barrenwort 💳💨 NIJISANJI EN,Sun Apr 20 08:30:42 +0000 2025,'1913872944151073040,https://x.com/RyomaBarrenwort/status/1913872944151073040,"Needed time to form my thoughts and words, and honestly, I still feel like I don't have the right ones. Fulgur is yet another amazing person who I will always lament not having more time with to get to know better here in NIJI EN. Yet it did not require much of any time at all",56.0,1979.0,14517.0,239164.0,en,,,,,,,,,,,,
tweet-1914399075602194821,2026-03-06 16:17:08,推特,KaenOuO,'1499429524286881795,Untitle,转帖,Mon Apr 21 19:21:22 +0000 2025,,,,,,,,,lunaidyllic,'1563123195581911046,luna 🧸,Sun Apr 20 03:30:12 +0000 2025,'1913797320732524973,https://x.com/lunaidyllic/status/1913797320732524973,"🎭: im still processing things as well but the one thing i will say that 🐑 also said as well, its okay to grief. its okay to grief in your own way🎭: because obviously things are very meaningful to people. just because something is not meaningful to one person, doesnt mean its https://t.co/3ssrxfQGxs",2.0,819.0,4047.0,118374.0,en,,,,,,,,,,,,
tweet-1914398972921475123,2026-03-06 16:17:08,推特,KaenOuO,'1499429524286881795,Untitle,转帖,Mon Apr 21 19:20:57 +0000 2025,,,,,,,,,VAMichaelaLaws,'143563188,Michaela Laws 📖🖋️Storyteller,Sat Apr 19 19:19:39 +0000 2025,'1913673870105526402,https://x.com/VAMichaelaLaws/status/1913673870105526402,"You can mourn and grieve fiction. If a character had an impact on your life, you can be sad when their story ends. Don’t forget, however, to carry their good messages with you.They will live forever as real souls do as long as you hold them in your memories.",13.0,555.0,3035.0,101194.0,en,,,,,,,,,,,,
tweet-1914398869573787688,2026-03-06 16:17:08,推特,KaenOuO,'1499429524286881795,Untitle,转帖,Mon Apr 21 19:20:32 +0000 2025,,,,,,,,,nezu2434,'1474837422383190021,ネズ,Sat Apr 19 15:19:31 +0000 2025,'1913613437554528366,https://x.com/nezu2434/status/1913613437554528366,"I remember when Fuu-chan said something like 'the heart feels hollow because it was once full'. I hope comfydants can make new beautiful memories with this empty space moving forward.I may not have watched him closely but his presence is always important to me. Thank you, Fulgur",0.0,749.0,3366.0,97379.0,en,,,,,,,,,,,,
tweet-1781177031730090367,2026-03-06 16:29:15,推特,wangchunfu2008,'1663376355390783491,wang2008,原创,Fri Apr 19 04:24:31 +0000 2024,,,,,,,,,wangchunfu2008,'1663376355390783491,wang2008,Fri Apr 19 04:24:31 +0000 2024,'1781177031730090367,https://x.com/wangchunfu2008/status/1781177031730090367,$OEX Mainnet #TGE is cooking🔥Follow: 👉@openex_network @agiex_org Join: 👉 https://t.co/Xzz1P9dQKgTry: 👉 https://t.co/ci6XVRsrgu📱: 👉 https://t.co/T4L2M8138l#OpenEX e35b2989,0.0,0.0,0.0,6.0,en,,,,,,,,,,,,
tweet-1762996043858563459,2026-03-06 16:29:15,推特,wangchunfu2008,'1663376355390783491,wang2008,原创,Thu Feb 29 00:19:46 +0000 2024,,,,,,,,,wangchunfu2008,'1663376355390783491,wang2008,Thu Feb 29 00:19:46 +0000 2024,'1762996043858563459,https://x.com/wangchunfu2008/status/1762996043858563459,"🌟 @ice_blockchain $ICE 已在 #KuCoin 上市！📈 $ICE/USDT - 交易于 2 月 28 日世界标准时间上午 09:00 开放🙌 使用我的推荐代码""wang2008""加入 #Ice#IceNetwork #DecentralizedFuture",0.0,0.0,0.0,8.0,zh,,,,,,,,,,,,
tweet-1750351796328173840,2026-03-06 16:29:15,推特,wangchunfu2008,'1663376355390783491,wang2008,原创,Thu Jan 25 02:56:02 +0000 2024,,,,,,,,,wangchunfu2008,'1663376355390783491,wang2008,Thu Jan 25 02:56:02 +0000 2024,'1750351796328173840,https://x.com/wangchunfu2008/status/1750351796328173840,"🌟 #Snowman (SNOW)，@ice_blockchain 的官方模因币，在 #Uniswap 上作为公平启动发布立即交易：https://t.co/MhaSE2fJhO🙌 加入我在 #Ice ""wang2008"" 上",0.0,0.0,0.0,10.0,zh,,,,,,,,,,,,
tweet-1748515677416354076,2026-03-06 16:29:15,推特,wangchunfu2008,'1663376355390783491,wang2008,原创,Sat Jan 20 01:19:58 +0000 2024,,,,,,,,,wangchunfu2008,'1663376355390783491,wang2008,Sat Jan 20 01:19:58 +0000 2024,'1748515677416354076,https://x.com/wangchunfu2008/status/1748515677416354076,"🌟 @ice_blockchain的现货交易现在在#OKX上开放！📈 $ICE/USDT - 立即交易🙌 使用我的推荐码""wang2008""加入#Ice上的我的团队#IceNetwork #DecentralizedFuture",0.0,0.0,0.0,14.0,zh,,,,,,,,,,,,
tweet-1748513634958164286,2026-03-06 16:29:15,推特,wangchunfu2008,'1663376355390783491,wang2008,原创,Sat Jan 20 01:11:51 +0000 2024,,,,,,,,,wangchunfu2008,'1663376355390783491,wang2008,Sat Jan 20 01:11:51 +0000 2024,'1748513634958164286,https://x.com/wangchunfu2008/status/1748513634958164286,"🌟 @ice_blockchain的现货交易现在在#OKX上开放！📈 $ICE/USDT - 立即交易🙌 使用我的推荐码""wang2008""加入#Ice上的我的团队#IceNetwork #DecentralizedFuture",0.0,0.0,0.0,5.0,zh,,,,,,,,,,,,
tweet-1743083514055049608,2026-03-06 16:29:15,推特,wangchunfu2008,'1663376355390783491,wang2008,转帖,Fri Jan 05 01:34:29 +0000 2024,,,,,,,,,Beenetworkintl,'1335476755176439809,Bee Network Official,Tue Sep 26 09:13:58 +0000 2023,'1706597973646623209,https://x.com/Beenetworkintl/status/1706597973646623209,"In the past week, #BeeNetwork has unveiled a series of significant developments that the Core Team will be bringing to life in the months ahead. Always mind the details, and never forget where we began.  Once more, thank you for your unwavering support for Bee Network https://t.co/nKrfMY2uVx",15532.0,196568.0,46647.0,3557002.0,en,,,,,,,,,,,,
tweet-1743082961950445749,2026-03-06 16:29:15,推特,wangchunfu2008,'1663376355390783491,wang2008,转帖,Fri Jan 05 01:32:17 +0000 2024,,,,,,,,,ubdnet,'1591003949204750337,UBD Network,Fri Dec 15 11:34:17 +0000 2023,'1735624316102816086,https://x.com/ubdnet/status/1735624316102816086,🚀 We're Launching on @CoinMarketCapWe are officially listed on CoinMarketCap! 🙌Link: https://t.co/stzYImR7zR1) Follow the link2) Click on the “Star” to add it to your watchlist3) Share our CoinMarketCap link on your social mediaMore announcements are coming!#UBDN https://t.co/7rCuahvzI8,508.0,9824.0,1636.0,120181.0,en,,,,,,,,,,,,
tweet-1743082762892976239,2026-03-06 16:29:15,推特,wangchunfu2008,'1663376355390783491,wang2008,转帖,Fri Jan 05 01:31:30 +0000 2024,,,,,,,,,ubdnet,'1591003949204750337,UBD Network,Wed Dec 13 10:24:58 +0000 2023,'1734882093862134255,https://x.com/ubdnet/status/1734882093862134255,❓ How to buy UBDN on @XTexchange crypto exchange!Article Guide on Medium: https://t.co/7WraMubfVDVideo Guide on Youtube: https://t.co/lkeaakp6hUIf you still have any questions feel free to ask us!#web3 #ubdn #xtcom https://t.co/eAWrQbMl1F,121.0,663.0,872.0,25000.0,en,,,,,,,,,,,,
tweet-1739629834018722176,2026-03-06 16:29:15,推特,wangchunfu2008,'1663376355390783491,wang2008,原创,Tue Dec 26 12:50:47 +0000 2023,,,,,,,,,wangchunfu2008,'1663376355390783491,wang2008,Tue Dec 26 12:50:47 +0000 2023,'1739629834018722176,https://x.com/wangchunfu2008/status/1739629834018722176,"✅ 使用昵称 ""wang2008"" 验证我的 @ice_blockchain 帐户👉 了解更多关于 #IceNetwork 正在构建的 ""去中心化未来""。👇#Ethereum #Uniswap #Binance #HTX #KuCoin #OKX #ByBit #Gateio #Upbit",0.0,0.0,0.0,6.0,zh,,,,,,,,,,,,
tweet-1739627532935463059,2026-03-06 16:29:15,推特,wangchunfu2008,'1663376355390783491,wang2008,原创,Tue Dec 26 12:41:39 +0000 2023,,,,,,,,,wangchunfu2008,'1663376355390783491,wang2008,Tue Dec 26 12:41:39 +0000 2023,'1739627532935463059,https://x.com/wangchunfu2008/status/1739627532935463059,"👉 了解更多关于 #IceNetwork 正在构建的 ""去中心化未来""。👇#Ethereum #Uniswap #Binance #HTX #KuCoin #OKX #ByBit #Gateio #Upbit",0.0,0.0,0.0,4.0,zh,,,,,,,,,,,,
tweet-1736310247340597272,2026-03-06 16:29:15,推特,wangchunfu2008,'1663376355390783491,wang2008,原创,Sun Dec 17 08:59:56 +0000 2023,,,,,,,,,wangchunfu2008,'1663376355390783491,wang2008,Sun Dec 17 08:59:56 +0000 2023,'1736310247340597272,https://x.com/wangchunfu2008/status/1736310247340597272,"🔥 #Avive KYC Phase One is now live. Submit your OKX UID to join.💪 Jump on board and strengthen your crypto journey with #Avive, in partnership with @OKX and @OKXWeb3 https://t.co/3A0YYcqCSu",0.0,0.0,0.0,4.0,en,,,,,,,,,,,,
tweet-1736310246786953415,2026-03-06 16:29:15,推特,wangchunfu2008,'1663376355390783491,wang2008,原创,Sun Dec 17 08:59:56 +0000 2023,,,,,,,,,wangchunfu2008,'1663376355390783491,wang2008,Sun Dec 17 08:59:56 +0000 2023,'1736310246786953415,https://x.com/wangchunfu2008/status/1736310246786953415,"✅ Just submitted my #OKX UID for #Avive KYC Phase One.️⚡ Thanks to @okx and @okxweb3, I’m quickly moving to Phase Two. Let’s dive into the dynamic world of Web3 together with #Avive! https://t.co/3A0YYcqCSu",0.0,0.0,0.0,3.0,en,,,,,,,,,,,,
tweet-1736291909256315380,2026-03-06 16:29:15,推特,wangchunfu2008,'1663376355390783491,wang2008,原创,Sun Dec 17 07:47:04 +0000 2023,,,,,,,,,wangchunfu2008,'1663376355390783491,wang2008,Sun Dec 17 07:47:04 +0000 2023,'1736291909256315380,https://x.com/wangchunfu2008/status/1736291909256315380,🔥#Avive is set to be listed on #OKX . 👉Have you completed KYC Phase Two yet? Don't miss out on this revolutionary opportunity – join now!#AviveWorld #AviveKYC #AviveTestnet  #AviveCitizenshttps://t.co/uGlysp8BQk,0.0,0.0,0.0,3.0,en,,,,,,,,,,,,
tweet-1736291903371681836,2026-03-06 16:29:15,推特,wangchunfu2008,'1663376355390783491,wang2008,原创,Sun Dec 17 07:47:03 +0000 2023,,,,,,,,,wangchunfu2008,'1663376355390783491,wang2008,Sun Dec 17 07:47:03 +0000 2023,'1736291903371681836,https://x.com/wangchunfu2008/status/1736291903371681836,"✅ Just submitted my #OKX UID for #Avive KYC Phase One.️⚡ Thanks to @okx and @okxweb3, I’m quickly moving to Phase Two. Let’s dive into the dynamic world of Web3 together with #Avive! #AviveCitizens #AviveTestnet #AviveKYC #AviveWorld https://t.co/3A0YYcqCSu",0.0,0.0,0.0,3.0,en,,,,,,,,,,,,
tweet-1733064457465778378,2026-03-06 16:29:15,推特,wangchunfu2008,'1663376355390783491,wang2008,原创,Fri Dec 08 10:02:20 +0000 2023,,,,,,,,,wangchunfu2008,'1663376355390783491,wang2008,Fri Dec 08 10:02:20 +0000 2023,'1733064457465778378,https://x.com/wangchunfu2008/status/1733064457465778378,嗨，☃️ 雪人！加入我的 ice 团队，使用我的推荐码注册即可获得 10 个 ice 硬币： https://t.co/2eneUeSSa3,0.0,0.0,0.0,2.0,zh,,,,,,,,,,,,
tweet-1705763879169732986,2026-03-06 16:29:15,推特,wangchunfu2008,'1663376355390783491,wang2008,原创,Sun Sep 24 01:59:35 +0000 2023,,,,,,,,,wangchunfu2008,'1663376355390783491,wang2008,Sun Sep 24 01:59:35 +0000 2023,'1705763879169732986,https://x.com/wangchunfu2008/status/1705763879169732986,嗨，☃️ 雪人！加入我的 ice 团队，使用我的推荐码注册即可获得 10 个 ice 硬币： https://t.co/2eneUeSSa3,0.0,0.0,0.0,1.0,zh,,,,,,,,,,,,
tweet-1671722785813704704,2026-03-06 16:29:15,推特,wangchunfu2008,'1663376355390783491,wang2008,转帖,Thu Jun 22 03:32:25 +0000 2023,,,,,,,,,BSC_Drop,'1552431695428591616,.,Wed Jun 21 12:49:34 +0000 2023,'1671500607033835520,https://x.com/BSC_Drop/status/1671500607033835520,"You will receive $2000.00 $USDC in your wallet, just like, follow and rt, Retweet pinned 📌 post and Join TG.Drop your BNB (Bep20) wallet address👇👇👇 https://t.co/wJgZZ3I9yC",4199.0,2703.0,3664.0,275610.0,en,,,,,,,,,,,,
tweet-2021095225725444513,2026-03-06 16:30:55,推特,ckf899,'1512835288430948354,x十xx,转帖,Tue Feb 10 05:33:46 +0000 2026,,,,,,,,,Cryptoissocool,'1753377217131024384,加密货币很酷,Mon Feb 09 05:30:34 +0000 2026,'2020732033975365873,https://x.com/Cryptoissocool/status/2020732033975365873,幸运大抽奖：赠送 #GM 币了参与条件：关注 + 点赞 + 转发评论区留下你们的 BNB地址！任何人都可以赢2次以上，只要多参与24小时截止！祝各位好运！#binance https://t.co/hhslS2bn4x,50.0,36.0,46.0,1599.0,zh,,,,,,,,,,,,
tweet-2017620205447659763,2026-03-06 16:30:55,推特,ckf899,'1512835288430948354,x十xx,转帖,Sat Jan 31 15:25:17 +0000 2026,,,,,,,,,BeeNetwork_KYC,'1811459773050535936,Bee Network KYC,Sat Jan 31 12:37:04 +0000 2026,'2017577873994133760,https://x.com/BeeNetwork_KYC/status/2017577873994133760,🔴 1000$ USDT Giveaway 🔴⚡ Participate in the 1000 USDT Giveaway!I’m giving free USDT to 2 lucky follower who completes these tasks 👇🔶 Follow @BeeNetwork_KYC🔶 Follow @Crypto_W3b🔶 Repost 🔁 &amp; tag 2 friends🔶 Comment 💬 below⏳ 2nd Weekend Giveaway Ends in 24 Hours! https://t.co/FCWRwCV4Gp,1465.0,1266.0,1667.0,104545.0,en,,,,,,,,,,,,
tweet-2017617660268142929,2026-03-06 16:30:55,推特,ckf899,'1512835288430948354,x十xx,转帖,Sat Jan 31 15:15:10 +0000 2026,,,,,,,,,BNBtugou,'1950016588939481088,土狗砖石手🔶BNB,Fri Jan 30 03:45:23 +0000 2026,'2017081682550280315,https://x.com/BNBtugou/status/2017081682550280315,行情太枯了，大家也被割麻了吧，今日福利 #爱你老几空投3万枚 #爱你老己 评论区抽取10位幸运者，每人3000枚（价值1.4U）只需要关注 @BNBtugou ，评论，转发，点赞，评论区留下你的BSC地址即可ca：0x14bf16f280696ec4431f2579309e865693964444 https://t.co/do8C89MJRv,227.0,162.0,194.0,8760.0,zh,,,,,,,,,,,,
tweet-2017617225058763193,2026-03-06 16:30:55,推特,ckf899,'1512835288430948354,x十xx,转帖,Sat Jan 31 15:13:26 +0000 2026,,,,,,,,,yazcapital,'1590293811112075264,YAZ,Fri Jan 30 15:37:01 +0000 2026,'2017260770376003713,https://x.com/yazcapital/status/2017260770376003713,"💸$22000 #GIVEAWAY I’ll pick 10 people from the comments to send $2000 each. Results with proof in 24 hours. 🤝Just like, comment, repost and follow https://t.co/cCZYPClbSr",995.0,489.0,980.0,57229.0,en,,,,,,,,,,,,
tweet-2017616262898033041,2026-03-06 16:30:55,推特,ckf899,'1512835288430948354,x十xx,转帖,Sat Jan 31 15:09:37 +0000 2026,,,,,,,,,andrefang2,'891677505945427969,Moonless 🚀CCC,Sat Jan 31 10:02:13 +0000 2026,'2017538904749134185,https://x.com/andrefang2/status/2017538904749134185,"留下BSC地址  隨機為20人發放NIAO幣  每人5000萬枚 (因為上則超發了) 記得追蹤，喜歡，跟分享。  Leave bsc address.   Randomly pick 20 people,everyone get 50 million.   Must follow, like,re-tweet.   0xde6e12bdb2062dc48b409f0086219464a0c317a0",132.0,74.0,100.0,4580.0,zh,,,,,,,,,,,,
tweet-2017615507927539761,2026-03-06 16:30:55,推特,ckf899,'1512835288430948354,x十xx,转帖,Sat Jan 31 15:06:37 +0000 2026,,,,,,,,,JenSenhjj6,'385598126,💩屎粑粑,Fri Jan 30 16:15:54 +0000 2026,'2017270558426288385,https://x.com/JenSenhjj6/status/2017270558426288385,💩蓝V互关！必回！关注+转载，屎粑粑币空投免费送！元老身份锁定，后续福利优先享！留你的BSC链地址，坐等空投到账！币安上线在即，这波不上车，拍断大腿都没用🚀 冲！ https://t.co/Da4y2LFS7G,144.0,56.0,108.0,5147.0,zh,,,,,,,,,,,,
tweet-2017614900437098912,2026-03-06 16:30:55,推特,ckf899,'1512835288430948354,x十xx,转帖,Sat Jan 31 15:04:12 +0000 2026,,,,,,,,,BanditBNT,'2007023767860678656,BANDIT,Sat Jan 31 09:12:12 +0000 2026,'2017526317168676865,https://x.com/BanditBNT/status/2017526317168676865,"DROP YOUR $SOL ADDRESS FOR $50,000 BNTAIRDROP STILL LIVE 🔥PRE LISTING DATE: FEB 3TO GET YOURS:✅ Follow @BanditBNT ✅ Rt + Like ❤✅ Comment $SOL address 👇#SolanaAirdrop #Solana https://t.co/QkTiq7gSxe",176.0,128.0,148.0,5023.0,en,,,,,,,,,,,,
tweet-2017512695453589979,2026-03-06 16:30:55,推特,ckf899,'1512835288430948354,x十xx,转帖,Sat Jan 31 08:18:04 +0000 2026,,,,,,,,,MaskedCyras,'1692084895168819200,CYRAS 🎭,Sat Jan 31 06:46:39 +0000 2026,'2017489686281818514,https://x.com/MaskedCyras/status/2017489686281818514,Gm Family ❤️$50 $Sol giveaway - Follow @MaskedCyras + (🔔)- Like &amp; Rt - ⁠Drop $Sol address ⏰ 10 hours be quick. https://t.co/mO5f3NLLAZ,204.0,162.0,199.0,7576.0,en,,,,,,,,,,,,
tweet-2017510723166081277,2026-03-06 16:30:55,推特,ckf899,'1512835288430948354,x十xx,转帖,Sat Jan 31 08:10:14 +0000 2026,,,,,,,,,petrakova788,'3026954442,Crypto Kova,Tue Jan 13 12:04:04 +0000 2026,'2011046585564827975,https://x.com/petrakova788/status/2011046585564827975,"Congratulations! You've been randomly selected as a winner in our coin giveaway powered by Solana! You've won $2,500 worth of $ASTER, To claim your airdrop Follow, Retweet, and Send us a DM with your $ETH wallet address.",0.0,3.0,2.0,3321.0,en,,,,,,,,,,,,
tweet-2017509268723990622,2026-03-06 16:30:55,推特,ckf899,'1512835288430948354,x十xx,转帖,Sat Jan 31 08:04:27 +0000 2026,,,,,,,,,kikihongkong,'1856307848072048642,诗涵KiKi Bluebird🕊️,Fri Jan 30 03:12:46 +0000 2026,'2017073474959987074,https://x.com/kikihongkong/status/2017073474959987074,"[今日密码] 如何寻找Alpha空投机会？行情不断，空投不断，今天继续空投，抽奖🎟️ 抽奖.✅只要你一键三连并关注我🤝❤️♻️✅评论区留下您的BSC地址或 币安UID🔔✅随机为发放 $BTTC ₿💹只要你一件三连并关注我, 我就会为你送出 666 的 $BTTC ₿💹除此外抽几个人再送 888 的 $BTTC ₿ 在 Telegram https://t.co/ppx1LZqOT2",119.0,81.0,104.0,3481.0,zh,,,,,,,,,,,,
tweet-2017047941358223399,2026-03-06 16:30:55,推特,ckf899,'1512835288430948354,x十xx,转帖,Fri Jan 30 01:31:18 +0000 2026,,,,,,,,,princexsol,'3092139927,prince,Thu Jan 29 13:18:30 +0000 2026,'2016863524492898656,https://x.com/princexsol/status/2016863524492898656,"GOLD JUST HIT $5,500 🚀As promised, I’m giving away 1oz gold bars to 10 people(~$5,500 each)To enter:• Like this tweet• Reply “DONE”• Follow @princexsol @grok pick 5 random winners in 24 hours.  Let’s go 🔥 https://t.co/Y1EuxSRPDY",1010.0,386.0,1178.0,72931.0,en,,,,,,,,,,,,
tweet-2017047002308125094,2026-03-06 16:30:55,推特,ckf899,'1512835288430948354,x十xx,转帖,Fri Jan 30 01:27:34 +0000 2026,,,,,,,,,wwww3566,'1802757844665794560,辉总大道资本,Thu Jan 29 10:34:12 +0000 2026,'2016822177908285530,https://x.com/wwww3566/status/2016822177908285530,🔥 第三期 USDT 空投抽奖来袭！第一期 3 位中奖者已全部收到钱包到账（真实链上转账，绝不套路）！这次直接送 3×99 USDT = 297 USDT 现金，等你白嫖！规则超简单，3 步就能参与 👇参与方式（缺一不可）：1️⃣ 关注我（不关注直接pass）2️⃣ 点赞 + 评论（随便打个“冲”“参加”“USDT”都行）3️⃣,238.0,161.0,185.0,14526.0,zh,,,,,,,,,,,,
tweet-2017046126034125285,2026-03-06 16:30:55,推特,ckf899,'1512835288430948354,x十xx,转帖,Fri Jan 30 01:24:06 +0000 2026,,,,,,,,,rami_hashimi,'1645990052,🇦🇪 Rami Al-Hashimi رامي الهاشمي,Thu Jan 29 08:01:48 +0000 2026,'2016783826052059637,https://x.com/rami_hashimi/status/2016783826052059637,"I will change someone's life sending 150 $SOL (~$24,000) 🫰Just like, retweet and comment 'done'.Random winner in 24hrs. https://t.co/t7RtyA6641",1749.0,1092.0,2011.0,208742.0,en,,,,,,,,,,,,
tweet-2017045573543616970,2026-03-06 16:30:55,推特,ckf899,'1512835288430948354,x十xx,转帖,Fri Jan 30 01:21:54 +0000 2026,,,,,,,,,PiLordd,'1801322465924194304,Chain_Lord 🇳🇬,Thu Jan 29 21:42:46 +0000 2026,'2016990429053333859,https://x.com/PiLordd/status/2016990429053333859,@BDCryptoGuru If you do amMake I sleep no wake up https://t.co/UbswFAfqLN,2.0,1.0,4.0,1272.0,en,,,,,,,,,,,,
tweet-2017043866130526222,2026-03-06 16:30:55,推特,ckf899,'1512835288430948354,x十xx,转帖,Fri Jan 30 01:15:07 +0000 2026,,,,,,,,,kikihongkong,'1856307848072048642,诗涵KiKi Bluebird🕊️,Thu Jan 29 02:49:34 +0000 2026,'2016705247532798170,https://x.com/kikihongkong/status/2016705247532798170,"[财富密码] 如何发掘并参与Alpha项目？行情不断，空投不断，今天继续空投，抽奖🎟️ 抽奖.✅只要你一键三连并关注我🤝❤️♻️✅评论区留下您的BSC地址🔔✅随机为100人发放 $ 狗狗币🐶💹只要你一件三连并关注我, 我就会为你送出 100的 $狗狗币🐶💹除此外抽几个人再送 1000的 $狗狗币 🐶在 Telegram https://t.co/fOgqzEU3Cs",170.0,92.0,138.0,5067.0,zh,,,,,,,,,,,,
tweet-2016699004193505447,2026-03-06 16:30:55,推特,ckf899,'1512835288430948354,x十xx,转帖,Thu Jan 29 02:24:45 +0000 2026,,,,,,,,,GateVIP_zh,'1532019165292208128,Gate VIP,Wed Jan 28 08:45:56 +0000 2026,'2016432545102233915,https://x.com/GateVIP_zh/status/2016432545102233915,🎁岁礼臻选，敬呈贵客。Gate VIP献上新岁心意——3份Gate新春礼盒送给幸运的你，为你的新年增添喜悦。参加方式：1️⃣关注@GateVIP_zh2️⃣转发此推文3️⃣在评论中写下你的新春祝福活动时间：2026年1月28日 - 2026年2月2日🧨这份新春限定，只为最珍贵的你！#GateVIP #NewYear2026 https://t.co/a22rLmK93T,360.0,298.0,336.0,13303.0,zh,,,,,,,,,,,,
tweet-2016697663555580273,2026-03-06 16:30:55,推特,ckf899,'1512835288430948354,x十xx,转帖,Thu Jan 29 02:19:26 +0000 2026,,,,,,,,,sh2294558727241,'1928325937621319681,是老鼠,Wed Jan 28 10:56:23 +0000 2026,'2016465371872850054,https://x.com/sh2294558727241/status/2016465371872850054,抽20个钱包获得 3000个中文狗狗币价值3usdt只需留下你的地址bsc转发♻️并点赞❤️ 🔔即可。0xb05678ed0c9559955559de864829a0c8af574444https://t.co/L1nOTfyyVR,211.0,157.0,219.0,9727.0,zh,,,,,,,,,,,,
tweet-2016697342708044279,2026-03-06 16:30:55,推特,ckf899,'1512835288430948354,x十xx,转帖,Thu Jan 29 02:18:09 +0000 2026,,,,,,,,,h8533987666153,'1761995336225333248,辞职炒币（趋势交易）,Wed Jan 28 13:24:39 +0000 2026,'2016502683629478163,https://x.com/h8533987666153/status/2016502683629478163,不好意思哈忘记录屏了，最近太忙了，搞的一些黑粉以为我是P图哈哈，本人一直推特公开发帖开单战绩可查哈，另外接上条，抽三个200U红包，只给TRX地址的，在点赞评论转帖的粉丝里面抽！ https://t.co/Hi45brUIvs,233.0,161.0,221.0,27702.0,zh,,,,,,,,,,,,
tweet-1837047142143381733,2026-03-06 16:42:47,推特,Roy807117148,'758511934085795840,Michael Chen,原创,Fri Sep 20 08:32:24 +0000 2024,,,,,,,,,Roy807117148,'758511934085795840,Michael Chen,Fri Sep 20 08:32:24 +0000 2024,'1837047142143381733,https://x.com/Roy807117148/status/1837047142143381733,"Hope to be more ready for the rest of tough life, don't play trick on the loan , don't try to move the painful inadvance from 30years late, we are now enjoy the life as we can, don't ruin it",0.0,0.0,0.0,7.0,en,,,,,,,,,,,,
tweet-1834850093851459893,2026-03-06 16:42:47,推特,Roy807117148,'758511934085795840,Michael Chen,原创,Sat Sep 14 07:02:06 +0000 2024,,,,,,,,,Roy807117148,'758511934085795840,Michael Chen,Sat Sep 14 07:02:06 +0000 2024,'1834850093851459893,https://x.com/Roy807117148/status/1834850093851459893,"you can not pay for the dinner for your customers, what do your company think about that",0.0,0.0,0.0,6.0,en,,,,,,,,,,,,
tweet-1831877780444999958,2026-03-06 16:42:47,推特,Roy807117148,'758511934085795840,Michael Chen,原创,Fri Sep 06 02:11:12 +0000 2024,,,,,,,,,Roy807117148,'758511934085795840,Michael Chen,Fri Sep 06 02:11:12 +0000 2024,'1831877780444999958,https://x.com/Roy807117148/status/1831877780444999958,# Human should be keep a low-key life to achieve higher happy thing ?,0.0,0.0,0.0,7.0,en,,,,,,,,,,,,
tweet-1831571392997077024,2026-03-06 16:42:47,推特,Roy807117148,'758511934085795840,Michael Chen,原创,Thu Sep 05 05:53:43 +0000 2024,,,,,,,,,Roy807117148,'758511934085795840,Michael Chen,Thu Sep 05 05:53:43 +0000 2024,'1831571392997077024,https://x.com/Roy807117148/status/1831571392997077024,"someone had played the role that kill your time, it  should be the bastard who never back to you",0.0,0.0,0.0,4.0,en,,,,,,,,,,,,
tweet-1024105671258726400,2026-03-06 16:42:47,推特,Roy807117148,'758511934085795840,Michael Chen,原创,Tue Jul 31 01:33:13 +0000 2018,,,,,,,,,Roy807117148,'758511934085795840,Michael Chen,Tue Jul 31 01:33:13 +0000 2018,'1024105671258726400,https://x.com/Roy807117148/status/1024105671258726400,Check out @pandadoc - the complete solution for client-facing #salesdocuments Love it! https://t.co/9ZOZW0mdXb,0.0,0.0,0.0,,en,,,,,,,,,,,,
tweet-952798722613587968,2026-03-06 16:42:47,推特,Roy807117148,'758511934085795840,Michael Chen,原创,Mon Jan 15 07:04:52 +0000 2018,,,,,,,,,Roy807117148,'758511934085795840,Michael Chen,Mon Jan 15 07:04:52 +0000 2018,'952798722613587968,https://x.com/Roy807117148/status/952798722613587968,https://t.co/53bAXrtx1B,0.0,0.0,0.0,,zxx,,,,,,,,,,,,
tweet-945475000684834818,2026-03-06 16:42:47,推特,Roy807117148,'758511934085795840,Michael Chen,原创,Tue Dec 26 02:03:00 +0000 2017,,,,,,,,,Roy807117148,'758511934085795840,Michael Chen,Tue Dec 26 02:03:00 +0000 2017,'945475000684834818,https://x.com/Roy807117148/status/945475000684834818,"In fact, I had a bad beginning of my career, and now I had a bad financial situation, I borrow money from the bank, and ruining my credit now. I never fare about I will die from starvation, poor or anything, I am tough enough to my trip to die #KobeBryant",0.0,0.0,0.0,,en,,,,,,,,,,,,
tweet-856793376670195712,2026-03-06 16:42:47,推特,Roy807117148,'758511934085795840,Michael Chen,原创,Tue Apr 25 08:53:54 +0000 2017,,,,,,,,,Roy807117148,'758511934085795840,Michael Chen,Tue Apr 25 08:53:54 +0000 2017,'856793376670195712,https://x.com/Roy807117148/status/856793376670195712,"You  May ask for help here if you flame-out on the road, or your phone battery is going to dead#eps-cn.net# send your inquiry here, let's go https://t.co/yFnbt3qup4",0.0,0.0,0.0,,en,,,,,,,,,,,,
tweet-761042820299829248,2026-03-06 16:42:47,推特,Roy807117148,'758511934085795840,Michael Chen,原创,Thu Aug 04 03:35:22 +0000 2016,,,,,,,,,Roy807117148,'758511934085795840,Michael Chen,Thu Aug 04 03:35:22 +0000 2016,'761042820299829248,https://x.com/Roy807117148/status/761042820299829248,"14000mAh power bank, more function now, it can start the car when the battery dead, and all apply to the motorcycle, https://t.co/mCjdAiwaQp",0.0,1.0,21.0,,en,,,,,,,,,,,,
tweet-758602278391525376,2026-03-06 16:42:47,推特,Roy807117148,'758511934085795840,Michael Chen,原创,Thu Jul 28 09:57:31 +0000 2016,,,,,,,,,Roy807117148,'758511934085795840,Michael Chen,Thu Jul 28 09:57:31 +0000 2016,'758602278391525376,https://x.com/Roy807117148/status/758602278391525376,Try to copy the way she said and get my English level higher#come on https://t.co/lOB6IArvUD,0.0,0.0,1.0,,en,,,,,,,,,,,,
tweet-758590678091706368,2026-03-06 16:42:47,推特,Roy807117148,'758511934085795840,Michael Chen,原创,Thu Jul 28 09:11:26 +0000 2016,,,,,,,,,Roy807117148,'758511934085795840,Michael Chen,Thu Jul 28 09:11:26 +0000 2016,'758590678091706368,https://x.com/Roy807117148/status/758590678091706368,How to get a nice sun glass,0.0,0.0,0.0,,en,,,,,,,,,,,,
tweet-2027218156608229796,2026-03-06 16:43:30,推特,Eris_Huli,'4907819315,Eris_Huli,转帖,Fri Feb 27 03:04:07 +0000 2026,,,,,,,,,tansuangaitiex2,'1546362073025654785,碳酸钙钙鲨,Thu Feb 19 16:39:53 +0000 2026,'2024524351513776407,https://x.com/tansuangaitiex2/status/2024524351513776407,Marry me！！！ https://t.co/VFctT2MwjH,21.0,102.0,860.0,27538.0,en,,,,,,,,,,,,
tweet-1990947124293570692,2026-03-06 16:43:30,推特,Eris_Huli,'4907819315,Eris_Huli,转帖,Wed Nov 19 00:55:59 +0000 2025,,,,,,,,,kazi_r18,'1306453283582562306,咔吱🔞,Wed Nov 12 06:18:25 +0000 2025,'1988491553220821221,https://x.com/kazi_r18/status/1988491553220821221,🌸✨双杯樱花特调✨🍧感谢🦊@Eris_Huli 和🌸@xiaojiu_QuQ 的委托#furry #r18 #nsfw #ケモノ #メスケモ https://t.co/OMdXfwvgck,8.0,136.0,1706.0,39654.0,zh,,,,,,,,,,,,
tweet-1980843494697840752,2026-03-06 16:43:30,推特,Eris_Huli,'4907819315,Eris_Huli,转帖,Wed Oct 22 03:47:46 +0000 2025,,,,,,,,,StarryDragonXy,'856570284387606528,星翊小白龙✨,Mon Oct 20 05:57:32 +0000 2025,'1980151377503670460,https://x.com/StarryDragonXy/status/1980151377503670460,抱住我的大yi巴📷：@pio1840708 https://t.co/OZUhBJcV9K,5.0,20.0,284.0,10738.0,ja,,,,,,,,,,,,
tweet-1939216797041062235,2026-03-06 16:43:30,推特,Eris_Huli,'4907819315,Eris_Huli,转帖,Sun Jun 29 06:58:07 +0000 2025,,,,,,,,,TASshayu,'1918531568571957249,TAS兽化工作室,Fri Jun 27 15:26:50 +0000 2025,'1938620040045355090,https://x.com/TASshayu/status/1938620040045355090,😈贪吃小恶魔😈系列：  SUPER TASID：      罗赛特简介：  躲在人群里的贪吃小恶魔X设主：  @Re12035023 https://t.co/nn4lyNaYUy,3.0,46.0,334.0,35562.0,zh,,,,,,,,,,,,
tweet-1906380203372483071,2026-03-06 16:43:30,推特,Eris_Huli,'4907819315,Eris_Huli,转帖,Sun Mar 30 16:17:13 +0000 2025,,,,,,,,,tansuangaitiex2,'1546362073025654785,碳酸钙钙鲨,Sun Mar 30 16:00:19 +0000 2025,'1906375948942938141,https://x.com/tansuangaitiex2/status/1906375948942938141,《鲨鱼教父的产品宣传》以及产品说明附录我的！喜欢！转发！关注！呢？！ https://t.co/1ucl96PpYW,48.0,198.0,1558.0,82652.0,zh,,,,,,,,,,,,
tweet-1905284303510233432,2026-03-06 16:43:30,推特,Eris_Huli,'4907819315,Eris_Huli,转帖,Thu Mar 27 15:42:31 +0000 2025,,,,,,,,,tansuangaitiex2,'1546362073025654785,碳酸钙钙鲨,Thu Mar 27 15:16:12 +0000 2025,'1905277682243502547,https://x.com/tansuangaitiex2/status/1905277682243502547,以及非常美丽的线条@Night1924 感谢为小羊破处的白夜梦小姐 https://t.co/910xmDYLzo,3.0,11.0,167.0,14293.0,zh,,,,,,,,,,,,
tweet-1905284291028034009,2026-03-06 16:43:30,推特,Eris_Huli,'4907819315,Eris_Huli,转帖,Thu Mar 27 15:42:28 +0000 2025,,,,,,,,,tansuangaitiex2,'1546362073025654785,碳酸钙钙鲨,Thu Mar 27 15:19:26 +0000 2025,'1905278497825952041,https://x.com/tansuangaitiex2/status/1905278497825952041,新设定！是鲨鱼黑帮的管家。名字叫做“Arnel阿内尔” https://t.co/EoQ8AVoxVk,7.0,15.0,233.0,19674.0,zh,,,,,,,,,,,,
tweet-1496136837676810242,2026-03-06 16:43:30,推特,Eris_Huli,'4907819315,Eris_Huli,转帖,Tue Feb 22 14:56:33 +0000 2022,,,,,,,,,steviefeesh,'979357848445468674,"stevie ⭐️ ▶️ LVFC, FWA",Wed Jan 12 04:35:12 +0000 2022,'1481122565544308738,https://x.com/steviefeesh/status/1481122565544308738,"OH it's another #PortfolioDay ! :}I'm Stevie, a passionate freelance illustrator from Malaysia! 🇲🇾 I love drawing colorful scenes and I'd love to work in animation and games someday! 🌸✨✉️stevie.choo26@gmail.com🎨https://t.co/BvzWMQiKOa https://t.co/wkskqrl3j8",40.0,669.0,3428.0,,en,,,,,,,,,,,,
tweet-1349294770447740932,2026-03-06 16:43:30,推特,Eris_Huli,'4907819315,Eris_Huli,转帖,Wed Jan 13 09:58:36 +0000 2021,,,,,,,,,kryssalian,'1144319308895596545,Kryssalian,Tue Jan 12 23:21:54 +0000 2021,'1349134539919077378,https://x.com/kryssalian/status/1349134539919077378,"#PortfolioDay  o/ I'm Kryssalian a French pixel artist making loop animations with different durations, so they don't match together 🤓 https://t.co/GaLatZ8vAF",193.0,3296.0,16224.0,,en,,,,,,,,,,,,
tweet-1311330313700687873,2026-03-06 16:43:30,推特,Eris_Huli,'4907819315,Eris_Huli,转帖,Wed Sep 30 15:41:24 +0000 2020,,,,,,,,,patoric_touhou,'306806928,パトリック🍬,Wed Sep 30 13:07:09 +0000 2020,'1311291494221840384,https://x.com/patoric_touhou/status/1311291494221840384,今日のフェネック🦊＃井の頭自然文化園＃フェネック https://t.co/4voIX4qHLL,0.0,14.0,72.0,,ja,,,,,,,,,,,,
tweet-1244972922571075584,2026-03-06 16:43:30,推特,Eris_Huli,'4907819315,Eris_Huli,转帖,Tue Mar 31 13:00:49 +0000 2020,,,,,,,,,Crittermatic,'902587905872408576,Crittermatic,Sat Mar 07 22:02:54 +0000 2020,'1236412031609253888,https://x.com/Crittermatic/status/1236412031609253888,Feeling Breezy4K version available on Patreon https://t.co/IRk0g5Q63z https://t.co/6LRpxcUZbP,13.0,72.0,795.0,,en,,,,,,,,,,,,
tweet-1239519133345054721,2026-03-06 16:43:30,推特,Eris_Huli,'4907819315,Eris_Huli,原创,Mon Mar 16 11:49:25 +0000 2020,,,,,,,,,Eris_Huli,'4907819315,Eris_Huli,Mon Mar 16 11:49:25 +0000 2020,'1239519133345054721,https://x.com/Eris_Huli/status/1239519133345054721,This is not the end we want！😭😭😭,1.0,0.0,2.0,,en,,,,,,,,,,,,
tweet-733277293959741440,2026-03-06 16:43:30,推特,Eris_Huli,'4907819315,Eris_Huli,转帖,Thu May 19 12:45:05 +0000 2016,,,,,,,,,bulllllion,'70405067,ばるらいおん🫠,Sat May 14 04:44:28 +0000 2016,'731344405580251136,https://x.com/bulllllion/status/731344405580251136,本日のルーフェンとわたし♡ inデザフェス43 https://t.co/EM0T0B1zAt,4.0,16.0,64.0,,ja,,,,,,,,,,,,
tweet-733276632568324096,2026-03-06 16:43:30,推特,Eris_Huli,'4907819315,Eris_Huli,转帖,Thu May 19 12:42:27 +0000 2016,,,,,,,,,RadyWolf,'112337776,Rady❄️✨,Thu May 19 12:41:54 +0000 2016,'733276494403768321,https://x.com/RadyWolf/status/733276494403768321,きつね黒on白 https://t.co/nTmNWqCt8e,9.0,23.0,139.0,,ja,,,,,,,,,,,,
tweet-724402888366157824,2026-03-06 16:43:30,推特,Eris_Huli,'4907819315,Eris_Huli,转帖,Mon Apr 25 01:01:21 +0000 2016,,,,,,,,,kitunegazou,'3108200539,狐画像,Sun Apr 24 16:29:37 +0000 2016,'724274103297806338,https://x.com/kitunegazou/status/724274103297806338,https://t.co/8AZp2Mp3NO,0.0,16.0,17.0,,zxx,,,,,,,,,,,,
tweet-1953240947518804129,2026-03-06 16:44:58,推特,2369494759Vv,'1940794420682797056,吃吃吃吃VV,原创,Wed Aug 06 23:45:06 +0000 2025,,,,,,,,,2369494759Vv,'1940794420682797056,吃吃吃吃VV,Wed Aug 06 23:45:06 +0000 2025,'1953240947518804129,https://x.com/2369494759Vv/status/1953240947518804129,湿身第五天 https://t.co/eDBs86glsL,0.0,0.0,0.0,113.0,ja,,,,,,,,,,,,
tweet-1952564697280221366,2026-03-06 16:44:58,推特,2369494759Vv,'1940794420682797056,吃吃吃吃VV,原创,Tue Aug 05 02:57:55 +0000 2025,,,,,,,,,2369494759Vv,'1940794420682797056,吃吃吃吃VV,Tue Aug 05 02:57:55 +0000 2025,'1952564697280221366,https://x.com/2369494759Vv/status/1952564697280221366,练了，效果呢？😭 https://t.co/2Y8ebkNvJ9,0.0,0.0,0.0,92.0,zh,,,,,,,,,,,,
tweet-1941545725831283036,2026-03-06 16:44:58,推特,2369494759Vv,'1940794420682797056,吃吃吃吃VV,原创,Sat Jul 05 17:12:27 +0000 2025,,,,,,,,,2369494759Vv,'1940794420682797056,吃吃吃吃VV,Sat Jul 05 17:12:27 +0000 2025,'1941545725831283036,https://x.com/2369494759Vv/status/1941545725831283036,https://t.co/E0mI7crvit,0.0,0.0,0.0,58.0,zxx,,,,,,,,,,,,
tweet-2009232870745972975,2026-03-06 16:46:09,推特,LJC47412639,'1364400002764693504,LJC,转帖,Thu Jan 08 11:57:00 +0000 2026,,,,,,,,,Cha222411,'1984302445661663232,C.H.A (秽土重生版),Wed Jan 07 07:24:54 +0000 2026,'2008802007013093500,https://x.com/Cha222411/status/2008802007013093500,至于小圈子的人数目前预定常驻3-4人吧X依旧会更新抽奖活动抽奖活动将会分为3类1.中奖就可以进入小圈子下载中奖作品2.小圈子1日游 可畅享观看所有作品1日3.成为小圈子常驻成员之一所有抽奖均为4连参与 绝对免费小圈子常驻的话可以观看大部分作品和最新的任务作品也会参与到最新的母狗任务设计,274.0,143.0,224.0,84300.0,zh,,,,,,,,,,,,
tweet-2003465621116436853,2026-03-06 16:46:09,推特,LJC47412639,'1364400002764693504,LJC,转帖,Tue Dec 23 14:00:01 +0000 2025,,,,,,,,,Cha222411,'1984302445661663232,C.H.A (秽土重生版),Mon Dec 22 08:25:28 +0000 2025,'2003019040919581023,https://x.com/Cha222411/status/2003019040919581023,母狗全裸农村生活半年多的训练后 母狗和村民都已相互习惯了母狗每天都会去探望下田干活的村民询问他们是否需要放尿服务和排精服务如果村民需要 母狗会就地为村民开始服务喝不完的尿和精会储存进瓶子 之后当饮用水喝关注/转发/评论/喜欢 4连 抽奖1小时完整版招母狗每月20万 想做私信 嘴炮勿扰 https://t.co/gv1XMTsEPi,346.0,371.0,1002.0,129239.0,zh,,,,,,,,,,,,
tweet-1723695620538659052,2026-03-06 16:46:09,推特,LJC47412639,'1364400002764693504,LJC,原创,Sun Nov 12 13:33:55 +0000 2023,,,,,,,,,LJC47412639,'1364400002764693504,LJC,Sun Nov 12 13:33:55 +0000 2023,'1723695620538659052,https://x.com/LJC47412639/status/1723695620538659052,最近脑子的黄色废料真多，实习一直摸鱼，难顶，没有可以聊太多的朋友 害 还是内心的阴暗面挺多的,0.0,0.0,0.0,212.0,zh,,,,,,,,,,,,
tweet-1723683425020936199,2026-03-06 16:46:09,推特,LJC47412639,'1364400002764693504,LJC,原创,Sun Nov 12 12:45:27 +0000 2023,,,,,,,,,LJC47412639,'1364400002764693504,LJC,Sun Nov 12 12:45:27 +0000 2023,'1723683425020936199,https://x.com/LJC47412639/status/1723683425020936199,禁欲好难呀，现在戒色第四天，希望能禁三个月至少,0.0,0.0,0.0,202.0,zh,,,,,,,,,,,,
tweet-1670063707211329537,2026-03-06 16:46:45,推特,xiaomozh167267,'1649729256283308032,xiaomozh,转帖,Sat Jun 17 13:39:50 +0000 2023,,,,,,,,,ZB1_official,'1647165692515610624,ZEROBASEONE,Sat Jun 17 13:22:09 +0000 2023,'1670059254143938560,https://x.com/ZB1_official/status/1670059254143938560,_💌Hi ZE_ROSE! ZEROBASEONE 장하오입니다! 첫 셀카 올려서 너무 설레고 ZE_ROSE분들께 저의 재미있는 일상을 다 share 하고 싶어요!!저희의 ‘Back to ZEROBASE’ 필름 다 보셨나요? 9명의 첫 컨셉 영상이고 열정과 진심을 담아서 찍었어요~ 이어서 계속 많은 관심 부탁드릴게요~ 장하오랑 같이 https://t.co/MO5JkSiUwD,11135.0,49854.0,149294.0,5065802.0,ko,,,,,,,,,,,,
tweet-1637303794945130499,2026-03-06 16:47:36,推特,xu2583167571153,'1637286165102604289,雪,原创,Sun Mar 19 04:03:39 +0000 2023,,,,,,,,,xu2583167571153,'1637286165102604289,雪,Sun Mar 19 04:03:39 +0000 2023,'1637303794945130499,https://x.com/xu2583167571153/status/1637303794945130499,動畫「吹響吧！上低音號」 ×京都塔展望室展開合作活動 https://t.co/B1q7mVHz6b,0.0,0.0,1.0,17.0,zh,,,,,,,,,,,,
tweet-1990046090100674846,2026-03-06 16:59:41,推特,Qiaomu00,'1261224484389793792,摄影师-乔木,原创,Sun Nov 16 13:15:35 +0000 2025,,,,,,,,,Qiaomu00,'1261224484389793792,摄影师-乔木,Sun Nov 16 13:15:35 +0000 2025,'1990046090100674846,https://x.com/Qiaomu00/status/1990046090100674846,浴室私房model:@Sleepy_dog0投稿：@XXman61101766 @Longshow520@Fengsiyuan#广州私房 #私房 #广州约拍 #互勉约拍 https://t.co/a1RcBNn6gR,2.0,8.0,115.0,15829.0,ja,,,,,,,,,,,,
tweet-1981746604421021924,2026-03-06 16:59:41,推特,Qiaomu00,'1261224484389793792,摄影师-乔木,原创,Fri Oct 24 15:36:24 +0000 2025,,,,,,,,,Qiaomu00,'1261224484389793792,摄影师-乔木,Fri Oct 24 15:36:24 +0000 2025,'1981746604421021924,https://x.com/Qiaomu00/status/1981746604421021924,光影与情绪model:@Sleepy_dog0投稿：@XXman61101766 @Longshow520@Fengsiyuan#广州私房 #私房 #广州约拍 #互勉约拍 https://t.co/aoSZS0tg1R,0.0,3.0,73.0,23733.0,zh,,,,,,,,,,,,
tweet-1974448558956003750,2026-03-06 16:59:41,推特,Qiaomu00,'1261224484389793792,摄影师-乔木,原创,Sat Oct 04 12:16:34 +0000 2025,,,,,,,,,Qiaomu00,'1261224484389793792,摄影师-乔木,Sat Oct 04 12:16:34 +0000 2025,'1974448558956003750,https://x.com/Qiaomu00/status/1974448558956003750,日系小清新投稿：@XXman61101766 @King_wql13@UNCLE1CARROT @Longshow520@Fengsiyuan@shigaovision#广州私房 #私房 #互勉约拍 #广州约拍 https://t.co/It3mEDhtQR,0.0,2.0,42.0,5859.0,ja,,,,,,,,,,,,
tweet-1946582837492064653,2026-03-06 16:59:41,推特,Qiaomu00,'1261224484389793792,摄影师-乔木,转帖,Sat Jul 19 14:48:08 +0000 2025,,,,,,,,,XXman61101766,'1598124311432245248,x .man,Sat Jul 19 07:50:19 +0000 2025,'1946477689734369658,https://x.com/XXman61101766/status/1946477689734369658,更新作品啦。欢迎约拍 #广州约拍@Fengsiyuan @tbzt2024 @wqganenshi_ https://t.co/kraGZ3PN2k,2.0,20.0,207.0,31529.0,zh,,,,,,,,,,,,
tweet-1890037587471225230,2026-03-06 16:59:41,推特,Qiaomu00,'1261224484389793792,摄影师-乔木,原创,Thu Feb 13 13:57:30 +0000 2025,,,,,,,,,Qiaomu00,'1261224484389793792,摄影师-乔木,Thu Feb 13 13:57:30 +0000 2025,'1890037587471225230,https://x.com/Qiaomu00/status/1890037587471225230,幸会，最真实的自己👩:@lier1939059169投稿：@XXman61101766 @King_wql13@UNCLE1CARROT @Longshow520@Fengsiyuan@shigaovision#广州私房 #私房 #互勉约拍 #广州约拍 https://t.co/hJzlpSzfRS,2.0,7.0,78.0,28310.0,zh,,,,,,,,,,,,
tweet-1857433218292551743,2026-03-06 16:59:41,推特,Qiaomu00,'1261224484389793792,摄影师-乔木,原创,Fri Nov 15 14:39:23 +0000 2024,,,,,,,,,Qiaomu00,'1261224484389793792,摄影师-乔木,Fri Nov 15 14:39:23 +0000 2024,'1857433218292551743,https://x.com/Qiaomu00/status/1857433218292551743,曼妙身姿，绝美佳人投稿：@XXman61101766 @huaidanyuan@UNCLE1CARROT @yukiiibb@tbzt3623#广州私房 #私房 #互勉约拍 #广州约拍 https://t.co/NXEzVMwWIT,2.0,1.0,14.0,15503.0,zh,,,,,,,,,,,,
tweet-1795046425123856860,2026-03-06 16:59:41,推特,Qiaomu00,'1261224484389793792,摄影师-乔木,原创,Mon May 27 10:56:32 +0000 2024,,,,,,,,,Qiaomu00,'1261224484389793792,摄影师-乔木,Mon May 27 10:56:32 +0000 2024,'1795046425123856860,https://x.com/Qiaomu00/status/1795046425123856860,曼妙身姿，寻广州互勉约拍模特投稿：@XXman61101766 @huaidanyuan@UNCLE1CARROT @yukiiibb@tbzt3623#广州私房 #私房 #互勉约拍 #广州约拍 https://t.co/wNXr3ICu6O,2.0,28.0,280.0,39766.0,zh,,,,,,,,,,,,
tweet-1775131277882278374,2026-03-06 16:59:41,推特,Qiaomu00,'1261224484389793792,摄影师-乔木,原创,Tue Apr 02 12:00:51 +0000 2024,,,,,,,,,Qiaomu00,'1261224484389793792,摄影师-乔木,Tue Apr 02 12:00:51 +0000 2024,'1775131277882278374,https://x.com/Qiaomu00/status/1775131277882278374,性感野猫投稿：@XXman61101766 @huaidanyuan@UNCLE1CARROT @yukiiibb@tbzt3623#广州私房 #私房 https://t.co/OPo95UlPAG,2.0,23.0,251.0,38887.0,ja,,,,,,,,,,,,
tweet-1773234377876509168,2026-03-06 16:59:41,推特,Qiaomu00,'1261224484389793792,摄影师-乔木,原创,Thu Mar 28 06:23:15 +0000 2024,,,,,,,,,Qiaomu00,'1261224484389793792,摄影师-乔木,Thu Mar 28 06:23:15 +0000 2024,'1773234377876509168,https://x.com/Qiaomu00/status/1773234377876509168,胴体投稿：@XXman61101766 @huaidanyuan@UNCLE1CARROT @yukiiibb@tbzt3623#广州私房 #广州约拍 https://t.co/JwVwCkI8Vo,4.0,8.0,122.0,26186.0,ja,,,,,,,,,,,,
tweet-1736603449893237193,2026-03-06 16:59:41,推特,Qiaomu00,'1261224484389793792,摄影师-乔木,原创,Mon Dec 18 04:25:01 +0000 2023,,,,,,,,,Qiaomu00,'1261224484389793792,摄影师-乔木,Mon Dec 18 04:25:01 +0000 2023,'1736603449893237193,https://x.com/Qiaomu00/status/1736603449893237193,模特: @BabyCatDogCamel投稿：@XXman61101766 @huaidanyuan@UNCLE1CARROT @yukiiibb@tbzt3623#广州私房 #广州约拍 https://t.co/NaILHVxMWC,9.0,9.0,83.0,79375.0,ja,,,,,,,,,,,,
tweet-1733429077850386866,2026-03-06 16:59:41,推特,Qiaomu00,'1261224484389793792,摄影师-乔木,原创,Sat Dec 09 10:11:12 +0000 2023,,,,,,,,,Qiaomu00,'1261224484389793792,摄影师-乔木,Sat Dec 09 10:11:12 +0000 2023,'1733429077850386866,https://x.com/Qiaomu00/status/1733429077850386866,模特: @BabyCatDogCamel投稿：@XXman61101766 @huaidanyuan@UNCLE1CARROT @yukiiibb@tbzt3623#广州私房 #广州约拍 https://t.co/F9NkN1I0tt,6.0,6.0,123.0,72346.0,ja,,,,,,,,,,,,
tweet-1728808609231020446,2026-03-06 16:59:41,推特,Qiaomu00,'1261224484389793792,摄影师-乔木,原创,Sun Nov 26 16:11:06 +0000 2023,,,,,,,,,Qiaomu00,'1261224484389793792,摄影师-乔木,Sun Nov 26 16:11:06 +0000 2023,'1728808609231020446,https://x.com/Qiaomu00/status/1728808609231020446,模特: @BabyCatDogCamel投稿：@XXman61101766 @huaidanyuan@UNCLE1CARROT @yukiiibb@tbzt3623#广州私房 #广州约拍 https://t.co/oybu1nmB7C,9.0,17.0,235.0,82918.0,ja,,,,,,,,,,,,
tweet-1725398313774780840,2026-03-06 16:59:41,推特,Qiaomu00,'1261224484389793792,摄影师-乔木,原创,Fri Nov 17 06:19:49 +0000 2023,,,,,,,,,Qiaomu00,'1261224484389793792,摄影师-乔木,Fri Nov 17 06:19:49 +0000 2023,'1725398313774780840,https://x.com/Qiaomu00/status/1725398313774780840,美丽胴体模特: @BabyCatDogCamel投稿：@XXman61101766 @huaidanyuan@UNCLE1CARROT @yukiiibb@tbzt3623#广州私房 #广州约拍 https://t.co/8FGbMgDOO5,7.0,5.0,124.0,75364.0,ja,,,,,,,,,,,,
tweet-1723240101113901308,2026-03-06 16:59:41,推特,Qiaomu00,'1261224484389793792,摄影师-乔木,原创,Sat Nov 11 07:23:51 +0000 2023,,,,,,,,,Qiaomu00,'1261224484389793792,摄影师-乔木,Sat Nov 11 07:23:51 +0000 2023,'1723240101113901308,https://x.com/Qiaomu00/status/1723240101113901308,新模登场 @BabyCatDogCamel投稿：@XXman61101766 @huaidanyuan@UNCLE1CARROT @yukiiibb@tbzt3623#广州私房 #广州约拍 https://t.co/abnSfO6x8k,10.0,11.0,156.0,78026.0,ja,,,,,,,,,,,,
tweet-1716693102067655023,2026-03-06 16:59:41,推特,Qiaomu00,'1261224484389793792,摄影师-乔木,原创,Tue Oct 24 05:48:24 +0000 2023,,,,,,,,,Qiaomu00,'1261224484389793792,摄影师-乔木,Tue Oct 24 05:48:24 +0000 2023,'1716693102067655023,https://x.com/Qiaomu00/status/1716693102067655023,模特小姐姐说她的腿能玩一辈子投稿：@XXman61101766 @huaidanyuan@UNCLE1CARROT @yukiiibb@tbzt3623#广州私房 #广州约拍 https://t.co/26exxL46pZ,5.0,5.0,69.0,67373.0,zh,,,,,,,,,,,,
tweet-1714238745959080229,2026-03-06 16:59:41,推特,Qiaomu00,'1261224484389793792,摄影师-乔木,原创,Tue Oct 17 11:15:40 +0000 2023,,,,,,,,,Qiaomu00,'1261224484389793792,摄影师-乔木,Tue Oct 17 11:15:40 +0000 2023,'1714238745959080229,https://x.com/Qiaomu00/status/1714238745959080229,最美伊人投稿：@XXman61101766 @huaidanyuan@UNCLE1CARROT @yukiiibb@tbzt3623#广州私房 #广州约拍 https://t.co/LLhjgjswJe,3.0,3.0,55.0,65764.0,ja,,,,,,,,,,,,
tweet-1709179588411376087,2026-03-06 16:59:41,推特,Qiaomu00,'1261224484389793792,摄影师-乔木,原创,Tue Oct 03 12:12:23 +0000 2023,,,,,,,,,Qiaomu00,'1261224484389793792,摄影师-乔木,Tue Oct 03 12:12:23 +0000 2023,'1709179588411376087,https://x.com/Qiaomu00/status/1709179588411376087,法式唯美投稿：@XXman61101766 @huaidanyuan@UNCLE1CARROT @yukiiibb@tbzt3623#广州私房 #广州约拍 https://t.co/qGTOMpXeSu,3.0,1.0,35.0,62200.0,ja,,,,,,,,,,,,
tweet-1707005947221287158,2026-03-06 16:59:41,推特,Qiaomu00,'1261224484389793792,摄影师-乔木,原创,Wed Sep 27 12:15:07 +0000 2023,,,,,,,,,Qiaomu00,'1261224484389793792,摄影师-乔木,Wed Sep 27 12:15:07 +0000 2023,'1707005947221287158,https://x.com/Qiaomu00/status/1707005947221287158,佳人美臀投稿：@XXman61101766 @huaidanyuan@UNCLE1CARROT @yukiiibb@tbzt3623#广州私房 #广州约拍 https://t.co/H0PM8MBiu9,4.0,4.0,63.0,66931.0,ja,,,,,,,,,,,,
tweet-1704027675877404802,2026-03-06 16:59:41,推特,Qiaomu00,'1261224484389793792,摄影师-乔木,原创,Tue Sep 19 07:00:31 +0000 2023,,,,,,,,,Qiaomu00,'1261224484389793792,摄影师-乔木,Tue Sep 19 07:00:31 +0000 2023,'1704027675877404802,https://x.com/Qiaomu00/status/1704027675877404802,小姐姐说🐻越揉越大，是这样子吗投稿：@XXman61101766 @huaidanyuan@UNCLE1CARROT @yukiiibb@tbzt3623#广州私房 #广州约拍 https://t.co/FGHpURRIHJ,6.0,2.0,48.0,64126.0,zh,,,,,,,,,,,,
tweet-1702575809805132114,2026-03-06 16:59:41,推特,Qiaomu00,'1261224484389793792,摄影师-乔木,原创,Fri Sep 15 06:51:20 +0000 2023,,,,,,,,,Qiaomu00,'1261224484389793792,摄影师-乔木,Fri Sep 15 06:51:20 +0000 2023,'1702575809805132114,https://x.com/Qiaomu00/status/1702575809805132114,新模登场，又是一个极品身材的模特投稿：@XXman61101766 @huaidanyuan@UNCLE1CARROT @yukiiibb@tbzt3623#广州私房 #广州约拍 https://t.co/nnUvXifViR,6.0,19.0,246.0,65871.0,zh,,,,,,,,,,,,
tweet-1220992721495695364,2026-03-06 17:01:09,推特,OtL4tnFwnpHEeWG,'1151371815350128642,Winter🍓,转帖,Sat Jan 25 08:52:04 +0000 2020,,,,,,,,,j_taekoo97,'999577242773606400,𝓴 ✑,Sat Jan 25 04:07:31 +0000 2020,'1220921113674338304,https://x.com/j_taekoo97/status/1220921113674338304,💤 https://t.co/LgBMyVjcDL,75.0,3845.0,13690.0,,qme,,,,,,,,,,,,
tweet-1220992710053715968,2026-03-06 17:01:09,推特,OtL4tnFwnpHEeWG,'1151371815350128642,Winter🍓,转帖,Sat Jan 25 08:52:01 +0000 2020,,,,,,,,,nagi_tata,'1110906706299543552,なぎ,Sat Jan 25 05:23:08 +0000 2020,'1220940144041005056,https://x.com/nagi_tata/status/1220940144041005056,いま僕のとなりで寝てるよ#kookv https://t.co/mRBG301PIA,20.0,931.0,3300.0,,ja,,,,,,,,,,,,
tweet-1219899834439593984,2026-03-06 17:01:09,推特,OtL4tnFwnpHEeWG,'1151371815350128642,Winter🍓,转帖,Wed Jan 22 08:29:19 +0000 2020,,,,,,,,,j_taekoo97,'999577242773606400,𝓴 ✑,Mon Jan 20 11:57:00 +0000 2020,'1219227320952582145,https://x.com/j_taekoo97/status/1219227320952582145,🐰🐯 https://t.co/ThqHaDLUgF,38.0,3150.0,10640.0,,qme,,,,,,,,,,,,
tweet-1219899278166044672,2026-03-06 17:01:09,推特,OtL4tnFwnpHEeWG,'1151371815350128642,Winter🍓,转帖,Wed Jan 22 08:27:07 +0000 2020,,,,,,,,,BTS_twt,'335141638,방탄소년단,Tue Jan 14 20:27:10 +0000 2020,'1217181382062960642,https://x.com/BTS_twt/status/1217181382062960642,아마도 그건 https://t.co/Ti5tHBf45o,119878.0,497614.0,1460930.0,,ko,,,,,,,,,,,,
tweet-1183622171073097728,2026-03-06 17:01:09,推特,OtL4tnFwnpHEeWG,'1151371815350128642,Winter🍓,转帖,Mon Oct 14 05:54:50 +0000 2019,,,,,,,,,BTS_twt,'335141638,방탄소년단,Fri Oct 11 19:52:07 +0000 2019,'1182745714620649473,https://x.com/BTS_twt/status/1182745714620649473,🙂🙃 https://t.co/CgXQgSUb1d,98162.0,510055.0,1608937.0,,qme,,,,,,,,,,,,
tweet-1183559521047846913,2026-03-06 17:01:09,推特,OtL4tnFwnpHEeWG,'1151371815350128642,Winter🍓,原创,Mon Oct 14 01:45:53 +0000 2019,,,,,,,,,OtL4tnFwnpHEeWG,'1151371815350128642,Winter🍓,Mon Oct 14 01:45:53 +0000 2019,'1183559521047846913,https://x.com/OtL4tnFwnpHEeWG/status/1183559521047846913,我爱了,0.0,0.0,0.0,,zh,,,,,,,,,,,,
tweet-1183025729400987648,2026-03-06 17:01:09,推特,OtL4tnFwnpHEeWG,'1151371815350128642,Winter🍓,转帖,Sat Oct 12 14:24:48 +0000 2019,,,,,,,,,j_taekoo97,'999577242773606400,𝓴 ✑,Thu Oct 10 11:46:11 +0000 2019,'1182261039800315905,https://x.com/j_taekoo97/status/1182261039800315905,🎨🖌️paint🐰🐯 https://t.co/1v2MRzcN3u,71.0,3400.0,10172.0,,en,,,,,,,,,,,,
tweet-1174599370693468160,2026-03-06 17:01:09,推特,OtL4tnFwnpHEeWG,'1151371815350128642,Winter🍓,转帖,Thu Sep 19 08:21:27 +0000 2019,,,,,,,,,venni_y,'942442595271155712,베니🐰💜,Sat Jun 15 13:35:04 +0000 2019,'1139889058505584640,https://x.com/venni_y/status/1139889058505584640,믿어도 괜찮아 널 위로해줄 Magic Shop🎁✨#BTS #5THMUSTER @BTS_twt https://t.co/WelW7MTxBw,20.0,4331.0,9201.0,,ko,,,,,,,,,,,,
tweet-1164522725177585664,2026-03-06 17:01:09,推特,OtL4tnFwnpHEeWG,'1151371815350128642,Winter🍓,原创,Thu Aug 22 13:00:28 +0000 2019,,,,,,,,,OtL4tnFwnpHEeWG,'1151371815350128642,Winter🍓,Thu Aug 22 13:00:28 +0000 2019,'1164522725177585664,https://x.com/OtL4tnFwnpHEeWG/status/1164522725177585664,呜呜呜呜推主太优秀了我好爱我希望我有朝一日也可以像你这么优秀地画画呜呜呜,0.0,0.0,0.0,,zh,,,,,,,,,,,,
tweet-1164427967730241536,2026-03-06 17:01:09,推特,OtL4tnFwnpHEeWG,'1151371815350128642,Winter🍓,原创,Thu Aug 22 06:43:56 +0000 2019,,,,,,,,,OtL4tnFwnpHEeWG,'1151371815350128642,Winter🍓,Thu Aug 22 06:43:56 +0000 2019,'1164427967730241536,https://x.com/OtL4tnFwnpHEeWG/status/1164427967730241536,💜💜💜💜💜,0.0,0.0,0.0,,art,,,,,,,,,,,,
tweet-1161523832940826625,2026-03-06 17:01:09,推特,OtL4tnFwnpHEeWG,'1151371815350128642,Winter🍓,转帖,Wed Aug 14 06:23:56 +0000 2019,,,,,,,,,BTS_twt,'335141638,방탄소년단,Wed Aug 14 01:57:09 +0000 2019,'1161456694804672513,https://x.com/BTS_twt/status/1161456694804672513,goood mm🥴orning https://t.co/IeEorJBIJy,140080.0,557969.0,1696647.0,,en,,,,,,,,,,,,
tweet-1159884412529631234,2026-03-06 17:01:09,推特,OtL4tnFwnpHEeWG,'1151371815350128642,Winter🍓,转帖,Fri Aug 09 17:49:28 +0000 2019,,,,,,,,,BTS_twt,'335141638,방탄소년단,Fri Aug 09 15:16:27 +0000 2019,'1159845906130190342,https://x.com/BTS_twt/status/1159845906130190342,🐯🎧 #WinterBear https://t.co/jDo02zH0hw,24781.0,368607.0,1163203.0,,qme,,,,,,,,,,,,
tweet-1159884348054790146,2026-03-06 17:01:09,推特,OtL4tnFwnpHEeWG,'1151371815350128642,Winter🍓,原创,Fri Aug 09 17:49:12 +0000 2019,,,,,,,,,OtL4tnFwnpHEeWG,'1151371815350128642,Winter🍓,Fri Aug 09 17:49:12 +0000 2019,'1159884348054790146,https://x.com/OtL4tnFwnpHEeWG/status/1159884348054790146,💜😭,0.0,0.0,0.0,,art,,,,,,,,,,,,
tweet-1159884180551077888,2026-03-06 17:01:09,推特,OtL4tnFwnpHEeWG,'1151371815350128642,Winter🍓,原创,Fri Aug 09 17:48:32 +0000 2019,,,,,,,,,OtL4tnFwnpHEeWG,'1151371815350128642,Winter🍓,Fri Aug 09 17:48:32 +0000 2019,'1159884180551077888,https://x.com/OtL4tnFwnpHEeWG/status/1159884180551077888,💜😭,0.0,0.0,0.0,,art,,,,,,,,,,,,
tweet-1159884065773936640,2026-03-06 17:01:09,推特,OtL4tnFwnpHEeWG,'1151371815350128642,Winter🍓,原创,Fri Aug 09 17:48:05 +0000 2019,,,,,,,,,OtL4tnFwnpHEeWG,'1151371815350128642,Winter🍓,Fri Aug 09 17:48:05 +0000 2019,'1159884065773936640,https://x.com/OtL4tnFwnpHEeWG/status/1159884065773936640,#WINTERBEARBYV 😭💜 https://t.co/lmQAIesvN9,0.0,0.0,0.0,,qme,,,,,,,,,,,,
tweet-1159883829726760960,2026-03-06 17:01:09,推特,OtL4tnFwnpHEeWG,'1151371815350128642,Winter🍓,原创,Fri Aug 09 17:47:09 +0000 2019,,,,,,,,,OtL4tnFwnpHEeWG,'1151371815350128642,Winter🍓,Fri Aug 09 17:47:09 +0000 2019,'1159883829726760960,https://x.com/OtL4tnFwnpHEeWG/status/1159883829726760960,#IPurpleYou1000 我爱你泰泰宝贝💜😭 https://t.co/AQDseZozGy,0.0,0.0,0.0,,zh,,,,,,,,,,,,
tweet-1154775484527288320,2026-03-06 17:01:09,推特,OtL4tnFwnpHEeWG,'1151371815350128642,Winter🍓,原创,Fri Jul 26 15:28:24 +0000 2019,,,,,,,,,OtL4tnFwnpHEeWG,'1151371815350128642,Winter🍓,Fri Jul 26 15:28:24 +0000 2019,'1154775484527288320,https://x.com/OtL4tnFwnpHEeWG/status/1154775484527288320,Hello @voxcinemas!you’ve made an error on ur website by leaving out one of the members of BTS so I kindly hope you can add the missing member name as soon as possible. The missing member is V aka Kim Taehyung from BTS . The band consists of 7 not 6 members. Very disappointing.,0.0,0.0,0.0,,en,,,,,,,,,,,,
tweet-1828119520046649610,2026-03-06 17:01:50,推特,starsIxIgale,'1553217198751158273,god of star,原创,Mon Aug 26 17:17:13 +0000 2024,,,,,,,,,starsIxIgale,'1553217198751158273,god of star,Mon Aug 26 17:17:13 +0000 2024,'1828119520046649610,https://x.com/starsIxIgale/status/1828119520046649610,【人物志】以格里菲斯的視角 回顧烙印戰士（4）----榮耀的瞬間後，是分歧還是決裂？#剑风传奇#烙印勇士#Berserk https://t.co/AVNlkr9aCP 来自 @YouTube,0.0,0.0,0.0,181.0,zh,,,,,,,,,,,,
tweet-1823999534739120598,2026-03-06 17:01:50,推特,starsIxIgale,'1553217198751158273,god of star,原创,Thu Aug 15 08:25:52 +0000 2024,,,,,,,,,starsIxIgale,'1553217198751158273,god of star,Thu Aug 15 08:25:52 +0000 2024,'1823999534739120598,https://x.com/starsIxIgale/status/1823999534739120598,【大剑 47】 迪神归来！！【#大剑#猎魔战记#Claymore】 https://t.co/7qn1AEvQIZ 来自 @YouTube,0.0,0.0,0.0,331.0,zh,,,,,,,,,,,,
tweet-1988239645847810071,2026-03-06 17:12:32,推特,22xx22nn,'1816161743347027968,2X^X2,原创,Tue Nov 11 13:37:25 +0000 2025,,,,,,,,,22xx22nn,'1816161743347027968,2X^X2,Tue Nov 11 13:37:25 +0000 2025,'1988239645847810071,https://x.com/22xx22nn/status/1988239645847810071,𝟏𝟏• 𝟏𝟏 お誕生日おめでとう。～🙀🙀🙀🙀🙀🙀🙀🙀 https://t.co/eHaZiaNp3N,0.0,0.0,1.0,64.0,ja,,,,,,,,,,,,
tweet-2028053504561148078,2026-03-06 17:12:32,推特,22xx22nn,'1816161743347027968,2X^X2,转帖,Sun Mar 01 10:23:29 +0000 2026,,,,,,,,,sasaki_maika,'896932241615355904,佐々木 舞香,Sun Mar 01 10:16:56 +0000 2026,'2028051854249390094,https://x.com/sasaki_maika/status/2028051854249390094,ツーショット会ありがとうございました！遅めのバレンタイン🍫のような、服でございました！へへ、逆様です。 https://t.co/Ovzf8pFYo2,621.0,3404.0,46309.0,754936.0,ja,,,,,,,,,,,,
tweet-2028050287580360812,2026-03-06 17:12:32,推特,22xx22nn,'1816161743347027968,2X^X2,转帖,Sun Mar 01 10:10:42 +0000 2026,,,,,,,,,noguchi_iori,'896994042843549696,野口 衣織,Sun Mar 01 10:07:06 +0000 2026,'2028049383183487125,https://x.com/noguchi_iori/status/2028049383183487125,ツーショット撮影会 🌼ありがとうございました！目を合わせたり！かわいいポーズしたり！花粉症のお薬を処方したりお薬キャンセルされたり…濃い1日でしたワ…🤧素敵な思い出～🫶🏻 https://t.co/eqiPgBluwm,639.0,3875.0,49929.0,640144.0,ja,,,,,,,,,,,,
tweet-2028049357673759151,2026-03-06 17:12:32,推特,22xx22nn,'1816161743347027968,2X^X2,转帖,Sun Mar 01 10:07:00 +0000 2026,,,,,,,,,unfavlix,'1923574598517293056,line ⭒ IN RIO,Sat Feb 28 23:26:37 +0000 2026,'2027888196739051593,https://x.com/unfavlix/status/2027888196739051593,estou encantada 😭 https://t.co/WEHq9YEPUm,184.0,1672.0,11689.0,179627.0,pt,,,,,,,,,,,,
tweet-2028029389221589043,2026-03-06 17:12:32,推特,22xx22nn,'1816161743347027968,2X^X2,转帖,Sun Mar 01 08:47:40 +0000 2026,,,,,,,,,dennou_meno,'2849084875,毒牙メノ,Sat Feb 28 11:58:49 +0000 2026,'2027715106847723701,https://x.com/dennou_meno/status/2027715106847723701,もう大人なのにこんなのが1番楽しくて悔しい https://t.co/lQngTWuJeN,45.0,1046.0,22986.0,1330979.0,ja,,,,,,,,,,,,
tweet-2028017499296698630,2026-03-06 17:12:32,推特,22xx22nn,'1816161743347027968,2X^X2,转帖,Sun Mar 01 08:00:25 +0000 2026,,,,,,,,,morohashi_sana,'896994847726247936,諸橋 沙夏,Sat Feb 28 10:30:44 +0000 2026,'2027692938923545073,https://x.com/morohashi_sana/status/2027692938923545073,広角画角🐭 https://t.co/0IS9iMe68M,129.0,675.0,13679.0,252601.0,ja,,,,,,,,,,,,
tweet-2027996377180213491,2026-03-06 17:12:32,推特,22xx22nn,'1816161743347027968,2X^X2,转帖,Sun Mar 01 06:36:29 +0000 2026,,,,,,,,,noguchi_iori,'896994042843549696,野口 衣織,Sat Feb 28 12:30:12 +0000 2026,'2027723005061960022,https://x.com/noguchi_iori/status/2027723005061960022,対面おはなし会ありがとうございました✨️ブースから出ていく瞬間までずっとみなさんの反応がかわいかった～🫶🏻優しい言葉をたくさんありがとう！明日はツーショット会🌸よろしくねっ https://t.co/yD4uZVZssc,789.0,4365.0,54140.0,968772.0,ja,,,,,,,,,,,,
tweet-2027981213856841967,2026-03-06 17:12:32,推特,22xx22nn,'1816161743347027968,2X^X2,转帖,Sun Mar 01 05:36:14 +0000 2026,,,,,,,,,stkar0,'1999377156024205321,なおと,Sun Mar 01 02:27:11 +0000 2026,'2027933640148324564,https://x.com/stkar0/status/2027933640148324564,スタッフさんのミスでポーズする前に撮られてて撮り直しで合掌しました🙏(まさかの樹愛羅もしてくれて横転)まさかのハプニングでめっちゃ喋れて幸せでした。本当にすみません。 #齋藤樹愛羅  #助けてきゃーたん https://t.co/HzTootoVgh,13.0,30.0,2690.0,187578.0,ja,,,,,,,,,,,,
tweet-2027981171901309291,2026-03-06 17:12:32,推特,22xx22nn,'1816161743347027968,2X^X2,转帖,Sun Mar 01 05:36:04 +0000 2026,,,,,,,,,yutal___LOVE05,'1955925841671806977,ゆたーる𝑳𝑶𝑽𝑬_ 👉🏻🔄👈🏻🦻🏻,Sun Mar 01 02:31:15 +0000 2026,'2027934662778360283,https://x.com/yutal___LOVE05/status/2027934662778360283,可愛かったあああああ😭😭😭😭😭😭(ゆたーるポーズミスっててしぬw)#齋藤樹愛羅#きゃーたん#ツーショ会 https://t.co/pSwiatcOUj,8.0,13.0,859.0,,ja,,,,,,,,,,,,
tweet-2027433628058484853,2026-03-06 17:12:32,推特,22xx22nn,'1816161743347027968,2X^X2,转帖,Fri Feb 27 17:20:19 +0000 2026,,,,,,,,,Equal_LOVE_12,'874810152875995136,＝LOVE_official,Thu Feb 26 08:10:00 +0000 2026,'2026932747311423722,https://x.com/Equal_LOVE_12/status/2026932747311423722,【お知らせ】＝LOVE 20thシングル表題曲『劇薬中毒』がストリーミング累計1000万回再生を突破しました⟡.·▼配信https://t.co/ZVwnrd0sZ1たくさん聴いていただきありがとうございます！引き続きお楽しみください💘˒˒#劇薬中毒#イコラブ https://t.co/D1XtKMEh2X,57.0,1239.0,12340.0,400399.0,ja,,,,,,,,,,,,
tweet-2027433259819536901,2026-03-06 17:12:32,推特,22xx22nn,'1816161743347027968,2X^X2,转帖,Fri Feb 27 17:18:51 +0000 2026,,,,,,,,,saitou_kiara,'897009717100240896,齋藤 樹愛羅,Thu Feb 26 09:20:34 +0000 2026,'2026950509257744734,https://x.com/saitou_kiara/status/2026950509257744734,最近TikTokで回ってくるかっこいいやつ！！難しすぎたからみてね😹😹笑https://t.co/CAETqp8WGr♡ https://t.co/Xy4vrPFZwV,96.0,791.0,11685.0,237276.0,ja,,,,,,,,,,,,
tweet-2027433047466119632,2026-03-06 17:12:32,推特,22xx22nn,'1816161743347027968,2X^X2,转帖,Fri Feb 27 17:18:01 +0000 2026,,,,,,,,,DazzlingBAD_,'1244030869754408968,DazzlingBAD official,Fri Feb 27 14:00:29 +0000 2026,'2027383336470274199,https://x.com/DazzlingBAD_/status/2027383336470274199,◆NEXT2026.3.3◆ https://t.co/awPLYeHzsd,0.0,107.0,632.0,9521.0,en,,,,,,,,,,,,
tweet-2027432753357369734,2026-03-06 17:12:32,推特,22xx22nn,'1816161743347027968,2X^X2,转帖,Fri Feb 27 17:16:50 +0000 2026,,,,,,,,,THEMADNA__JP,'1454361590807945222,THE MADNA Official,Thu Feb 26 12:00:00 +0000 2026,'2026990631722385875,https://x.com/THEMADNA__JP/status/2026990631722385875,─────────MASKED 2026 🎭5月23日(土) -day2-🐸THE MADNA出演決定🎩─────────🚩東京・渋谷3会場Spotify O-EAST/O-WESTduo MUSIC EXCHANGEhttps://t.co/6ExDIb9G3t🎫チケット 1次先行受付開始！https://t.co/TWKmdV0ToT#MASKED #V系は自由だ@MASKED_vkei https://t.co/htTiwes37S,0.0,228.0,789.0,27566.0,ja,,,,,,,,,,,,
tweet-2027432703990395062,2026-03-06 17:12:32,推特,22xx22nn,'1816161743347027968,2X^X2,转帖,Fri Feb 27 17:16:39 +0000 2026,,,,,,,,,RYOTA_TheMADNA,'979936261904330752,THE MADNA 涼太,Thu Feb 26 07:47:40 +0000 2026,'2026927126642122862,https://x.com/RYOTA_TheMADNA/status/2026927126642122862,惚れてまうやろおおおおお〜！ https://t.co/sttcpKpeBn,1.0,115.0,595.0,17432.0,ja,,,,,,,,,,,,
tweet-2027184025513914588,2026-03-06 17:12:32,推特,22xx22nn,'1816161743347027968,2X^X2,转帖,Fri Feb 27 00:48:29 +0000 2026,,,,,,,,,NYLONJAPAN,'110144063,NYLON JAPAN,Thu Feb 26 09:00:30 +0000 2026,'2026945456576618767,https://x.com/NYLONJAPAN/status/2026945456576618767,💎明日発売!!💎やっとこの日が来たっ🐰✨ #StrayKids の #リノ が日本初ソロW表紙を飾る #NYLONJAPAN 4月号はいよいよ明日発売🔥ブシュロンをまとったリノより、コメントムービーが到着💗🔗https://t.co/Qchh8qQR23☑待望の日本初ソロカバー＆W表紙 ☑26Pの大特集という圧倒的ボリューム https://t.co/3wxBOd9Ue4,247.0,7675.0,27370.0,498312.0,ja,,,,,,,,,,,,
tweet-2026620967229993098,2026-03-06 17:12:32,推特,22xx22nn,'1816161743347027968,2X^X2,转帖,Wed Feb 25 11:31:06 +0000 2026,,,,,,,,,xxxBAD_MASA_,'1424687441416359936,DazzlingBAD 痲紗-MASA-,Wed Feb 25 03:04:20 +0000 2026,'2026493438049529949,https://x.com/xxxBAD_MASA_/status/2026493438049529949,DazzlingBAD 5th Anniversary ONEMAN アフタートークもありがとうトークもまたライブとは違う意味でBADｨと近くて良いですねいつもいつまでも 感謝しています https://t.co/h2PCRJJBvI,0.0,41.0,292.0,2895.0,ja,,,,,,,,,,,,
tweet-2026620901127856132,2026-03-06 17:12:32,推特,22xx22nn,'1816161743347027968,2X^X2,转帖,Wed Feb 25 11:30:50 +0000 2026,,,,,,,,,xxxBAD_MASA_,'1424687441416359936,DazzlingBAD 痲紗-MASA-,Wed Feb 25 02:52:10 +0000 2026,'2026490373993017825,https://x.com/xxxBAD_MASA_/status/2026490373993017825,2026.02.23DazzlingBAD ONEMAN TOUR「PENTA OBSCURA」TOUR FINAL-5th Anniversary-渋谷WOMB最後のピースが揃ったね@xxxBAD_KIRO_ 5周年新生DazzlingBADBADｨ本当にありがとうDazzlingBADをこれからも一緒に創り上げていきましょうよろしくね🩸 https://t.co/yj9gZZa1ud,0.0,54.0,327.0,4329.0,ja,,,,,,,,,,,,
tweet-2026325938959679850,2026-03-06 17:12:32,推特,22xx22nn,'1816161743347027968,2X^X2,转帖,Tue Feb 24 15:58:45 +0000 2026,,,,,,,,,Vol47_,'1850779026845290496,404 Not Found,Tue Feb 24 05:57:25 +0000 2026,'2026174605774512633,https://x.com/Vol47_/status/2026174605774512633,https://t.co/CifY22UkMT,2.0,42.0,2192.0,,zxx,,,,,,,,,,,,
tweet-2026325185880805785,2026-03-06 17:12:32,推特,22xx22nn,'1816161743347027968,2X^X2,转帖,Tue Feb 24 15:55:46 +0000 2026,,,,,,,,,urtypicalflower,'1874889286660628480,⊹ serina 🥀,Mon Feb 23 03:32:05 +0000 2026,'2025775646572433853,https://x.com/urtypicalflower/status/2025775646572433853,tiny vocalists always steal my heart…. https://t.co/Z1w0VoHYfm,1.0,18.0,182.0,4221.0,en,,,,,,,,,,,,
tweet-2026324181164687707,2026-03-06 17:12:32,推特,22xx22nn,'1816161743347027968,2X^X2,转帖,Tue Feb 24 15:51:46 +0000 2026,,,,,,,,,ResurrectionESP,'240213296,Resurrection Fest Estrella Galicia,Thu Feb 05 19:02:30 +0000 2026,'2019486810670256407,https://x.com/ResurrectionESP/status/2019486810670256407,Jiluka - Full show at Resurrection Fest 2024 starts now!!https://t.co/mpuW0wVs1ZRT! @JILUKA_official @Sena_JILUKA @Boogie_JILUKA @Ricko_JILUKA @Zyean_JILUKA,0.0,79.0,261.0,15110.0,en,,,,,,,,,,,,
tweet-2026322755189391605,2026-03-06 17:12:32,推特,22xx22nn,'1816161743347027968,2X^X2,转帖,Tue Feb 24 15:46:06 +0000 2026,,,,,,,,,artsn_mycalling,'1829347904714309632,ARTISAN,Sun Feb 08 10:00:05 +0000 2026,'2020437471927136602,https://x.com/artsn_mycalling/status/2020437471927136602,プロドラマーが自身の機材を紹介する動画シリーズ、「My Professional DRUM SET」が始まりました！今回登場するのは、JILUKAのZyeanさん@Zyean_JILUKA です。普段は見られないドラムセットの裏側について、じっくり語っていただきました♪https://t.co/AJ02KMUmUH https://t.co/mExWpWED9W,0.0,54.0,232.0,8014.0,ja,,,,,,,,,,,,
tweet-2024173294522683771,2026-03-06 17:14:04,推特,Yanellll38451,'1696164045215150080,楽,原创,Wed Feb 18 17:24:55 +0000 2026,,,,,,,,,Yanellll38451,'1696164045215150080,楽,Wed Feb 18 17:24:55 +0000 2026,'2024173294522683771,https://x.com/Yanellll38451/status/2024173294522683771,https://t.co/3HRGy0Pn6k,0.0,0.0,2.0,261.0,zxx,,,,,,,,,,,,
tweet-2021483914871894426,2026-03-06 17:14:04,推特,Yanellll38451,'1696164045215150080,楽,转帖,Wed Feb 11 07:18:17 +0000 2026,,,,,,,,,VinlandWorld,'1404318471450771457,Vinland Saga World,Mon Feb 02 18:02:23 +0000 2026,'2018384517317148760,https://x.com/VinlandWorld/status/2018384517317148760,It’s February 3rd in Japan!Happy birthday to Thorfinn!#VINLAND_SAGA https://t.co/bNfSLi2w0v,11.0,431.0,2650.0,41993.0,en,,,,,,,,,,,,
tweet-2020787619110572290,2026-03-06 17:14:04,推特,Yanellll38451,'1696164045215150080,楽,原创,Mon Feb 09 09:11:27 +0000 2026,,,,,,,,,Yanellll38451,'1696164045215150080,楽,Mon Feb 09 09:11:27 +0000 2026,'2020787619110572290,https://x.com/Yanellll38451/status/2020787619110572290,回家最大的满足莫过于此 https://t.co/TYH4Un5iXu,0.0,0.0,4.0,339.0,zh,,,,,,,,,,,,
tweet-1859288087794503959,2026-03-06 17:14:55,推特,oZHuMR82re51119,'1644108796816678912,2578538541,原创,Wed Nov 20 17:29:58 +0000 2024,,,,,,,,,oZHuMR82re51119,'1644108796816678912,2578538541,Wed Nov 20 17:29:58 +0000 2024,'1859288087794503959,https://x.com/oZHuMR82re51119/status/1859288087794503959,#禁漫 #禁漫天堂 男人也许会背叛你，但禁漫天堂绝对不会😳 记住官方网址：https://t.co/lVe695vifz,0.0,0.0,0.0,1900.0,zh,,,,,,,,,,,,
tweet-2018247401211941192,2026-03-06 17:14:55,推特,oZHuMR82re51119,'1644108796816678912,2578538541,转帖,Mon Feb 02 08:57:32 +0000 2026,,,,,,,,,BeingBlingbling,'1457706071636668416,黄网大奶妈,Sun Feb 01 07:15:00 +0000 2026,'2017859209606435243,https://x.com/BeingBlingbling/status/2017859209606435243,JUR-590 绿帽串烧轮奸：请彻底玷污我心爱的妻子。绿帽丈夫让妻子被其他男人轮奸！！ - 橘玛丽假面论坛 https://t.co/bF56qxSMTT @jmlt8com https://t.co/z9BL4Rg6Lz,4.0,79.0,360.0,52601.0,zh,,,,,,,,,,,,
tweet-2010841482744238253,2026-03-06 17:14:55,推特,oZHuMR82re51119,'1644108796816678912,2578538541,转帖,Mon Jan 12 22:29:03 +0000 2026,,,,,,,,,Durgesh20628846,'1316802557751095296,闰土精选涩漫,Sat Jan 10 12:15:05 +0000 2026,'2009962194923045242,https://x.com/Durgesh20628846/status/2009962194923045242,wataa https://t.co/uUmOZOBdbB,50.0,2740.0,19382.0,811426.0,hi,,,,,,,,,,,,
tweet-2010841367656763854,2026-03-06 17:14:55,推特,oZHuMR82re51119,'1644108796816678912,2578538541,转帖,Mon Jan 12 22:28:36 +0000 2026,,,,,,,,,Kirrauxi,'2008457642524712960,Kirra,Thu Jan 08 10:01:53 +0000 2026,'2009203900499546199,https://x.com/Kirrauxi/status/2009203900499546199,Chudaaiii....👅🤤💋#NSFW #Homemade #real #love https://t.co/K07bHyqFHc,2.0,431.0,422.0,46757.0,hi,,,,,,,,,,,,
tweet-2010839685749166448,2026-03-06 17:14:55,推特,oZHuMR82re51119,'1644108796816678912,2578538541,转帖,Mon Jan 12 22:21:55 +0000 2026,,,,,,,,,TY_98Owo,'1441222491733565447,TY98🔞,Sat Sep 27 13:18:34 +0000 2025,'1971927447273984156,https://x.com/TY_98Owo/status/1971927447273984156,"[Request] Yixuan &amp; Mavuika x Hilichurl (Full)Full 4k &amp; 1080p video available on my P47reonVA: @LecheryAmoreVA | @geministarsign1SFX: @OpenNSFWSPscene by GIDDORA, Lazymelon, Nyanify, Imsayaa, sixpluswan, Mightniku, YuukisIf you enjoy my work, please consider supporting me! https://t.co/E03qTfZWaX",10.0,1388.0,12948.0,323358.0,en,,,,,,,,,,,,
tweet-2009715497131229518,2026-03-06 17:14:55,推特,oZHuMR82re51119,'1644108796816678912,2578538541,转帖,Fri Jan 09 19:54:47 +0000 2026,,,,,,,,,ProXiaogou,'1868417840975654913,Puppypro🐕💕,Thu Jan 08 14:31:59 +0000 2026,'2009271874392305967,https://x.com/ProXiaogou/status/2009271874392305967,#人形饮品机挑战用小穴和屁眼配合冲调出一杯pro特供版草莓牛奶~🧉🧉🍓🍓♥️人体设备分工：♥️榨汁机（打碎草莓）---阴道和子宫颈♥️Shake杯（混合草莓牛奶）---直肠和屁眼@ToBulaer @KawasawaSen @BulmaList @ToBuerma https://t.co/mXhCai8ZHQ,183.0,4604.0,33367.0,2004133.0,zh,,,,,,,,,,,,
tweet-2009130983615025299,2026-03-06 17:14:55,推特,oZHuMR82re51119,'1644108796816678912,2578538541,转帖,Thu Jan 08 05:12:08 +0000 2026,,,,,,,,,AsianSluttyW,'1079941222603546624,❤️ルイズ❤️,Wed Nov 12 06:33:24 +0000 2025,'1988495326203035907,https://x.com/AsianSluttyW/status/1988495326203035907,♠️BitchServant - Altria♠️#FGO⚠️Notice Voice 🔊 https://t.co/3Gk7hxngN7,15.0,1027.0,8803.0,327189.0,en,,,,,,,,,,,,
tweet-2009130925452607938,2026-03-06 17:14:55,推特,oZHuMR82re51119,'1644108796816678912,2578538541,转帖,Thu Jan 08 05:11:55 +0000 2026,,,,,,,,,_Meru_Succ_,'1582823392289427461,🌸 ᗰEᖇᑌᑕᑕᑌᗷᑌS 🔞,Fri Dec 19 01:52:22 +0000 2025,'2001832951445946749,https://x.com/_Meru_Succ_/status/2001832951445946749,Ahri's &amp; Akali's Casting CallCredits :🎞️Animation by - @TheCountNSFW🎙️Ahri VA - @CottontailVA 🎙️Akali VA - @MissMoonified  🔈Sound by - @VolkorNSFW 👤Models by - @arhoangel 🗺️Map by - @MeltRib https://t.co/F88Hk1HG9s,16.0,2862.0,33098.0,624419.0,ht,,,,,,,,,,,,
tweet-2009130706014961710,2026-03-06 17:14:55,推特,oZHuMR82re51119,'1644108796816678912,2578538541,转帖,Thu Jan 08 05:11:02 +0000 2026,,,,,,,,,ProXiaogou,'1868417840975654913,Puppypro🐕💕,Tue Jan 06 13:15:00 +0000 2026,'2008527723149619460,https://x.com/ProXiaogou/status/2008527723149619460,#产卵挑战这次挑战一共可以塞入多少个水宝宝呢🧐🧐？塞的真的很胀很极限，但塞进去了非常多个。有些水宝宝还是前一天就放进去吸满淫水长大的，像是自己亲生的宝宝一样🥰🥰🥰@ToBulaer @KawasawaSen @BulmaList @ToBuerma https://t.co/nChU6Sgv86,146.0,5383.0,39383.0,2105147.0,zh,,,,,,,,,,,,
tweet-2009128931673477606,2026-03-06 17:14:55,推特,oZHuMR82re51119,'1644108796816678912,2578538541,转帖,Thu Jan 08 05:03:59 +0000 2026,,,,,,,,,puchimiao,'842731581118664704,扑哧喵,Tue Dec 02 15:01:00 +0000 2025,'1995870822947524636,https://x.com/puchimiao/status/1995870822947524636,下面被完全撑开了 随着一进一出起伏 极限摩擦啧啧 点视频自己拿完整内容吧 我没钱开蓝v 发不了完整的,124.0,3550.0,16266.0,1860814.0,zh,,,,,,,,,,,,
tweet-2009128822239793334,2026-03-06 17:14:55,推特,oZHuMR82re51119,'1644108796816678912,2578538541,转帖,Thu Jan 08 05:03:33 +0000 2026,,,,,,,,,ZNavinGoswami8,'735655491422945281,欲漫官方正版推特,Sun Jan 04 09:05:42 +0000 2026,'2007740210378117449,https://x.com/ZNavinGoswami8/status/2007740210378117449,wataa🔥 https://t.co/3TWdjJ6wj8,23.0,2653.0,16964.0,738772.0,hi,,,,,,,,,,,,
tweet-2009128093974450523,2026-03-06 17:14:55,推特,oZHuMR82re51119,'1644108796816678912,2578538541,转帖,Thu Jan 08 05:00:40 +0000 2026,,,,,,,,,MV5wMNDJD3q60hi,'4548398608,瑶瑶(完整版在主页）,Mon Dec 29 05:58:45 +0000 2025,'2005518836192481567,https://x.com/MV5wMNDJD3q60hi/status/2005518836192481567,chudai https://t.co/mJmTvLrQu7,6.0,290.0,1931.0,116000.0,hi,,,,,,,,,,,,
tweet-2009127796292112566,2026-03-06 17:14:55,推特,oZHuMR82re51119,'1644108796816678912,2578538541,转帖,Thu Jan 08 04:59:29 +0000 2026,,,,,,,,,ZNavinGoswami8,'735655491422945281,欲漫官方正版推特,Mon Jan 05 01:06:50 +0000 2026,'2007982087706746983,https://x.com/ZNavinGoswami8/status/2007982087706746983,wataa🔥 https://t.co/jJb4AweCVe,105.0,6543.0,47152.0,1889700.0,hi,,,,,,,,,,,,
tweet-2009127770409029989,2026-03-06 17:14:55,推特,oZHuMR82re51119,'1644108796816678912,2578538541,转帖,Thu Jan 08 04:59:22 +0000 2026,,,,,,,,,ZDanveerSingh20,'852102967180374016,91官方正版推特,Mon Jan 05 01:03:31 +0000 2026,'2007981252662775946,https://x.com/ZDanveerSingh20/status/2007981252662775946,wataa🔥 https://t.co/mPtcvE6WcQ,129.0,4405.0,32833.0,2137799.0,hi,,,,,,,,,,,,
tweet-2009127618529120561,2026-03-06 17:14:55,推特,oZHuMR82re51119,'1644108796816678912,2578538541,转帖,Thu Jan 08 04:58:46 +0000 2026,,,,,,,,,puchimiao,'842731581118664704,扑哧喵,Tue Dec 16 18:44:00 +0000 2025,'2001000372358537407,https://x.com/puchimiao/status/2001000372358537407,最最粘稠的一部  事后我洗澡洗了一小时 完整板太长我没有蓝v发布出去 点视频自己拿吧,486.0,7824.0,57912.0,4329118.0,zh,,,,,,,,,,,,
tweet-2009127453491646511,2026-03-06 17:14:55,推特,oZHuMR82re51119,'1644108796816678912,2578538541,转帖,Thu Jan 08 04:58:07 +0000 2026,,,,,,,,,ye_birdie,'758079469244473344,YeYeBirdie ☆🔞 イェイェバルディ,Tue Dec 30 10:39:00 +0000 2025,'2005951748851261827,https://x.com/ye_birdie/status/2005951748851261827,"Cow ""Mama Cow Breeding"" Episode 4 and 5 🐮Now availableVoice 🎙️YeyebirdieAnimation 🎞️@oldrozoSFX 🔊@SquishSuccubus https://t.co/S7ily7e1uS",62.0,8271.0,85214.0,1481156.0,en,,,,,,,,,,,,
tweet-1981774322642370900,2026-03-06 17:14:55,推特,oZHuMR82re51119,'1644108796816678912,2578538541,转帖,Fri Oct 24 17:26:32 +0000 2025,,,,,,,,,asiaclub_x,'1966862015982399488,X-Asia Club,Fri Oct 24 16:40:43 +0000 2025,'1981762792848859340,https://x.com/asiaclub_x/status/1981762792848859340,Chudai 🔞🔞 #nsfw #sex #porn #naked #nudes #hentai #squirt #pussy #goon #viral #nsft #view #hotgirls https://t.co/Yh0wNqpik6,8.0,1251.0,3842.0,279185.0,hi,,,,,,,,,,,,
tweet-1981774290727887093,2026-03-06 17:14:55,推特,oZHuMR82re51119,'1644108796816678912,2578538541,转帖,Fri Oct 24 17:26:25 +0000 2025,,,,,,,,,ANIME_VIDD,'1949884081400926208,♡ αηιмє ♡ ™,Fri Oct 24 02:20:51 +0000 2025,'1981546398009983435,https://x.com/ANIME_VIDD/status/1981546398009983435,Chudai..... https://t.co/1U1Sv3SUIg,3.0,480.0,1862.0,131518.0,hi,,,,,,,,,,,,
tweet-1981771477910532116,2026-03-06 17:14:55,推特,oZHuMR82re51119,'1644108796816678912,2578538541,转帖,Fri Oct 24 17:15:14 +0000 2025,,,,,,,,,vijendr04450754,'967797824527114240,Pornhub中文版 👄,Fri Aug 22 04:20:15 +0000 2025,'1958746009351462945,https://x.com/vijendr04450754/status/1958746009351462945,【伴郎团强奸新娘】被老公和伴即团轮奸视频泄密！📱APP内搜索关键词：新娘🔗点击封面下载观看完整版,0.0,7204.0,4611.0,3586217.0,zh,,,,,,,,,,,,
tweet-1852607353751056465,2026-03-06 17:16:18,推特,KAMINEKO2333,'1385976872966623233,神鬼猫,原创,Sat Nov 02 07:03:07 +0000 2024,,,,,,,,,KAMINEKO2333,'1385976872966623233,神鬼猫,Sat Nov 02 07:03:07 +0000 2024,'1852607353751056465,https://x.com/KAMINEKO2333/status/1852607353751056465,sensei～那个 那个，虽然迟到了，但。。但万圣节快乐！ https://t.co/4FGQZGn8iW,12.0,64.0,796.0,34700.0,zh,,,,,,,,,,,,
tweet-2025673630492053577,2026-03-06 17:16:18,推特,KAMINEKO2333,'1385976872966623233,神鬼猫,转帖,Sun Feb 22 20:46:43 +0000 2026,,,,,,,,,cha_hanare,'1609532051493113858,茶の離❖,Wed Feb 11 02:00:12 +0000 2026,'2021403867842478273,https://x.com/cha_hanare/status/2021403867842478273,🌸 https://t.co/5SoT3VIM87,6.0,3391.0,26833.0,866707.0,qme,,,,,,,,,,,,
tweet-2017729922333348071,2026-03-06 17:16:18,推特,KAMINEKO2333,'1385976872966623233,神鬼猫,转帖,Sat Jan 31 22:41:15 +0000 2026,,,,,,,,,wybza123,'1631939850055344130,QAQ,Thu Jan 29 10:05:00 +0000 2026,'2016814828837335365,https://x.com/wybza123/status/2016814828837335365,Yvonne | 伊冯 | イヴォンヌエンドフィールド | ArknightsEndfield l 明日方舟終末地SFW SFW SFW https://t.co/cIgXT8NpTZ,11.0,665.0,13889.0,161061.0,ja,,,,,,,,,,,,
tweet-2016233426026955215,2026-03-06 17:16:18,推特,KAMINEKO2333,'1385976872966623233,神鬼猫,转帖,Tue Jan 27 19:34:43 +0000 2026,,,,,,,,,Hoshino_Fox,'807537247197106176,星野-( 'ω' ）,Fri Jan 23 16:23:40 +0000 2026,'2014735798093152320,https://x.com/Hoshino_Fox/status/2014735798093152320,嗨，管理员，又见面啦，叫我伊冯就好，希望我们合作愉快アークナイツ：エンドフィールド/イヴォンヌ📸@An94_Bailu #エンドフィールド https://t.co/49sYr64PjJ,74.0,466.0,4464.0,182964.0,ja,,,,,,,,,,,,
tweet-2006809163985486227,2026-03-06 17:16:18,推特,KAMINEKO2333,'1385976872966623233,神鬼猫,转帖,Thu Jan 01 19:26:04 +0000 2026,,,,,,,,,heihei2053,'892626602,HeiHei,Sun Oct 12 09:16:54 +0000 2025,'1977302448177119554,https://x.com/heihei2053/status/1977302448177119554,【退勤】🐉：”老師，真沒想到您是月圓之夜會顯露獸相之人吶，還請確認下您在妾身上留下的印痕消退沒有呢～”ᕕ(◠ڼ◠)ᕗ :“沒…應該沒有吧…” (虛心的摸着渾身的咬痕與抓印…要怎麼跟值日班的hina解釋呢…) (這張壓的太厲害了…最後再發一次…)#竜華キサキ#キサキ #ブルアカ #ブルーアーカイブ https://t.co/wR9YhUr1Zf,10.0,60.0,816.0,30380.0,zh,,,,,,,,,,,,
tweet-2006809104149524868,2026-03-06 17:16:18,推特,KAMINEKO2333,'1385976872966623233,神鬼猫,转帖,Thu Jan 01 19:25:49 +0000 2026,,,,,,,,,heihei2053,'892626602,HeiHei,Thu Dec 25 14:07:00 +0000 2025,'2004192153107636443,https://x.com/heihei2053/status/2004192153107636443,【🐉💝】Please sign for your exclusive gift～&lt;請簽收您的節日禮物&gt;#竜華キサキ#キサキ #ブルアカ https://t.co/PqGQMlL1WH,5.0,14.0,227.0,7684.0,zh,,,,,,,,,,,,
tweet-1987291058410299796,2026-03-06 17:16:18,推特,KAMINEKO2333,'1385976872966623233,神鬼猫,转帖,Sat Nov 08 22:48:05 +0000 2025,,,,,,,,,rityulate,'52699646,りいちゅ🪽またころアニメ4月放送✨,Sat Nov 08 09:16:48 +0000 2025,'1987086893667012789,https://x.com/rityulate/status/1987086893667012789,桐生キキョウ🍁ブルーアーカイブ   〜いとうるはし⭐︎紅葉たどる秋の京都旅！〜#ブルアカ https://t.co/QDjeeTISG8,3.0,561.0,3246.0,68473.0,ja,,,,,,,,,,,,
tweet-1976631413614264729,2026-03-06 17:16:18,推特,KAMINEKO2333,'1385976872966623233,神鬼猫,转帖,Fri Oct 10 12:50:27 +0000 2025,,,,,,,,,BailiKoi,'1868968470517555200,白栎Shirly,Tue Aug 26 11:32:18 +0000 2025,'1960304292285350351,https://x.com/BailiKoi/status/1960304292285350351,是的孩子们还是我们最可爱的风宝捏😡(刻律的东西也齐了该拍了) https://t.co/cfTC0tWsj1,37.0,253.0,5931.0,172731.0,zh,,,,,,,,,,,,
tweet-1969840667141763287,2026-03-06 17:16:18,推特,KAMINEKO2333,'1385976872966623233,神鬼猫,转帖,Sun Sep 21 19:06:27 +0000 2025,,,,,,,,,haagaau_GF,'1774873243847155713,Kigurumi虾饺工房,Sun Sep 21 05:38:43 +0000 2025,'1969637393780392193,https://x.com/haagaau_GF/status/1969637393780392193,https://t.co/XX7sqDIX7c,0.0,10.0,36.0,12214.0,zxx,,,,,,,,,,,,
tweet-1957802008737726621,2026-03-06 17:16:18,推特,KAMINEKO2333,'1385976872966623233,神鬼猫,转帖,Tue Aug 19 13:49:07 +0000 2025,,,,,,,,,heihei2053,'892626602,HeiHei,Mon Aug 18 14:50:09 +0000 2025,'1957454980618784921,https://x.com/heihei2053/status/1957454980618784921,【🐲💢】🐉:“據線人的消息，老師這次沒有像往常一樣去CM採購古風旗袍本，希望能給妾身一個解釋.💢💢💢 ”ᕕ(◠ڼ◠)ᕗ :(看來是真的很生氣，存了三個月薪水買的鑽戒現在拿不出來了啊…)—新拍的…太忙了…熱死人…以上生存報告…#竜華キサキ#キサキ #ブルアカ #ブルーアーカイブ https://t.co/6cJSQfgKvJ,1.0,28.0,329.0,13049.0,zh,,,,,,,,,,,,
tweet-1941897956103180691,2026-03-06 17:16:18,推特,KAMINEKO2333,'1385976872966623233,神鬼猫,转帖,Sun Jul 06 16:32:06 +0000 2025,,,,,,,,,idtNothinglose,'1529411704890789889,reng,Sun Jul 06 11:08:41 +0000 2025,'1941816567232082139,https://x.com/idtNothinglose/status/1941816567232082139,感覺照片流量不如噴人的高😅 https://t.co/ULR6LineMR,64.0,208.0,3995.0,110633.0,zh,,,,,,,,,,,,
tweet-1936355521210282289,2026-03-06 17:16:18,推特,KAMINEKO2333,'1385976872966623233,神鬼猫,转帖,Sat Jun 21 09:28:26 +0000 2025,,,,,,,,,irisuare,'1532323951845974017,Iri 愛莉,Fri Jun 20 14:02:07 +0000 2025,'1936062006261694783,https://x.com/irisuare/status/1936062006261694783,₊˚ʚ🌼₊˚✧ . https://t.co/BGgGhe11gI,7.0,226.0,6982.0,258687.0,und,,,,,,,,,,,,
tweet-1935871502874034324,2026-03-06 17:16:18,推特,KAMINEKO2333,'1385976872966623233,神鬼猫,转帖,Fri Jun 20 01:25:07 +0000 2025,,,,,,,,,HayashiChuya,'1789933552123142144,双木扶苏,Thu Jun 19 03:47:23 +0000 2025,'1935544917209792980,https://x.com/HayashiChuya/status/1935544917209792980,https://t.co/L0k4tSCCCr,6.0,156.0,3195.0,67124.0,zxx,,,,,,,,,,,,
tweet-1927905874598588611,2026-03-06 17:16:18,推特,KAMINEKO2333,'1385976872966623233,神鬼猫,转帖,Thu May 29 01:52:33 +0000 2025,,,,,,,,,BailiKoi,'1868968470517555200,白栎Shirly,Wed May 28 10:29:02 +0000 2025,'1927673464254583035,https://x.com/BailiKoi/status/1927673464254583035,是的我是恶毒的女人 https://t.co/nTPYoVJlqm,25.0,76.0,2079.0,77365.0,zh,,,,,,,,,,,,
tweet-1920169221369311258,2026-03-06 17:16:18,推特,KAMINEKO2333,'1385976872966623233,神鬼猫,转帖,Wed May 07 17:29:52 +0000 2025,,,,,,,,,Rainbow_kig,'1244942154444595200,彩虹,Tue May 06 16:09:39 +0000 2025,'1919786649145282806,https://x.com/Rainbow_kig/status/1919786649145282806,漫展白天→漫展晚上#kigurumi https://t.co/meN21P8oiL,8.0,32.0,310.0,27685.0,ja,,,,,,,,,,,,
tweet-1919505068833030424,2026-03-06 17:16:18,推特,KAMINEKO2333,'1385976872966623233,神鬼猫,转帖,Mon May 05 21:30:45 +0000 2025,,,,,,,,,HayaseRyo17148,'1906359025585033216,Hayase Ryo,Mon May 05 15:42:51 +0000 2025,'1919417516197093529,https://x.com/HayaseRyo17148/status/1919417516197093529,萤火虫#kigurumi https://t.co/B0RP1f5urD,2.0,17.0,185.0,5244.0,zh,,,,,,,,,,,,
tweet-1918365497369985528,2026-03-06 17:16:18,推特,KAMINEKO2333,'1385976872966623233,神鬼猫,转帖,Fri May 02 18:02:30 +0000 2025,,,,,,,,,Wubian55555,'1654168051800215553,無边,Sun Apr 20 11:59:14 +0000 2025,'1913925424918208907,https://x.com/Wubian55555/status/1913925424918208907,孩子们，我实装了（📷：@FengZhi_LQ#kigurumi #着ぐるみ #ブルーアーカイブ #ノゾミ https://t.co/YBl28qbZZQ,18.0,68.0,687.0,31910.0,zh,,,,,,,,,,,,
tweet-1918365058880684294,2026-03-06 17:16:18,推特,KAMINEKO2333,'1385976872966623233,神鬼猫,转帖,Fri May 02 18:00:46 +0000 2025,,,,,,,,,heihei2053,'892626602,HeiHei,Wed Apr 30 13:28:47 +0000 2025,'1917571836117934235,https://x.com/heihei2053/status/1917571836117934235,【🐾】 https://t.co/9xx0iTvyCA,6.0,62.0,1103.0,29535.0,und,,,,,,,,,,,,
tweet-1917641118566736064,2026-03-06 17:16:18,推特,KAMINEKO2333,'1385976872966623233,神鬼猫,转帖,Wed Apr 30 18:04:05 +0000 2025,,,,,,,,,heihei2053,'892626602,HeiHei,Wed Apr 30 06:25:24 +0000 2025,'1917465289907921247,https://x.com/heihei2053/status/1917465289907921247,【🐾🐯】The sand on the beach is a bit dirty...———————🐯：“迷路了，襪子也髒了，氣死我了！！”🐯：“？笨狗你爲什麼蹲下來？ ”下一秒老虎見識到了某人大師級別的腳底板清潔能力🥵…#kigurumi#とらドラ#逢坂大河 https://t.co/ZVNskYjmxG,8.0,71.0,788.0,36127.0,zh,,,,,,,,,,,,
tweet-1128425959902912512,2026-03-06 17:17:15,推特,371742873Ana,'3758757019,AnaLiMakeUp,原创,Tue May 14 22:24:48 +0000 2019,,,,,,,,,371742873Ana,'3758757019,AnaLiMakeUp,Tue May 14 22:24:48 +0000 2019,'1128425959902912512,https://x.com/371742873Ana/status/1128425959902912512,Galaxy makeup https://t.co/6dyvlCHrW4,0.0,0.0,0.0,,en,,,,,,,,,,,,
tweet-1127102073751740416,2026-03-06 17:17:15,推特,371742873Ana,'3758757019,AnaLiMakeUp,原创,Sat May 11 06:44:09 +0000 2019,,,,,,,,,371742873Ana,'3758757019,AnaLiMakeUp,Sat May 11 06:44:09 +0000 2019,'1127102073751740416,https://x.com/371742873Ana/status/1127102073751740416,Spicy Beef noddle https://t.co/enNoQ3sHRZ,0.0,0.0,0.0,,en,,,,,,,,,,,,
tweet-1127101221607657472,2026-03-06 17:17:15,推特,371742873Ana,'3758757019,AnaLiMakeUp,原创,Sat May 11 06:40:46 +0000 2019,,,,,,,,,371742873Ana,'3758757019,AnaLiMakeUp,Sat May 11 06:40:46 +0000 2019,'1127101221607657472,https://x.com/371742873Ana/status/1127101221607657472,Cambodian dessert https://t.co/Psu4oaWy6i,0.0,0.0,0.0,,cy,,,,,,,,,,,,
tweet-1127100896293163008,2026-03-06 17:17:15,推特,371742873Ana,'3758757019,AnaLiMakeUp,原创,Sat May 11 06:39:28 +0000 2019,,,,,,,,,371742873Ana,'3758757019,AnaLiMakeUp,Sat May 11 06:39:28 +0000 2019,'1127100896293163008,https://x.com/371742873Ana/status/1127100896293163008,Unboxing Hello Fresh fresh food box. It is convenient and quick. Easy to cook. @hellofreshau https://t.co/ySrrIrdCwq,0.0,0.0,1.0,,en,,,,,,,,,,,,
tweet-1126054437368123393,2026-03-06 17:17:15,推特,371742873Ana,'3758757019,AnaLiMakeUp,原创,Wed May 08 09:21:13 +0000 2019,,,,,,,,,371742873Ana,'3758757019,AnaLiMakeUp,Wed May 08 09:21:13 +0000 2019,'1126054437368123393,https://x.com/371742873Ana/status/1126054437368123393,creative lip https://t.co/rEjy8EX4RJ,0.0,0.0,0.0,,en,,,,,,,,,,,,
tweet-1126053061934428160,2026-03-06 17:17:15,推特,371742873Ana,'3758757019,AnaLiMakeUp,原创,Wed May 08 09:15:45 +0000 2019,,,,,,,,,371742873Ana,'3758757019,AnaLiMakeUp,Wed May 08 09:15:45 +0000 2019,'1126053061934428160,https://x.com/371742873Ana/status/1126053061934428160,creative makeup https://t.co/zr8qk2CwrH,0.0,0.0,0.0,,en,,,,,,,,,,,,
tweet-1123513876816044034,2026-03-06 17:17:15,推特,371742873Ana,'3758757019,AnaLiMakeUp,原创,Wed May 01 09:05:56 +0000 2019,,,,,,,,,371742873Ana,'3758757019,AnaLiMakeUp,Wed May 01 09:05:56 +0000 2019,'1123513876816044034,https://x.com/371742873Ana/status/1123513876816044034,External shoot for wet look. https://t.co/jq9zvpsosh,0.0,0.0,0.0,,en,,,,,,,,,,,,
tweet-1121037008204263425,2026-03-06 17:17:15,推特,371742873Ana,'3758757019,AnaLiMakeUp,原创,Wed Apr 24 13:03:45 +0000 2019,,,,,,,,,371742873Ana,'3758757019,AnaLiMakeUp,Wed Apr 24 13:03:45 +0000 2019,'1121037008204263425,https://x.com/371742873Ana/status/1121037008204263425,Thx Thomas Farm Kitchen. First time Fresh food subscripted box unboxing!Delivery was very fast and the food were still very fresh when they arrived. Going to try the food soon❤️@ https://t.co/2hppwLzGkQ,0.0,0.0,0.0,,en,,,,,,,,,,,,
tweet-1119750513929572352,2026-03-06 17:17:15,推特,371742873Ana,'3758757019,AnaLiMakeUp,原创,Sat Apr 20 23:51:41 +0000 2019,,,,,,,,,371742873Ana,'3758757019,AnaLiMakeUp,Sat Apr 20 23:51:41 +0000 2019,'1119750513929572352,https://x.com/371742873Ana/status/1119750513929572352,race day work https://t.co/hxvMy5YILd,0.0,0.0,0.0,,en,,,,,,,,,,,,
tweet-1114642476864684032,2026-03-06 17:17:15,推特,371742873Ana,'3758757019,AnaLiMakeUp,原创,Sat Apr 06 21:34:10 +0000 2019,,,,,,,,,371742873Ana,'3758757019,AnaLiMakeUp,Sat Apr 06 21:34:10 +0000 2019,'1114642476864684032,https://x.com/371742873Ana/status/1114642476864684032,https://t.co/mME6g48cUj,0.0,0.0,0.0,,zxx,,,,,,,,,,,,
tweet-1114642382501244928,2026-03-06 17:17:15,推特,371742873Ana,'3758757019,AnaLiMakeUp,原创,Sat Apr 06 21:33:47 +0000 2019,,,,,,,,,371742873Ana,'3758757019,AnaLiMakeUp,Sat Apr 06 21:33:47 +0000 2019,'1114642382501244928,https://x.com/371742873Ana/status/1114642382501244928,https://t.co/muXbcDvVqB,0.0,0.0,0.0,,zxx,,,,,,,,,,,,
tweet-1114642270769180673,2026-03-06 17:17:15,推特,371742873Ana,'3758757019,AnaLiMakeUp,原创,Sat Apr 06 21:33:21 +0000 2019,,,,,,,,,371742873Ana,'3758757019,AnaLiMakeUp,Sat Apr 06 21:33:21 +0000 2019,'1114642270769180673,https://x.com/371742873Ana/status/1114642270769180673,https://t.co/DzWvbK8ao1,0.0,0.0,0.0,,zxx,,,,,,,,,,,,
tweet-1114642033954541568,2026-03-06 17:17:15,推特,371742873Ana,'3758757019,AnaLiMakeUp,原创,Sat Apr 06 21:32:24 +0000 2019,,,,,,,,,371742873Ana,'3758757019,AnaLiMakeUp,Sat Apr 06 21:32:24 +0000 2019,'1114642033954541568,https://x.com/371742873Ana/status/1114642033954541568,https://t.co/QdFm9wx5Kk,0.0,0.0,0.0,,zxx,,,,,,,,,,,,
tweet-1114641958536974336,2026-03-06 17:17:15,推特,371742873Ana,'3758757019,AnaLiMakeUp,原创,Sat Apr 06 21:32:06 +0000 2019,,,,,,,,,371742873Ana,'3758757019,AnaLiMakeUp,Sat Apr 06 21:32:06 +0000 2019,'1114641958536974336,https://x.com/371742873Ana/status/1114641958536974336,https://t.co/7awPWZpFq9,0.0,0.0,0.0,,zxx,,,,,,,,,,,,
tweet-1114641776910815232,2026-03-06 17:17:15,推特,371742873Ana,'3758757019,AnaLiMakeUp,原创,Sat Apr 06 21:31:23 +0000 2019,,,,,,,,,371742873Ana,'3758757019,AnaLiMakeUp,Sat Apr 06 21:31:23 +0000 2019,'1114641776910815232,https://x.com/371742873Ana/status/1114641776910815232,https://t.co/caSi1YfRoW,0.0,0.0,0.0,,zxx,,,,,,,,,,,,
tweet-1114641688243232768,2026-03-06 17:17:15,推特,371742873Ana,'3758757019,AnaLiMakeUp,原创,Sat Apr 06 21:31:02 +0000 2019,,,,,,,,,371742873Ana,'3758757019,AnaLiMakeUp,Sat Apr 06 21:31:02 +0000 2019,'1114641688243232768,https://x.com/371742873Ana/status/1114641688243232768,https://t.co/vZQykHOIfz,0.0,0.0,0.0,,zxx,,,,,,,,,,,,
tweet-1114640107959545856,2026-03-06 17:17:15,推特,371742873Ana,'3758757019,AnaLiMakeUp,原创,Sat Apr 06 21:24:45 +0000 2019,,,,,,,,,371742873Ana,'3758757019,AnaLiMakeUp,Sat Apr 06 21:24:45 +0000 2019,'1114640107959545856,https://x.com/371742873Ana/status/1114640107959545856,https://t.co/j3fLgdPuWm,0.0,0.0,0.0,,zxx,,,,,,,,,,,,
tweet-1114639952308887552,2026-03-06 17:17:15,推特,371742873Ana,'3758757019,AnaLiMakeUp,原创,Sat Apr 06 21:24:08 +0000 2019,,,,,,,,,371742873Ana,'3758757019,AnaLiMakeUp,Sat Apr 06 21:24:08 +0000 2019,'1114639952308887552,https://x.com/371742873Ana/status/1114639952308887552,https://t.co/qcNK1uFlTU,0.0,0.0,0.0,,zxx,,,,,,,,,,,,
tweet-1114639765033209857,2026-03-06 17:17:15,推特,371742873Ana,'3758757019,AnaLiMakeUp,原创,Sat Apr 06 21:23:23 +0000 2019,,,,,,,,,371742873Ana,'3758757019,AnaLiMakeUp,Sat Apr 06 21:23:23 +0000 2019,'1114639765033209857,https://x.com/371742873Ana/status/1114639765033209857,https://t.co/fJhA10Eb7f,0.0,0.0,0.0,,zxx,,,,,,,,,,,,
tweet-1114639635743772672,2026-03-06 17:17:15,推特,371742873Ana,'3758757019,AnaLiMakeUp,原创,Sat Apr 06 21:22:52 +0000 2019,,,,,,,,,371742873Ana,'3758757019,AnaLiMakeUp,Sat Apr 06 21:22:52 +0000 2019,'1114639635743772672,https://x.com/371742873Ana/status/1114639635743772672,https://t.co/JGW6mJIjnz,0.0,0.0,0.0,,zxx,,,,,,,,,,,,
tweet-1932364771917287922,2026-03-06 17:18:34,推特,rgrght_ioi,'1250623349098569728,QQㄋㄟㄋㄟ好喝到咩噗茶,转帖,Tue Jun 10 09:10:37 +0000 2025,,,,,,,,,fgoproject,'2968069742,【公式】Fate/Grand Order,Wed Jun 04 11:53:17 +0000 2025,'1930231380593782990,https://x.com/fgoproject/status/1930231380593782990,【カルデア広報局より】★FGO Fes. 2025情報(5/5)★「FGO Fes. 2025」描き下ろしサーヴァントイラストは100騎以上！新規描き下ろしサーヴァントイラストを8騎公開いたしました。さらに、6月20日(金)21時から「くらぶカルデア FGOラジオステーション」にて「FGO Fes. 2025」特番を放送予定！ https://t.co/1D5F3bnNKh,12.0,5011.0,11322.0,1112465.0,ja,,,,,,,,,,,,
tweet-1903519530951069776,2026-03-06 17:18:34,推特,rgrght_ioi,'1250623349098569728,QQㄋㄟㄋㄟ好喝到咩噗茶,转帖,Sat Mar 22 18:49:56 +0000 2025,,,,,,,,,project_ge,'123730778,「ゴッドイーター」シリーズ公式アカウント,Tue Feb 04 01:00:03 +0000 2025,'1886580442956226586,https://x.com/project_ge/status/1886580442956226586,皆様のおかげで、ゴッドイーターは本日15周年を迎えることができました。引き続きのご支援とご愛顧に心から感謝申し上げます。また15周年のお祝いに、板倉耕一さんから描き下ろしイラストが到着…‼これからもゴッドイーターをよろしくお願いいたします…‼#GE15周年 https://t.co/OlSuq0RDba,316.0,17988.0,35524.0,3083649.0,ja,,,,,,,,,,,,
tweet-1889729749494255643,2026-03-06 17:18:34,推特,rgrght_ioi,'1250623349098569728,QQㄋㄟㄋㄟ好喝到咩噗茶,转帖,Wed Feb 12 17:34:16 +0000 2025,,,,,,,,,mushbuzz_art,'938315143422803969,𝐌𝐔𝐒𝐇𝐁𝐔𝐙𝐙,Sun Jan 26 13:18:52 +0000 2025,'1883504882029937143,https://x.com/mushbuzz_art/status/1883504882029937143,#Maxiel Just two happy boys https://t.co/InBXTpgO1f,4.0,551.0,3142.0,55711.0,en,,,,,,,,,,,,
tweet-1886460122039509086,2026-03-06 17:18:34,推特,rgrght_ioi,'1250623349098569728,QQㄋㄟㄋㄟ好喝到咩噗茶,转帖,Mon Feb 03 17:01:56 +0000 2025,,,,,,,,,lewin00000,'709629417715138561,뿡빵뀨,Tue Aug 13 15:55:40 +0000 2024,'1823387955135979678,https://x.com/lewin00000/status/1823387955135979678,가서 예의 바르게 행동하고 배고프지 않게 가는 길에 까까 사 먹거라(민용 인형이 곧 순차 배송됩니다.🐶🐱) https://t.co/uzm4FliODh,69.0,11537.0,85142.0,1491540.0,ko,,,,,,,,,,,,
tweet-1885012191092556098,2026-03-06 17:18:34,推特,rgrght_ioi,'1250623349098569728,QQㄋㄟㄋㄟ好喝到咩噗茶,转帖,Thu Jan 30 17:08:22 +0000 2025,,,,,,,,,lewin00000,'709629417715138561,뿡빵뀨,Thu Dec 07 13:25:54 +0000 2023,'1732753300263752142,https://x.com/lewin00000/status/1732753300263752142,골골송🎶 https://t.co/pXa2dCql2h,286.0,17495.0,85813.0,2316450.0,ko,,,,,,,,,,,,
tweet-1872951342060453986,2026-03-06 17:18:34,推特,rgrght_ioi,'1250623349098569728,QQㄋㄟㄋㄟ好喝到咩噗茶,转帖,Sat Dec 28 10:22:52 +0000 2024,,,,,,,,,iku_mi193,'496916371,片桐いくみ,Fri Feb 27 11:25:54 +0000 2015,'571269992450166784,https://x.com/iku_mi193/status/571269992450166784,余談ですが３巻のここ、最初はゲームと同じで手を差し出していたのですが、なぜかネームになった時にヒロ君が拳を突き出していて作者もギルも驚いたのシーン。最近ヒロ君ブラッドに馴染んだみたいで勝手に動いちゃうんだぜ http://t.co/Qp1qA1ZXbm,5.0,180.0,354.0,,ja,,,,,,,,,,,,
tweet-1831662132305232302,2026-03-06 17:18:34,推特,rgrght_ioi,'1250623349098569728,QQㄋㄟㄋㄟ好喝到咩噗茶,转帖,Thu Sep 05 11:54:17 +0000 2024,,,,,,,,,Myrenta_tw,'1671041401298259968,Renta！亂搭,Fri May 10 09:00:03 +0000 2024,'1788856515870527879,https://x.com/Myrenta_tw/status/1788856515870527879,#ぽけろう 老師（@pokerou2）的 #野獸派的愛把我啃食殆盡 讀者好評＆小編推薦✨狼化的純情溫柔攻 × 努力靠近對方的大學生受體型差＋獸化設定＋細膩情感描繪💗《野獸派的愛把我啃食殆盡》更多試閱 &gt;&gt; https://t.co/YOyTFjrWHr#亂搭推薦 #BL漫畫 #噛み砕いて愛をおしえて https://t.co/9NRCVZoFnu,16.0,271.0,3769.0,1270335.0,zh,,,,,,,,,,,,
tweet-1830066046973460871,2026-03-06 17:18:34,推特,rgrght_ioi,'1250623349098569728,QQㄋㄟㄋㄟ好喝到咩噗茶,转帖,Sun Sep 01 02:12:01 +0000 2024,,,,,,,,,s_696,'635283597,斉藤ロクロ Rokuro Saito,Wed Aug 04 07:46:13 +0000 2021,'1422826191908532224,https://x.com/s_696/status/1422826191908532224,ComicWalkerにて『GODEATER』２作品が増量公開中です。（8/6まで）https://t.co/P92Vp6I8pt３は描いてないけど昔タペストリー描かせてもらったヤツの線画めっけたので出しちゃう。完成版のレイアウト的に主人公は殆ど隠れちゃったので、前身はお初にお目にかかります。 https://t.co/dtg3oXLkON,1.0,273.0,827.0,,ja,,,,,,,,,,,,
tweet-1830063770854703111,2026-03-06 17:18:34,推特,rgrght_ioi,'1250623349098569728,QQㄋㄟㄋㄟ好喝到咩噗茶,转帖,Sun Sep 01 02:02:58 +0000 2024,,,,,,,,,s_696,'635283597,斉藤ロクロ Rokuro Saito,Wed Aug 28 10:36:39 +0000 2024,'1828743493415772436,https://x.com/s_696/status/1828743493415772436,伸ばしかけソマ氏でおたおめ〰︎〰︎㊗㊗㊗#ソーマ・シックザール誕生祭2024 #ソーマ・シックザール #godeater https://t.co/BDfhpE3SC2,1.0,499.0,1396.0,,ja,,,,,,,,,,,,
tweet-1829904385708868029,2026-03-06 17:18:34,推特,rgrght_ioi,'1250623349098569728,QQㄋㄟㄋㄟ好喝到咩噗茶,原创,Sat Aug 31 15:29:38 +0000 2024,,,,,,,,,rgrght_ioi,'1250623349098569728,QQㄋㄟㄋㄟ好喝到咩噗茶,Sat Aug 31 15:29:38 +0000 2024,'1829904385708868029,https://x.com/rgrght_ioi/status/1829904385708868029,画点小熊侦探🐻 https://t.co/QQM521Zi4r,0.0,0.0,0.0,88.0,ja,,,,,,,,,,,,
tweet-1829406955733156076,2026-03-06 17:18:34,推特,rgrght_ioi,'1250623349098569728,QQㄋㄟㄋㄟ好喝到咩噗茶,转帖,Fri Aug 30 06:33:01 +0000 2024,,,,,,,,,pokerou2,'1422060928971939840,ぽけろう,Tue Feb 15 11:48:19 +0000 2022,'1493552750298546176,https://x.com/pokerou2/status/1493552750298546176,【お知らせ】『ご馳走さまが聞こえない！』単行本電子でも配信していただけるそうです🙇‍♂️🌠●2/24～　Renta!さん、コミック.jpさんで先行配信●3/10～　ほか書店さんで配信描き下ろしもご用意があります🙇‍♂️●各書店共通で10P＋Renta!限定1P＋コミックシーモア限定1Pよろしくお願いします🙏 https://t.co/WOrYbhgG8C,7.0,132.0,481.0,,ja,,,,,,,,,,,,
tweet-1796888856928637414,2026-03-06 17:18:34,推特,rgrght_ioi,'1250623349098569728,QQㄋㄟㄋㄟ好喝到咩噗茶,转帖,Sat Jun 01 12:57:42 +0000 2024,,,,,,,,,O_nlysalvat,'1705009148889538560,salvacore1,Tue Mar 05 00:11:23 +0000 2024,'1764805875301261661,https://x.com/O_nlysalvat/status/1764805875301261661,研究员和她死不了的老公（4/4） https://t.co/y4JzWD6dnX,102.0,2399.0,23498.0,1583526.0,zh,,,,,,,,,,,,
tweet-1793674037404836000,2026-03-06 17:18:34,推特,rgrght_ioi,'1250623349098569728,QQㄋㄟㄋㄟ好喝到咩噗茶,转帖,Thu May 23 16:03:10 +0000 2024,,,,,,,,,Arlan_311,'752393848974774273,Arlan_阿兰兰,Thu Apr 25 19:17:38 +0000 2024,'1783576120144572627,https://x.com/Arlan_311/status/1783576120144572627,#jasontodd https://t.co/T1yMeHlkQt,1.0,238.0,1013.0,16627.0,qme,,,,,,,,,,,,
tweet-1760343094896280006,2026-03-06 17:18:34,推特,rgrght_ioi,'1250623349098569728,QQㄋㄟㄋㄟ好喝到咩噗茶,转帖,Wed Feb 21 16:37:54 +0000 2024,,,,,,,,,Baby_BL_Fusion,'170598427,BABY編集部,Fri Jan 26 04:03:46 +0000 2024,'1750731228112900403,https://x.com/Baby_BL_Fusion/status/1750731228112900403,シリーズ最新刊 [#Hate_My_MIA！３/#人鳥ぺんぎん] ✨ドラマCD付き版✨ご予約受付中💕💕Amazon https://t.co/EqQTFPKh9Xアニメイト https://t.co/n4EJk61fCfコミコミ https://t.co/JzCT5cBqtlとらのあな https://t.co/w3aRS7d7Sihonto https://t.co/iofmA0VqKA,1.0,7.0,16.0,4113.0,ja,,,,,,,,,,,,
tweet-1755997593258332329,2026-03-06 17:18:34,推特,rgrght_ioi,'1250623349098569728,QQㄋㄟㄋㄟ好喝到咩噗茶,转帖,Fri Feb 09 16:50:25 +0000 2024,,,,,,,,,s_696,'635283597,斉藤ロクロ Rokuro Saito,Fri Feb 09 10:10:27 +0000 2024,'1755896935725334965,https://x.com/s_696/status/1755896935725334965,ユウゴいいぞ。 （アインもいいぞ） #godeater https://t.co/d11Lil0qyf,0.0,426.0,1243.0,71969.0,ja,,,,,,,,,,,,
tweet-1750892817256518022,2026-03-06 17:18:34,推特,rgrght_ioi,'1250623349098569728,QQㄋㄟㄋㄟ好喝到咩噗茶,转帖,Fri Jan 26 14:45:52 +0000 2024,,,,,,,,,manga10_torico,'733529352776749056,マンガ展／TORICO,Thu Jan 05 09:01:04 +0000 2023,'1610924328992010241,https://x.com/manga10_torico/status/1610924328992010241,＼📢お知らせ📢／⚔️🛡️#山田南平 先生「#イケメン騎士を拾ったんだがどうしたらいい? 」1巻発売記念フェア🛡️⚔️#騎士どう＆#恋するMOONDOG (#恋犬) グッズの事後通販が決定💁‍♀️✨ただいまより販売開始しております🐶💕在庫僅かな商品もありますのでお見逃しなく‼️詳細⬇️https://t.co/CLQ6SGwb06 https://t.co/4sGR0HwFMW,0.0,16.0,70.0,38227.0,ja,,,,,,,,,,,,
tweet-1745977638123167772,2026-03-06 17:18:34,推特,rgrght_ioi,'1250623349098569728,QQㄋㄟㄋㄟ好喝到咩噗茶,转帖,Sat Jan 13 01:14:42 +0000 2024,,,,,,,,,BVB,'165699676,Borussia Dortmund,Fri Jan 12 07:35:47 +0000 2024,'1745711154020667464,https://x.com/BVB/status/1745711154020667464,🎬 Zum Start in den Tag: Unser Blick hinter die Kulissen der Verpflichtung von Jadon #Sancho! ⚫️🟡,30.0,70.0,1002.0,66243.0,de,,,,,,,,,,,,
tweet-1740430798850068729,2026-03-06 17:18:34,推特,rgrght_ioi,'1250623349098569728,QQㄋㄟㄋㄟ好喝到咩噗茶,转帖,Thu Dec 28 17:53:32 +0000 2023,,,,,,,,,innocenceclub,'1511782342322442249,໊,Mon Dec 18 15:46:04 +0000 2023,'1736774841573818601,https://x.com/innocenceclub/status/1736774841573818601,saint https://t.co/rIEdRtLniU,10.0,661.0,8271.0,166523.0,en,,,,,,,,,,,,
tweet-1739313614107165012,2026-03-06 17:18:34,推特,rgrght_ioi,'1250623349098569728,QQㄋㄟㄋㄟ好喝到咩噗茶,转帖,Mon Dec 25 15:54:15 +0000 2023,,,,,,,,,baiyeju8,'1504822263522402316,baiye,Mon Dec 25 12:29:04 +0000 2023,'1739261981608325387,https://x.com/baiyeju8/status/1739261981608325387,🥹！！！ https://t.co/BsEYdHO2lW,2.0,3.0,27.0,1661.0,und,,,,,,,,,,,,
tweet-1739313215237185771,2026-03-06 17:18:34,推特,rgrght_ioi,'1250623349098569728,QQㄋㄟㄋㄟ好喝到咩噗茶,转帖,Mon Dec 25 15:52:40 +0000 2023,,,,,,,,,001___puno,'1448970905506377729,🌕,Mon Dec 25 07:56:35 +0000 2023,'1739193408114094522,https://x.com/001___puno/status/1739193408114094522,🎄 https://t.co/xTzV3uRsJY,6.0,412.0,4477.0,109461.0,qme,,,,,,,,,,,,
tweet-1468032126553849856,2026-03-06 17:28:06,推特,adro_sa,'4788956514,阿道@觀測者花組,转帖,Tue Dec 07 01:38:28 +0000 2021,,,,,,,,,atani_aaa,'1347767483613257730,太二_atani,Thu Dec 02 10:01:24 +0000 2021,'1466346755159588866,https://x.com/atani_aaa/status/1466346755159588866,Day2illustrate：miyy_#花譜生誕祭2021#花譜生誕祭中国観測者イラストラリー選手権#花譜美術部 https://t.co/cWsWZWOrYd,2.0,74.0,234.0,,en,,,,,,,,,,,,
tweet-1420390152568934408,2026-03-06 17:28:06,推特,adro_sa,'4788956514,阿道@觀測者花組,转帖,Wed Jul 28 14:26:16 +0000 2021,,,,,,,,,VWP_virtual,'1366715513531891718,V.W.P -Virtual Witch Phenomenon-,Thu Jul 22 11:00:01 +0000 2021,'1418163921421324288,https://x.com/VWP_virtual/status/1418163921421324288,#One_day_VWPillustration by 藤実なんな（@nanna_fujimi）#海の日 #VWP #花譜 #理芽 #春猿火 #ヰ世界情緒 #_幸祜 #KAMITSUBAKI_STUDIO #藤実なんな【Original MV】電脳 / V.W.P #3　https://t.co/q1G48DCsXB https://t.co/nEkoSb7jQn,14.0,660.0,2595.0,,ja,,,,,,,,,,,,
tweet-1403627384172023808,2026-03-06 17:28:06,推特,adro_sa,'4788956514,阿道@觀測者花組,转帖,Sat Jun 12 08:17:01 +0000 2021,,,,,,,,,PALOW_,'119797375,PALOW. − 𝗦𝗦𝗦,Sat Jun 12 07:52:02 +0000 2021,'1403621097153523716,https://x.com/PALOW_/status/1403621097153523716,ライブ全編無料です！みんな見てー！！！,1.0,215.0,739.0,,ja,,,,,,,,,,,,
tweet-1403627239267205127,2026-03-06 17:28:06,推特,adro_sa,'4788956514,阿道@觀測者花組,转帖,Sat Jun 12 08:16:26 +0000 2021,,,,,,,,,wakakusa_16,'1035875354462670850,若草而生,Sat Jun 12 08:13:29 +0000 2021,'1403626498385317892,https://x.com/wakakusa_16/status/1403626498385317892,今のqq group #不可解弐REBUILDING https://t.co/3JQmfDFhg8,0.0,1.0,4.0,,ja,,,,,,,,,,,,
tweet-1403627171864715266,2026-03-06 17:28:06,推特,adro_sa,'4788956514,阿道@觀測者花組,转帖,Sat Jun 12 08:16:10 +0000 2021,,,,,,,,,virtual_kaf,'1049963911087153152,花譜-KAF-,Sat Jun 12 02:00:31 +0000 2021,'1403532635155025923,https://x.com/virtual_kaf/status/1403532635155025923,今日から明日の世界を変えるよ。Q2:RE-世界線は分岐する-https://t.co/Cytm0rSaXXQ3-魔法の無い世界-https://t.co/rw8vdEtew6#花譜 #不可解弐REBUILDING https://t.co/mXWvciLMTQ,21.0,993.0,2727.0,,ja,,,,,,,,,,,,
tweet-1403627147730690053,2026-03-06 17:28:06,推特,adro_sa,'4788956514,阿道@觀測者花組,转帖,Sat Jun 12 08:16:04 +0000 2021,,,,,,,,,virtual_kaf,'1049963911087153152,花譜-KAF-,Sat Jun 05 08:30:29 +0000 2021,'1401094060476014593,https://x.com/virtual_kaf/status/1401094060476014593,いよいよ来週6/11(金)12(土)に2nd ONE-LIVE「#不可解弐REBUILDING」を豊洲PITで開催します！！配信でもご覧いただけるのでぜひたくさんの方に見ていただきたいです。早く会いたいです。https://t.co/5TxRP3DX6t#花譜 https://t.co/h4gMbXvTDC,23.0,676.0,2972.0,,ja,,,,,,,,,,,,
tweet-1403627133990100994,2026-03-06 17:28:06,推特,adro_sa,'4788956514,阿道@觀測者花組,转帖,Sat Jun 12 08:16:01 +0000 2021,,,,,,,,,kaf_info,'1082119799730130944,花譜 information,Sat Jun 12 06:19:53 +0000 2021,'1403597906360160258,https://x.com/kaf_info/status/1403597906360160258,【#不可解弐REBUILDING 情報】15:45より花譜の過去のライブダイジェストを一挙放送！！📺番組視聴はコチラからhttps://t.co/5Aut4jwovV※そのままYouTube Liveにてライブ本編をご覧いただけます。#花譜 https://t.co/v1HwQjeIOC,1.0,404.0,1128.0,,ja,,,,,,,,,,,,
tweet-1403627122426454017,2026-03-06 17:28:06,推特,adro_sa,'4788956514,阿道@觀測者花組,转帖,Sat Jun 12 08:15:58 +0000 2021,,,,,,,,,virtual_kaf,'1049963911087153152,花譜-KAF-,Sat Jun 12 07:29:50 +0000 2021,'1403615509526978565,https://x.com/virtual_kaf/status/1403615509526978565,#不可解弐REBUILDING いよいよラスト公演です。「不可解弐Q3-魔法の無い世界-」ぜひ最後まで見届けてもらえたら嬉しいです。https://t.co/rw8vdEtew6#花譜,89.0,1771.0,3979.0,,ja,,,,,,,,,,,,
tweet-1372480255127027713,2026-03-06 17:28:06,推特,adro_sa,'4788956514,阿道@觀測者花組,转帖,Thu Mar 18 09:29:26 +0000 2021,,,,,,,,,Sora9HK1,'741648630533218304,Chu_2未桜@skeb募集中,Tue Mar 16 10:01:09 +0000 2021,'1371763458153193472,https://x.com/Sora9HK1/status/1371763458153193472,魔法 #女の子 #習作 #落书き #花譜 #不可解 https://t.co/YO7P2sbZ2s https://t.co/aBBxzJmA7y,2.0,47.0,204.0,,ja,,,,,,,,,,,,
tweet-1370690620314898434,2026-03-06 17:28:06,推特,adro_sa,'4788956514,阿道@觀測者花組,转帖,Sat Mar 13 10:58:04 +0000 2021,,,,,,,,,penori_furan,'1200668645745016837,Pe海苔@観測者幸組,Sat Mar 13 10:25:09 +0000 2021,'1370682335058784256,https://x.com/penori_furan/status/1370682335058784256,次の音楽を創る少女の晴れ舞台だ。目に焼き付けてやる#不可解弐Q2 https://t.co/4xRz8MRmaD,0.0,1.0,16.0,,ja,,,,,,,,,,,,
tweet-1370678261148119045,2026-03-06 17:28:06,推特,adro_sa,'4788956514,阿道@觀測者花組,原创,Sat Mar 13 10:08:58 +0000 2021,,,,,,,,,adro_sa,'4788956514,阿道@觀測者花組,Sat Mar 13 10:08:58 +0000 2021,'1370678261148119045,https://x.com/adro_sa/status/1370678261148119045,トレンド1位‼︎ #不可解弐Q2,0.0,0.0,4.0,,ja,,,,,,,,,,,,
tweet-1370677610485673989,2026-03-06 17:28:06,推特,adro_sa,'4788956514,阿道@觀測者花組,转帖,Sat Mar 13 10:06:22 +0000 2021,,,,,,,,,delta_observer,'1121043233927131136,Δ,Sat Mar 13 09:53:02 +0000 2021,'1370674254337904642,https://x.com/delta_observer/status/1370674254337904642,言霊は神椿の最高火力。#不可解弐Q2 https://t.co/qTPPA0mFXa,0.0,23.0,62.0,,ja,,,,,,,,,,,,
tweet-1370673782235394054,2026-03-06 17:28:06,推特,adro_sa,'4788956514,阿道@觀測者花組,转帖,Sat Mar 13 09:51:10 +0000 2021,,,,,,,,,kaf_info,'1082119799730130944,花譜 information,Sat Mar 13 06:03:08 +0000 2021,'1370616398364307457,https://x.com/kaf_info/status/1370616398364307457,【不可解弐Q2情報】今回、本ライブの録音録画は禁止とさせていただきますが、スクリーンショットの撮影、ならびに撮影した「静止画」のSNS等へのアップロードはOKとさせていただきます。ぜひ一緒に「#不可解弐Q2」を拡散し、盛り上げていただけたら嬉しいです。よろしくお願いいたします。#花譜 https://t.co/LIQqooJFjJ,10.0,1375.0,3007.0,,ja,,,,,,,,,,,,
tweet-1370671885378232324,2026-03-06 17:28:06,推特,adro_sa,'4788956514,阿道@觀測者花組,转帖,Sat Mar 13 09:43:37 +0000 2021,,,,,,,,,issikiiiiiii,'1564605722,一色,Fri Mar 12 11:55:23 +0000 2021,'1370342657298362372,https://x.com/issikiiiiiii/status/1370342657298362372,※rkgk https://t.co/vPOEpXZxD2,6.0,1649.0,13073.0,,de,,,,,,,,,,,,
tweet-1370671742281076737,2026-03-06 17:28:06,推特,adro_sa,'4788956514,阿道@觀測者花組,转帖,Sat Mar 13 09:43:03 +0000 2021,,,,,,,,,berryverrine,'1545223952,BerryVerrine,Fri Mar 12 10:04:03 +0000 2021,'1370314637909008384,https://x.com/berryverrine/status/1370314637909008384,2021年3月13日（土）開催の「明日開催の花譜2nd ONE-MAN LIVE『不可解弐Q2』のファンアートを描きました！アーカイブ無し！！見逃せない！！！#花譜 #不可解弐Q2 #公式ファンアート https://t.co/jRpHtmGDRu,12.0,1052.0,5466.0,,ja,,,,,,,,,,,,
tweet-1370648692252844036,2026-03-06 17:28:06,推特,adro_sa,'4788956514,阿道@觀測者花組,转帖,Sat Mar 13 08:11:28 +0000 2021,,,,,,,,,virtual_kaf,'1049963911087153152,花譜-KAF-,Sat Mar 06 09:10:40 +0000 2021,'1368126878205177857,https://x.com/virtual_kaf/status/1368126878205177857,ライブとても楽しみです。不可解弐Q2、絶対見てほしいです。花譜 2nd ONE-MAN LIVE「不可解弐Q2」⏰2021年3月13日（土）開場18:30/開演19:15（予定）※YouTube Liveにて全編無料配信※アーカイブなしhttps://t.co/EbfldWw1oU#花譜 #不可解弐Q2,77.0,3098.0,7037.0,,ja,,,,,,,,,,,,
tweet-1369984392253251586,2026-03-06 17:28:06,推特,adro_sa,'4788956514,阿道@觀測者花組,原创,Thu Mar 11 12:11:46 +0000 2021,,,,,,,,,adro_sa,'4788956514,阿道@觀測者花組,Thu Mar 11 12:11:46 +0000 2021,'1369984392253251586,https://x.com/adro_sa/status/1369984392253251586,终于收到了，因为不寄国内，委托了朋友帮我带回来，真是太难了，啊不过总算是入手了PS:花谱酱签名好可爱⸜₍๑•⌔•๑ ₎⸝#花谱 #花譜 https://t.co/py16NyKHCu,0.0,0.0,5.0,,zh,,,,,,,,,,,,
tweet-1367408342419660800,2026-03-06 17:28:06,推特,adro_sa,'4788956514,阿道@觀測者花組,转帖,Thu Mar 04 09:35:28 +0000 2021,,,,,,,,,virtual_kaf,'1049963911087153152,花譜-KAF-,Thu Mar 04 09:34:45 +0000 2021,'1367408160705683478,https://x.com/virtual_kaf/status/1367408160705683478,うわーーーーー！！！！！！！！！！！！！！！！！！！！！！！！！！！！！！！！！！！！！！！！！！！！！！！！！！！！！！！！！！！！！！！！！！！！！！！！！！！！！！！！！！！！！！！！！！！！！！！！！！！！！！！！！！！！！！！！！！！！！！！#YouTube総視聴回数1億回突破 https://t.co/nOOGox1bjW,448.0,2030.0,9819.0,,ja,,,,,,,,,,,,
tweet-2029074555126599720,2026-03-06 17:29:00,推特,qiorno41695489,'1968161758323097600,是灰灰子吖,转帖,Wed Mar 04 06:00:46 +0000 2026,,,,,,,,,ssskuang_,'1347346597902831617,氵沰,Mon Mar 02 13:46:18 +0000 2026,'2028466933826519163,https://x.com/ssskuang_/status/2028466933826519163,https://t.co/Hv9lPwCCsa,5.0,495.0,9900.0,88956.0,zxx,,,,,,,,,,,,
tweet-2029074480979685521,2026-03-06 17:29:00,推特,qiorno41695489,'1968161758323097600,是灰灰子吖,转帖,Wed Mar 04 06:00:29 +0000 2026,,,,,,,,,Hanaseto_0913,'1415691700899500032,liyu,Tue Mar 03 03:07:49 +0000 2026,'2028668639914975510,https://x.com/Hanaseto_0913/status/2028668639914975510,https://t.co/JAWSPK9T6p,4.0,3042.0,22722.0,250363.0,zxx,,,,,,,,,,,,
tweet-2029071130062156066,2026-03-06 17:29:00,推特,qiorno41695489,'1968161758323097600,是灰灰子吖,原创,Wed Mar 04 05:47:10 +0000 2026,,,,,,,,,qiorno41695489,'1968161758323097600,是灰灰子吖,Wed Mar 04 05:47:10 +0000 2026,'2029071130062156066,https://x.com/qiorno41695489/status/2029071130062156066,uta https://t.co/pEnylQRfdO,0.0,0.0,1.0,9.0,und,,,,,,,,,,,,
tweet-2022355843728265310,2026-03-06 17:29:00,推特,qiorno41695489,'1968161758323097600,是灰灰子吖,原创,Fri Feb 13 17:03:01 +0000 2026,,,,,,,,,qiorno41695489,'1968161758323097600,是灰灰子吖,Fri Feb 13 17:03:01 +0000 2026,'2022355843728265310,https://x.com/qiorno41695489/status/2022355843728265310,互联网我对你好失望,0.0,0.0,0.0,3.0,zh,,,,,,,,,,,,
tweet-2022355385647349901,2026-03-06 17:29:00,推特,qiorno41695489,'1968161758323097600,是灰灰子吖,原创,Fri Feb 13 17:01:12 +0000 2026,,,,,,,,,qiorno41695489,'1968161758323097600,是灰灰子吖,Fri Feb 13 17:01:12 +0000 2026,'2022355385647349901,https://x.com/qiorno41695489/status/2022355385647349901,我好焦虑，为什么我就是画不好画，为什么就是没人喜欢我的画…如果我画画能像呼吸一样简单就好了。。。,0.0,0.0,0.0,9.0,zh,,,,,,,,,,,,
tweet-2022353417008746705,2026-03-06 17:29:00,推特,qiorno41695489,'1968161758323097600,是灰灰子吖,转帖,Fri Feb 13 16:53:22 +0000 2026,,,,,,,,,ssskuang_,'1347346597902831617,氵沰,Mon Feb 09 15:37:37 +0000 2026,'2020884802233356515,https://x.com/ssskuang_/status/2020884802233356515,复健oc https://t.co/DQoimBhDYX,21.0,1075.0,20058.0,221976.0,ja,,,,,,,,,,,,
tweet-2021965803982401763,2026-03-06 17:29:00,推特,qiorno41695489,'1968161758323097600,是灰灰子吖,原创,Thu Feb 12 15:13:08 +0000 2026,,,,,,,,,qiorno41695489,'1968161758323097600,是灰灰子吖,Thu Feb 12 15:13:08 +0000 2026,'2021965803982401763,https://x.com/qiorno41695489/status/2021965803982401763,清晨 https://t.co/dcAXx4QQQh,0.0,0.0,1.0,9.0,ja,,,,,,,,,,,,
tweet-2021479120379764765,2026-03-06 17:29:00,推特,qiorno41695489,'1968161758323097600,是灰灰子吖,转帖,Wed Feb 11 06:59:14 +0000 2026,,,,,,,,,qiorno41695489,'1968161758323097600,是灰灰子吖,Tue Feb 10 14:54:16 +0000 2026,'2021236279141142579,https://x.com/qiorno41695489/status/2021236279141142579,nuri https://t.co/laqAS6W9S8,0.0,1.0,1.0,15.0,in,,,,,,,,,,,,
tweet-2021236279141142579,2026-03-06 17:29:00,推特,qiorno41695489,'1968161758323097600,是灰灰子吖,原创,Tue Feb 10 14:54:16 +0000 2026,,,,,,,,,qiorno41695489,'1968161758323097600,是灰灰子吖,Tue Feb 10 14:54:16 +0000 2026,'2021236279141142579,https://x.com/qiorno41695489/status/2021236279141142579,nuri https://t.co/laqAS6W9S8,0.0,1.0,1.0,15.0,in,,,,,,,,,,,,
tweet-1987913911891562948,2026-03-06 17:29:00,推特,qiorno41695489,'1968161758323097600,是灰灰子吖,原创,Mon Nov 10 16:03:04 +0000 2025,,,,,,,,,qiorno41695489,'1968161758323097600,是灰灰子吖,Mon Nov 10 16:03:04 +0000 2025,'1987913911891562948,https://x.com/qiorno41695489/status/1987913911891562948,💚𝑯𝒂𝒑𝒑𝒚 𝒁𝒐𝒓𝒐’𝒔 𝑫𝒂𝒚💚誕生日おめでとう！！！#ONEPIECE #RoronoaZoro https://t.co/lBT4sJsngl,0.0,0.0,1.0,13.0,ja,,,,,,,,,,,,
tweet-1987908290433658924,2026-03-06 17:29:00,推特,qiorno41695489,'1968161758323097600,是灰灰子吖,原创,Mon Nov 10 15:40:44 +0000 2025,,,,,,,,,qiorno41695489,'1968161758323097600,是灰灰子吖,Mon Nov 10 15:40:44 +0000 2025,'1987908290433658924,https://x.com/qiorno41695489/status/1987908290433658924,Day1  #ONEPIECE https://t.co/fbXkv9Nnf4,0.0,0.0,1.0,14.0,und,,,,,,,,,,,,
tweet-2019068784594551140,2026-03-06 17:29:35,推特,ZeerGengdou,'1753407072581156864,zeer gen,转帖,Wed Feb 04 15:21:25 +0000 2026,,,,,,,,,hu_zha17679,'1973313543589208065,渣渣虎,Thu Dec 11 10:06:02 +0000 2025,'1999058082501206447,https://x.com/hu_zha17679/status/1999058082501206447,噗嗤噗嗤的开凿，外翻到喷尿，谁能想到内裤里的鸡鸡更大，大家猜猜有多大，猜对送完整版，周末更新 https://t.co/SAQAvfdctx,38.0,1079.0,7010.0,332510.0,zh,,,,,,,,,,,,
tweet-2019068305429209530,2026-03-06 17:29:35,推特,ZeerGengdou,'1753407072581156864,zeer gen,转帖,Wed Feb 04 15:19:31 +0000 2026,,,,,,,,,Darya842630,'1991523168037773312,超A丶福克,Mon Jan 05 08:44:09 +0000 2026,'2008097172781441193,https://x.com/Darya842630/status/2008097172781441193,https://t.co/FQYqlUz8Cr 《出差》#gay,7.0,576.0,1776.0,154002.0,ja,,,,,,,,,,,,
tweet-2009989713076334654,2026-03-06 17:29:35,推特,ZeerGengdou,'1753407072581156864,zeer gen,转帖,Sat Jan 10 14:04:26 +0000 2026,,,,,,,,,shijin_01,'1940076162862198784,拾金01,Sun Aug 03 16:48:04 +0000 2025,'1952048834080882777,https://x.com/shijin_01/status/1952048834080882777,经典迷j@shi_jin0 这个号找回中…#拾金 #迷 #Gay https://t.co/ADkNYwPdFi,25.0,1611.0,6908.0,331601.0,zh,,,,,,,,,,,,
tweet-2008564258347642914,2026-03-06 17:29:35,推特,ZeerGengdou,'1753407072581156864,zeer gen,转帖,Tue Jan 06 15:40:11 +0000 2026,,,,,,,,,29_ionesia,'1935493066426826754,阿亮,Sun Jan 04 14:59:04 +0000 2026,'2007829136350593215,https://x.com/29_ionesia/status/2007829136350593215,· 抖硬平台 （gay版抖音）:https://t.co/8pkiabDetq· GV影視: https://t.co/WiEa2q1g6M（完整最全的GV） ·不撸D：https://t.co/5fqkrXJieN「🌏全国巡鸟 &amp; 酒吧夜航」· 搜同: https://t.co/5VJ3qAMNke「亞洲最大社區」·https://t.co/4kyolttzHd 「片多多」https://t.co/fGZstaW2bI,0.0,409.0,628.0,48982.0,ja,,,,,,,,,,,,
tweet-2005676785426727258,2026-03-06 17:29:35,推特,ZeerGengdou,'1753407072581156864,zeer gen,转帖,Mon Dec 29 16:26:23 +0000 2025,,,,,,,,,realMuscleWolf,'1550398234777899008,MuscleWolf 性瘾小狼,Fri Oct 03 11:37:36 +0000 2025,'1974076364144980297,https://x.com/realMuscleWolf/status/1974076364144980297,内射黑皮骚逼Part 2最喜欢操这种外翻鲍鱼逼，全程外翻，它裹得越紧越玩外翻，我越使劲往逼里顶，每次对抗都把骚逼顶到尿喷，最后内射一股浓精。✅https://t.co/NO9rVg3HM4✅https://t.co/HMEhzuF3ve✅https://t.co/8bFQnjFpIQ https://t.co/4QFbBaD4E8,3.0,2062.0,11328.0,364970.0,zh,,,,,,,,,,,,
tweet-2005676390797258975,2026-03-06 17:29:35,推特,ZeerGengdou,'1753407072581156864,zeer gen,转帖,Mon Dec 29 16:24:49 +0000 2025,,,,,,,,,xavierfahy,'1407404983,大长茎H,Thu Jun 05 14:52:00 +0000 2025,'1930638742814871757,https://x.com/xavierfahy/status/1930638742814871757,肌肉收集者 https://t.co/tPgtefdfvg,13.0,189.0,981.0,160003.0,ja,,,,,,,,,,,,
tweet-2003808306486485155,2026-03-06 17:29:35,推特,ZeerGengdou,'1753407072581156864,zeer gen,转帖,Wed Dec 24 12:41:43 +0000 2025,,,,,,,,,EdgingMasterXXX,'1737768410464034816,控射大师 Edging Master,Fri Dec 19 20:28:49 +0000 2025,'2002113913286980003,https://x.com/EdgingMasterXXX/status/2002113913286980003,前段时间去看全运会，在香港约的一个名全运会运动员，比赛结束来香港旅游，由于身份敏感，视频做了模糊处理。 https://t.co/3N0I6ZfayC,12.0,105.0,770.0,32188.0,zh,,,,,,,,,,,,
tweet-2003807627592220691,2026-03-06 17:29:35,推特,ZeerGengdou,'1753407072581156864,zeer gen,转帖,Wed Dec 24 12:39:02 +0000 2025,,,,,,,,,qwer18c,'1877783569151799296,R18,Mon Dec 22 13:57:53 +0000 2025,'2003102698984616311,https://x.com/qwer18c/status/2003102698984616311,分享精彩视频更多精彩完整版认准小蓝视频👉👉https://t.co/iTYyN5npIJ   👈👈👈                                                                         https://t.co/akl4rMDvDY https://t.co/NHSWaHuySN,0.0,724.0,3248.0,195078.0,zh,,,,,,,,,,,,
tweet-1994412522196328470,2026-03-06 17:29:35,推特,ZeerGengdou,'1753407072581156864,zeer gen,转帖,Fri Nov 28 14:26:14 +0000 2025,,,,,,,,,KuangKu57395139,'1055506212551188481,肉便犬育成訓練,Wed Nov 05 13:00:01 +0000 2025,'1986055902969962702,https://x.com/KuangKu57395139/status/1986055902969962702,慾望中毒的兩位應該是色色病毒感染⋯剛被強暴的小獸醫@JasonLi1996居然自己玩起奶頭硬著勾引浪浪⋯浪狗胯下還挺著強暴人家的硬狗屌，下一秒就握著獸醫屌自己坐上去浪浪爽搖了幾下、又嫌抽插速度不過癮、立馬又推翻獸醫，反攻插入親自示範！——點看完整影片full videohttps://t.co/Fb0KHOiNOk https://t.co/sIq7BNylOI,9.0,1033.0,7685.0,609998.0,zh,,,,,,,,,,,,
tweet-1994412369725067703,2026-03-06 17:29:35,推特,ZeerGengdou,'1753407072581156864,zeer gen,转帖,Fri Nov 28 14:25:37 +0000 2025,,,,,,,,,KuangKu57395139,'1055506212551188481,肉便犬育成訓練,Mon Nov 17 13:00:01 +0000 2025,'1990404560024715448,https://x.com/KuangKu57395139/status/1990404560024715448,單親爸上班族@Big_straight_H到底要多忙？都開好房了，結果現場還要等他處理工作的事⋯猴急的浪浪心生色膽⋯趁荒爸還在講電話，桌子底下拉下拉鍊就把人家給口了！荒爸電話裡爽到叫出來⋯差點出包⋯最後用槓起的肉棒、狠狠給頑皮浪一頓教訓！——點⛓️看完整影片full videohttps://t.co/oAqxOADAdR https://t.co/UjGOcWppDG,7.0,741.0,6012.0,574227.0,zh,,,,,,,,,,,,
tweet-1994411886423806074,2026-03-06 17:29:35,推特,ZeerGengdou,'1753407072581156864,zeer gen,转帖,Fri Nov 28 14:23:42 +0000 2025,,,,,,,,,KuangKu57395139,'1055506212551188481,肉便犬育成訓練,Fri Nov 28 13:00:02 +0000 2025,'1994390830484697156,https://x.com/KuangKu57395139/status/1994390830484697156,光是被@fuck4seasons肏嘴，就讓浪浪的狗屌又硬了⋯綠茶趁機把浪浪逼到牆邊⋯硬梆梆的狗雞巴正好對準自己的臉⋯ 看準牠無路可逃、綠茶抓準時機就是一陣猛攻⋯超爆量潮吹激射狂噴！浪浪被迫瘋狂顏射自己！「哇～原來狗狗這麼愛幫自己洗臉臉啊！—點⛓️看完整影片full videohttps://t.co/fsQ7GVREG5 https://t.co/RIjakXikDA,15.0,1064.0,7945.0,619374.0,zh,,,,,,,,,,,,
tweet-1991514641479225645,2026-03-06 17:29:35,推特,ZeerGengdou,'1753407072581156864,zeer gen,转帖,Thu Nov 20 14:31:05 +0000 2025,,,,,,,,,dabangzi9852,'1802766218262384640,大棒子,Thu Nov 20 01:35:40 +0000 2025,'1991319500617314732,https://x.com/dabangzi9852/status/1991319500617314732,剧情来袭，陪你度过每一个寂寞的时刻https://t.co/4NGYGGTbJ4,0.0,348.0,763.0,43945.0,zh,,,,,,,,,,,,
tweet-1987892788269289535,2026-03-06 17:29:35,推特,ZeerGengdou,'1753407072581156864,zeer gen,转帖,Mon Nov 10 14:39:08 +0000 2025,,,,,,,,,qishou300,'1501609122604666884,网络迷航者,Sun Nov 09 02:27:04 +0000 2025,'1987346167630602437,https://x.com/qishou300/status/1987346167630602437,😛这里是某人的私密空间，目前还是男大，喜欢美丽的身体小蓝：https://t.co/N549DR3uG2搜同：https://t.co/yCTpoduxzOG头条：https://t.co/qmKPjpMkIT正太弟弟：https://t.co/Q2gp31BpDygay版抖音：https://t.co/Z2LWv3g1ge优质动漫: https://t.co/wVPyXnBlNthttps://t.co/JyQVvbPXtX,2.0,623.0,1248.0,60585.0,zh,,,,,,,,,,,,
tweet-1987892298659897424,2026-03-06 17:29:35,推特,ZeerGengdou,'1753407072581156864,zeer gen,转帖,Mon Nov 10 14:37:11 +0000 2025,,,,,,,,,DevarajMR9,'1374433997925748738,体育生啊青,Fri Nov 07 11:32:00 +0000 2025,'1986758528984563747,https://x.com/DevarajMR9/status/1986758528984563747,好帅啊 体育生网红 全网最新最全完整视频 看什么直接关键词抖硬平台 （gay版抖音）限时免费看https://t.co/G9XkHygbzA这个GV专享免费看https://t.co/0zohNWTTDm正太优质弟弟看这里https://t.co/xA3G96Iyhq更多网红体育生全网最新看这里https://t.co/gNLIqdwrIuhttps://t.co/7BXb9NzuR5,0.0,1444.0,3620.0,310758.0,zh,,,,,,,,,,,,
tweet-2001367723822231564,2026-03-06 17:32:57,推特,xiaohu_Subaru,'845667953508958208,小狐,转帖,Wed Dec 17 19:03:43 +0000 2025,,,,,,,,,SHINee,'887973863824306176,SHINee,Wed Dec 17 15:00:00 +0000 2025,'2001306389784699367,https://x.com/SHINee/status/2001306389784699367,"""늘 당신을 사랑합니다"" https://t.co/ah95AE3CNY",1623.0,54935.0,150843.0,4583695.0,ko,,,,,,,,,,,,
tweet-1971628986049745059,2026-03-06 17:32:57,推特,xiaohu_Subaru,'845667953508958208,小狐,转帖,Fri Sep 26 17:32:36 +0000 2025,,,,,,,,,bubbabble,'1490965384715202561,💙 blue 🩵 jinki bogoshipda 🌼❤️‍🩹,Wed Aug 06 21:20:41 +0000 2025,'1953204606504452419,https://x.com/bubbabble/status/1953204606504452419,fun shinee day at the pool 🏖️☀️#ONEW #온유 #JONGHYUN #종현 #KEY #키 #MINHO #민호 #TAEMIN #태민 #SHINee #샤이니 https://t.co/1k7eqDM5ry,1.0,460.0,1497.0,,en,,,,,,,,,,,,
tweet-1907154809410715786,2026-03-06 17:32:57,推特,xiaohu_Subaru,'845667953508958208,小狐,转帖,Tue Apr 01 19:35:14 +0000 2025,,,,,,,,,daihocha_antl,'1900150672382889984,大ほちゃアンソロジー告知アカウント,Sun Mar 16 09:02:30 +0000 2025,'1901197370978914580,https://x.com/daihocha_antl/status/1901197370978914580,本日のイベントでチラシ配布もさせていただきました！ 今後、順次情報公開していきますので、どうぞよろしくお願いいたします🧡💙 https://t.co/sOaMeXzpxx,0.0,38.0,61.0,8659.0,ja,,,,,,,,,,,,
tweet-1877382305339048122,2026-03-06 17:32:57,推特,xiaohu_Subaru,'845667953508958208,小狐,转帖,Thu Jan 09 15:49:56 +0000 2025,,,,,,,,,yam_i_na_be,'1562067732224389124,にしやま,Thu Jan 09 13:02:16 +0000 2025,'1877340112700277055,https://x.com/yam_i_na_be/status/1877340112700277055,2025/1/12 インテSUPER brilliant days 2025冬にて発行予定のスバ北R-18 合同誌のサンプル公開しました！おかきさん、つきとさん、にしやまのシチュ萌えR-18合同誌です。よろしくお願いします！！サンプル（18歳未満閲覧禁止）→https://t.co/PMeVCZCRvE https://t.co/SKskAh0mXt,2.0,24.0,51.0,12703.0,ja,,,,,,,,,,,,
tweet-1869803474940243971,2026-03-06 17:32:57,推特,xiaohu_Subaru,'845667953508958208,小狐,转帖,Thu Dec 19 17:54:22 +0000 2024,,,,,,,,,BBahot_,'1401308169683361797,빠홋,Thu Dec 05 12:17:05 +0000 2024,'1864645163966190048,https://x.com/BBahot_/status/1864645163966190048,Xday 스토리 요약 https://t.co/9D1enbDDgX,0.0,1349.0,4148.0,122073.0,ko,,,,,,,,,,,,
tweet-1869802734083621239,2026-03-06 17:32:57,推特,xiaohu_Subaru,'845667953508958208,小狐,转帖,Thu Dec 19 17:51:25 +0000 2024,,,,,,,,,BBahot_,'1401308169683361797,빠홋,Thu Dec 19 08:37:26 +0000 2024,'1869663320376225908,https://x.com/BBahot_/status/1869663320376225908,스바호쿠 https://t.co/WVhGKvIFVV,0.0,376.0,2038.0,41546.0,ko,,,,,,,,,,,,
tweet-1869802542940729678,2026-03-06 17:32:57,推特,xiaohu_Subaru,'845667953508958208,小狐,转帖,Thu Dec 19 17:50:40 +0000 2024,,,,,,,,,BBahot_,'1401308169683361797,빠홋,Thu Dec 19 15:01:56 +0000 2024,'1869760081442861287,https://x.com/BBahot_/status/1869760081442861287,Happy Xday✨️ https://t.co/e8lAmXx5w6,2.0,2285.0,12205.0,347724.0,en,,,,,,,,,,,,
tweet-1863647641701323230,2026-03-06 17:32:57,推特,xiaohu_Subaru,'845667953508958208,小狐,转帖,Mon Dec 02 18:13:17 +0000 2024,,,,,,,,,BBahot_,'1401308169683361797,빠홋,Wed Nov 20 21:28:07 +0000 2024,'1859348020246217014,https://x.com/BBahot_/status/1859348020246217014,반짝반짝 발견✨️ https://t.co/qRQafzvZVn,0.0,954.0,5795.0,429318.0,ko,,,,,,,,,,,,
tweet-1863647282153001025,2026-03-06 17:32:57,推特,xiaohu_Subaru,'845667953508958208,小狐,转帖,Mon Dec 02 18:11:51 +0000 2024,,,,,,,,,yam_i_na_be,'1562067732224389124,にしやま,Mon Dec 02 12:00:00 +0000 2024,'1863553704239960204,https://x.com/yam_i_na_be/status/1863553704239960204,【サークル参加します!!】01月12日（大阪）SUPER COMIC CITY 関西30内 SUPER brilliant days 2025冬｜ #イベントGO_赤ブー https://t.co/J6C2cVOa2Rおかきさん(@okaki_s2)、つきとさん(@tsuuuukito)と見つかりそうで見つからない、をテーマにしたスバ北合同誌を出します！よろしくお願いします…！！ https://t.co/XjIUl28tRn,0.0,35.0,85.0,11213.0,ja,,,,,,,,,,,,
tweet-1856538134298931698,2026-03-06 17:32:57,推特,xiaohu_Subaru,'845667953508958208,小狐,转帖,Wed Nov 13 03:22:38 +0000 2024,,,,,,,,,ensemble_stars,'2848709654,あんさんぶるスターズ！！【公式】,Mon Nov 11 13:11:30 +0000 2024,'1855961552836583681,https://x.com/ensemble_stars/status/1855961552836583681,(10/10)【次回イベント予告】11月15日〜新曲イベント『Build！理想を詰め込んだFREEDOM！』のイベント楽曲『ワチャガナドゥ？』のMVを先行公開します❗今回のMVはPV仕様でお届け🎥https://t.co/FVhGqVLNJKイベント予告は明日12日にXとアプリ内に掲載予定！#あんスタ https://t.co/w7905DaGib,49.0,15312.0,35786.0,2349903.0,ja,,,,,,,,,,,,
tweet-1856537725832442034,2026-03-06 17:32:57,推特,xiaohu_Subaru,'845667953508958208,小狐,转帖,Wed Nov 13 03:21:01 +0000 2024,,,,,,,,,mors_gn,'889095620283162625,玉 | Read pin | Anime Washington Y3,Sat Nov 02 14:53:02 +0000 2024,'1852725611569230279,https://x.com/mors_gn/status/1852725611569230279,#tartali 👼 https://t.co/v5o2K1TF4U,19.0,3754.0,23233.0,457287.0,qme,,,,,,,,,,,,
tweet-1845832874744016979,2026-03-06 17:32:57,推特,xiaohu_Subaru,'845667953508958208,小狐,转帖,Mon Oct 14 14:23:45 +0000 2024,,,,,,,,,kouchis,'42023252,こうち,Tue Oct 01 13:11:22 +0000 2024,'1841103615907545257,https://x.com/kouchis/status/1841103615907545257,スバ北 https://t.co/e3f76pf444,0.0,568.0,7150.0,,ja,,,,,,,,,,,,
tweet-1845831117775278412,2026-03-06 17:32:57,推特,xiaohu_Subaru,'845667953508958208,小狐,转帖,Mon Oct 14 14:16:47 +0000 2024,,,,,,,,,TEL_0919,'1537674221446656000,おやつ🍩,Mon Oct 14 12:51:07 +0000 2024,'1845809560940134836,https://x.com/TEL_0919/status/1845809560940134836,スバ北さん https://t.co/qOjMRmcy1d,0.0,114.0,694.0,13399.0,ja,,,,,,,,,,,,
tweet-1835031873149599963,2026-03-06 17:32:57,推特,xiaohu_Subaru,'845667953508958208,小狐,转帖,Sat Sep 14 19:04:26 +0000 2024,,,,,,,,,1ststar_prince,'1189195647653560320,スバ北企画🌟一番星と王子様,Sat Sep 14 12:19:00 +0000 2024,'1834929841923362906,https://x.com/1ststar_prince/status/1834929841923362906,／#スバ北まんなかバースデー2024カウントダウン　５日目🥤＼本日のイラストはおかき様（@okaki_s2）に描いていただきました♬ https://t.co/0xN4ud4Kob,0.0,71.0,219.0,6900.0,ja,,,,,,,,,,,,
tweet-1831746708713427269,2026-03-06 17:32:57,推特,xiaohu_Subaru,'845667953508958208,小狐,转帖,Thu Sep 05 17:30:22 +0000 2024,,,,,,,,,Genshin_7,'1070960596357509121,原神（Genshin）公式,Thu Aug 31 08:00:03 +0000 2023,'1697157286660046965,https://x.com/Genshin_7/status/1697157286660046965,【祈願予告】9月5日(火)19:00より、イベント祈願「大隠朝市」「冬国との別れ」「神鋳賦形」が開催されます！▼詳細はこちらhttps://t.co/vZEerb3iwn#原神フォンテーヌ #原神 #Genshin https://t.co/Lyy7LxmsGd,354.0,26345.0,65608.0,5568157.0,ja,,,,,,,,,,,,
tweet-1823044324244049990,2026-03-06 17:32:57,推特,xiaohu_Subaru,'845667953508958208,小狐,转帖,Mon Aug 12 17:10:12 +0000 2024,,,,,,,,,BBahot_,'1401308169683361797,빠홋,Sat Aug 10 11:42:20 +0000 2024,'1822237041771307241,https://x.com/BBahot_/status/1822237041771307241,#スバ北流し夏祭りでヨーヨー釣りをするスバ北 https://t.co/nqGLpC1XZA,0.0,235.0,854.0,21017.0,ja,,,,,,,,,,,,
tweet-1820515361315586183,2026-03-06 17:32:57,推特,xiaohu_Subaru,'845667953508958208,小狐,转帖,Mon Aug 05 17:41:00 +0000 2024,,,,,,,,,yuyu_ts12,'1286825654130884608,🐰ゆかこ🎀,Wed Jul 31 10:26:50 +0000 2024,'1818594160792027632,https://x.com/yuyu_ts12/status/1818594160792027632,スバ北　上げ直し💦 https://t.co/k8JeR1WmvW,0.0,41.0,306.0,6280.0,ja,,,,,,,,,,,,
tweet-1820514955743158675,2026-03-06 17:32:57,推特,xiaohu_Subaru,'845667953508958208,小狐,转帖,Mon Aug 05 17:39:23 +0000 2024,,,,,,,,,yuyu_ts12,'1286825654130884608,🐰ゆかこ🎀,Sun Aug 04 05:05:33 +0000 2024,'1819962860556210229,https://x.com/yuyu_ts12/status/1819962860556210229,ハピチャムとサイエンス　スバ北🧪ほけは何かドライな気がする…弄ばれるちゃむすば https://t.co/E3FmR4DT9Y,0.0,55.0,213.0,6633.0,ja,,,,,,,,,,,,
tweet-1811461837625381331,2026-03-06 17:32:57,推特,xiaohu_Subaru,'845667953508958208,小狐,转帖,Thu Jul 11 18:05:32 +0000 2024,,,,,,,,,udgg093577,'2992009413,田中🦥,Sat Jul 06 07:17:00 +0000 2024,'1809486690953650381,https://x.com/udgg093577/status/1809486690953650381,#タル鍾 #tartali 發發給鯨龍宴的活動畫的🍊🌰立繪😊😊 https://t.co/CzHk6aQHpu,15.0,2589.0,15327.0,346424.0,zh,,,,,,,,,,,,
tweet-1806744005230883213,2026-03-06 17:32:57,推特,xiaohu_Subaru,'845667953508958208,小狐,转帖,Fri Jun 28 17:38:33 +0000 2024,,,,,,,,,miyahara_kure,'193604950,くう,Mon Jun 24 10:49:28 +0000 2024,'1805191504253825303,https://x.com/miyahara_kure/status/1805191504253825303,30日のお品書きです https://t.co/cV9NbGCIyc,1.0,7.0,19.0,1073.0,ja,,,,,,,,,,,,
tweet-1989843780787474894,2026-03-06 17:46:08,推特,949012902Ming,'1977311667307573248,ming,转帖,Sat Nov 15 23:51:41 +0000 2025,,,,,,,,,r3vl_xyz,'1090286948894326785,Reveel,Mon Nov 10 22:23:53 +0000 2025,'1988009745245237346,https://x.com/r3vl_xyz/status/1988009745245237346,Welcome to the REVAlution! This is what happens when AgentFi + Stablecoins + x402 come together!Already $180M in Annualized Agent Volume on @REVApay_ai !,2067.0,58352.0,9510.0,753564.0,en,,,,,,,,,,,,
tweet-1989843707290685473,2026-03-06 17:46:08,推特,949012902Ming,'1977311667307573248,ming,转帖,Sat Nov 15 23:51:23 +0000 2025,,,,,,,,,REVApay_ai,'1897171306816405504,Reva,Wed Aug 13 10:12:02 +0000 2025,'1955573048192749725,https://x.com/REVApay_ai/status/1955573048192749725,&gt; minting $REVA token&gt; launching with @BinanceWallet&gt; initializing 40M $REVA airdrop campaign&gt; allocating pre-tge saleloading details...https://t.co/3jjj9bLbfj,41529.0,11472.0,4774.0,1179990.0,en,,,,,,,,,,,,
tweet-1986287024866054250,2026-03-06 17:46:08,推特,949012902Ming,'1977311667307573248,ming,转帖,Thu Nov 06 04:18:24 +0000 2025,,,,,,,,,zkPass,'1506532533365886981,zkPass,Wed Nov 05 11:50:24 +0000 2025,'1986038386214486326,https://x.com/zkPass/status/1986038386214486326,"zkPass × @BinanceWallet Booster Program - Phase 1 Goes Live→ Starts Nov 5, 12:00 UTC→ Eligibility: Users with 61 + Alpha Points→ Rewards: 10,000,000 $ZKP→ Complete verifiable quests, power your proofs with VOLEitH, and earn what you prove.Proof is the new Alpha. 🌐 ✅ https://t.co/Pnabp8f7IF",1983.0,97779.0,17996.0,939581.0,en,,,,,,,,,,,,
tweet-1984091043873374331,2026-03-06 17:46:08,推特,949012902Ming,'1977311667307573248,ming,转帖,Fri Oct 31 02:52:22 +0000 2025,,,,,,,,,r3vl_xyz,'1090286948894326785,Reveel,Mon Oct 06 14:04:13 +0000 2025,'1975200425931669657,https://x.com/r3vl_xyz/status/1975200425931669657,"Milestone unlocked: 500,000 registered Stablecoin IDs 🟩Half a million people now moving money with universal identityThis is just the beginning. https://t.co/6eqNJBmjdj",4362.0,103066.0,20517.0,1094284.0,en,,,,,,,,,,,,
tweet-1983493015290384423,2026-03-06 17:46:08,推特,949012902Ming,'1977311667307573248,ming,原创,Wed Oct 29 11:16:01 +0000 2025,,,,,,,,,949012902Ming,'1977311667307573248,ming,Wed Oct 29 11:16:01 +0000 2025,'1983493015290384423,https://x.com/949012902Ming/status/1983493015290384423,https://t.co/iIGlBm1O2y,0.0,0.0,0.0,1.0,zxx,,,,,,,,,,,,
tweet-1983492899183685893,2026-03-06 17:46:08,推特,949012902Ming,'1977311667307573248,ming,原创,Wed Oct 29 11:15:33 +0000 2025,,,,,,,,,949012902Ming,'1977311667307573248,ming,Wed Oct 29 11:15:33 +0000 2025,'1983492899183685893,https://x.com/949012902Ming/status/1983492899183685893,https://t.co/7IMV6n2B7S,0.0,0.0,0.0,,zxx,,,,,,,,,,,,
tweet-1983153126321598704,2026-03-06 17:46:08,推特,949012902Ming,'1977311667307573248,ming,原创,Tue Oct 28 12:45:25 +0000 2025,,,,,,,,,949012902Ming,'1977311667307573248,ming,Tue Oct 28 12:45:25 +0000 2025,'1983153126321598704,https://x.com/949012902Ming/status/1983153126321598704,Join me and earn bonus points! https://t.co/OW7U4MVWnf,0.0,0.0,0.0,,en,,,,,,,,,,,,
tweet-1983152267919560795,2026-03-06 17:46:08,推特,949012902Ming,'1977311667307573248,ming,转帖,Tue Oct 28 12:42:00 +0000 2025,,,,,,,,,pieverse_io,'1846966319251705857,pieverse,Tue Oct 28 08:46:07 +0000 2025,'1983092903963701635,https://x.com/pieverse_io/status/1983092903963701635,"🚀 Phase 4 of the Pieverse x @BinanceWallet Booster Campaign is LIVE!The final phase begins and the future of timestamped, verifiable payments continues.🎁 30,000,000 $PIEVERSE (3% of the total initial supply) will be distributed across 4 phases of this campaign.🗓️ Phase 4 https://t.co/DVXTdFYPJX",2885.0,103513.0,19904.0,1142588.0,en,,,,,,,,,,,,
tweet-1979859760204919110,2026-03-06 17:46:08,推特,949012902Ming,'1977311667307573248,ming,原创,Sun Oct 19 10:38:45 +0000 2025,,,,,,,,,949012902Ming,'1977311667307573248,ming,Sun Oct 19 10:38:45 +0000 2025,'1979859760204919110,https://x.com/949012902Ming/status/1979859760204919110,Payment Receipt,0.0,0.0,0.0,1.0,en,,,,,,,,,,,,
tweet-1979527594946256935,2026-03-06 17:46:08,推特,949012902Ming,'1977311667307573248,ming,原创,Sat Oct 18 12:38:51 +0000 2025,,,,,,,,,949012902Ming,'1977311667307573248,ming,Sat Oct 18 12:38:51 +0000 2025,'1979527594946256935,https://x.com/949012902Ming/status/1979527594946256935,You have a payment invoice for 0.01 USDT https://t.co/592Wkg20Dd,0.0,0.0,0.0,1.0,en,,,,,,,,,,,,
tweet-1979487533810741469,2026-03-06 17:46:08,推特,949012902Ming,'1977311667307573248,ming,转帖,Sat Oct 18 09:59:39 +0000 2025,,,,,,,,,HoloworldAI,'1654900077453012992,Holoworld AI,Wed Sep 10 21:38:08 +0000 2025,'1965892571923976244,https://x.com/HoloworldAI/status/1965892571923976244,"Holoworld is the decentralized hub for consumer AI, powering apps, IPs, and culture 🌐$HOLO token circulation begins 2025-09-11 10:00 UTC",708.0,1315.0,3155.0,513990.0,en,,,,,,,,,,,,
tweet-1978686336862167446,2026-03-06 17:46:08,推特,949012902Ming,'1977311667307573248,ming,转帖,Thu Oct 16 04:55:59 +0000 2025,,,,,,,,,BASCAN_io,'1674737220169895936,BAS(BNB Attestation Service),Fri Oct 10 04:57:24 +0000 2025,'1976512365354184876,https://x.com/BASCAN_io/status/1976512365354184876,"BAS Booster Program x @BinanceWallet — Season 3 Week 3 Kicks Off!😁10.10, 13:00 （UTC+8） →  10.17, 13:00 （UTC+8）😁Reward Pool: 50,000,000 (0.5%) $BAS😁Eligibility: 61+ Alpha PointsThis Week’s Tasks:🫶Hold ≥ 3000+ BAS in past 7 days — share 12.5M BAS🫶Buy ≥ 1000 https://t.co/M1Al3hUPoc",2106.0,83258.0,12685.0,1031873.0,en,,,,,,,,,,,,
tweet-1978686252586025451,2026-03-06 17:46:08,推特,949012902Ming,'1977311667307573248,ming,转帖,Thu Oct 16 04:55:39 +0000 2025,,,,,,,,,Passport_BNB,'1637369605235818498,BNBPassport,Sun Jun 08 09:48:02 +0000 2025,'1931649411668689220,https://x.com/Passport_BNB/status/1931649411668689220,"🐇👀 Something’s coming…🟧Verifiable cross-domain identity🟧Dual Scores:🔸Social: X Contribution🔸Asset:  Verified Assets, CEX KYCs, DeFi, Trading VolGet rewarded for real vibes — not noise 🟧Proof-Based Loyalty &amp; IncentivesBrought to you by @BASCAN_io Stay tuned. https://t.co/AYlgvVi54E",191.0,4952.0,1418.0,222831.0,en,,,,,,,,,,,,
tweet-1978685059688185864,2026-03-06 17:46:08,推特,949012902Ming,'1977311667307573248,ming,转帖,Thu Oct 16 04:50:55 +0000 2025,,,,,,,,,pieverse_io,'1846966319251705857,pieverse,Mon Oct 13 11:49:03 +0000 2025,'1977703126385017339,https://x.com/pieverse_io/status/1977703126385017339,"🚀 Phase 3 of the Pieverse x @BinanceWallet Booster Campaign is officially LIVE!We’re excited to unveil the next step in our mission to bring trusted, timestamped value to Web3.🎁 30,000,000 $PIEVERSE (3% of the total initial supply) will be distributed across 4 phases of https://t.co/InFyn0cfxN",3158.0,105464.0,20095.0,1273122.0,en,,,,,,,,,,,,
tweet-1126369071652466688,2026-03-06 17:50:35,推特,MJfan74524074,'734746635285233664,MJfan,原创,Thu May 09 06:11:28 +0000 2019,,,,,,,,,MJfan74524074,'734746635285233664,MJfan,Thu May 09 06:11:28 +0000 2019,'1126369071652466688,https://x.com/MJfan74524074/status/1126369071652466688,Hey Guys！Did You Miss Me?🇨🇳 https://t.co/iGhTSnh2GP,0.0,0.0,0.0,,en,,,,,,,,,,,,
tweet-759635719237140480,2026-03-06 17:50:35,推特,MJfan74524074,'734746635285233664,MJfan,原创,Sun Jul 31 06:24:03 +0000 2016,,,,,,,,,MJfan74524074,'734746635285233664,MJfan,Sun Jul 31 06:24:03 +0000 2016,'759635719237140480,https://x.com/MJfan74524074/status/759635719237140480,"HAPPY BIRTHDAY, MJ.BE A MAN !",0.0,0.0,10.0,,en,,,,,,,,,,,,
tweet-758915563557007361,2026-03-06 17:50:35,推特,MJfan74524074,'734746635285233664,MJfan,原创,Fri Jul 29 06:42:24 +0000 2016,,,,,,,,,MJfan74524074,'734746635285233664,MJfan,Fri Jul 29 06:42:24 +0000 2016,'758915563557007361,https://x.com/MJfan74524074/status/758915563557007361,It's already been 2 months back from Dubai. I've missed there. ALWAYS https://t.co/dHI80DB7aN,0.0,0.0,0.0,,en,,,,,,,,,,,,
tweet-735843332610527232,2026-03-06 17:50:35,推特,MJfan74524074,'734746635285233664,MJfan,原创,Thu May 26 14:41:36 +0000 2016,,,,,,,,,MJfan74524074,'734746635285233664,MJfan,Thu May 26 14:41:36 +0000 2016,'735843332610527232,https://x.com/MJfan74524074/status/735843332610527232,"Goodbye,      Dubai！           ––MJ https://t.co/qqER1XDD7T",0.0,0.0,0.0,,in,,,,,,,,,,,,
tweet-2013283496694030439,2026-03-06 17:51:20,推特,zhangpancheng99,'1777553202533281792,zhangpancheng,原创,Mon Jan 19 16:12:45 +0000 2026,,,,,,,,,zhangpancheng99,'1777553202533281792,zhangpancheng,Mon Jan 19 16:12:45 +0000 2026,'2013283496694030439,https://x.com/zhangpancheng99/status/2013283496694030439,https://t.co/q9p40M9mF5,0.0,0.0,0.0,2.0,zxx,,,,,,,,,,,,
tweet-2018863089240920318,2026-03-06 17:54:01,推特,shushu_akiko,'1267698595525873679,Hirokumo,转帖,Wed Feb 04 01:44:03 +0000 2026,,,,,,,,,realsound_m,'3403636127,リアルサウンド映画部,Tue Feb 03 10:00:03 +0000 2026,'2018625521953976498,https://x.com/realsound_m/status/2018625521953976498,【インタビュー＆サイン色紙プレゼント】#早見沙織『#超かぐや姫！』——「ray」のカバーについて＞あの歌声だからこそ生まれる説得力があると思います＜応募方法＞   ①@realsound_mをフォロー   ②このポストをリポスト    応募締切：2月7日（土）23:59   https://t.co/kjFLFqgxrU https://t.co/B13IJnytJw,142.0,12634.0,12927.0,443545.0,ja,,,,,,,,,,,,
tweet-1843263781608333759,2026-03-06 17:54:01,推特,shushu_akiko,'1267698595525873679,Hirokumo,原创,Mon Oct 07 12:15:06 +0000 2024,,,,,,,,,shushu_akiko,'1267698595525873679,Hirokumo,Mon Oct 07 12:15:06 +0000 2024,'1843263781608333759,https://x.com/shushu_akiko/status/1843263781608333759,这次亚巡live真的是惊喜太多了，希望下次她们还能再来上海😭😭😭 https://t.co/6F709hNtxS,0.0,0.0,3.0,116.0,zh,,,,,,,,,,,,
tweet-1830596853420998885,2026-03-06 17:54:01,推特,shushu_akiko,'1267698595525873679,Hirokumo,转帖,Mon Sep 02 13:21:15 +0000 2024,,,,,,,,,narenare_anime,'1719687196423385088,TVアニメ『菜なれ花なれ』公式,Mon Sep 02 09:30:00 +0000 2024,'1830538658841035093,https://x.com/narenare_anime/status/1830538658841035093,□─　─　─　─　─　─応援感謝！キャンペーン✨サイン台本が当たる！第9弾 #逢田梨香子 さん🩵─　─　─　─　─　─□神崎 柊役 #逢田梨香子（@Rikako_Aida）さんのサイン台本を1名さまにプレゼント🩵フォロー＆RPで応募完了🌱🌼〜9/4（水）23:59まで！#菜なれ花なれ #なれなれ https://t.co/LUst28tmzn,49.0,2759.0,1695.0,123481.0,ja,,,,,,,,,,,,
tweet-1768657183666024814,2026-03-06 17:54:01,推特,shushu_akiko,'1267698595525873679,Hirokumo,转帖,Fri Mar 15 15:15:07 +0000 2024,,,,,,,,,WebFebri,'1347439596129247236,Febri編集部,Thu Mar 14 03:15:24 +0000 2024,'1768113672428401057,https://x.com/WebFebri/status/1768113672428401057,【フォロー＆RPキャンペーン】ペイトン尚未さん直筆サイン入りチェキを1名様にプレゼント！◆応募方法1. @WebFebri をフォロー2. 2024年3月21日(木) 23:59 までにこの投稿をRP詳細 : https://t.co/J3zKfFEC2zインタビュー : https://t.co/ZNsd8GIZUV#ペイトン尚未#並行多元ヒロインズ https://t.co/cvdTH4zBwP,39.0,2559.0,1528.0,125453.0,ja,,,,,,,,,,,,
tweet-1764826541089812924,2026-03-06 17:54:01,推特,shushu_akiko,'1267698595525873679,Hirokumo,转帖,Tue Mar 05 01:33:30 +0000 2024,,,,,,,,,mezamashimedia,'1153164692518363136,めざましmedia,Sun Mar 03 10:00:52 +0000 2024,'1764229446809387450,https://x.com/mezamashimedia/status/1764229446809387450,1st写真集『Nagisa』を発売した #青山なぎさ さんサイン入りチェキを1名様にプレゼント🎁 1⃣@mezamashimediaをフォロー2⃣このポストをリポスト 〆きりは3月10日（土）23時59分🍠 ＊当選者にはDMでお知らせします💌 インタビュー記事は🔻https://t.co/tbi22CgG75https://t.co/lt1XecFthM https://t.co/T1DEA4LbUi,62.0,2947.0,1822.0,292247.0,ja,,,,,,,,,,,,
tweet-1764477238031028625,2026-03-06 17:54:01,推特,shushu_akiko,'1267698595525873679,Hirokumo,转帖,Mon Mar 04 02:25:30 +0000 2024,,,,,,,,,HOMINIS_edit,'977035068156796928,HOMINIS（ホミニス）,Sun Mar 03 06:00:00 +0000 2024,'1764168831503655407,https://x.com/HOMINIS_edit/status/1764168831503655407,【#プレゼント🎁】#青山なぎさ さんサイン入りチェキを1名様に✨📱応募方法1⃣@HOMINIS_editをフォロー2⃣この投稿をリポスト🔁⏰締切3月17日24時🎤インタビューはこちらからhttps://t.co/ihkcvoMpGT@AoyamaNagisa https://t.co/1ZMWDMw68B,68.0,4072.0,2694.0,212463.0,ja,,,,,,,,,,,,
tweet-1762089331467149795,2026-03-06 17:54:01,推特,shushu_akiko,'1267698595525873679,Hirokumo,转帖,Mon Feb 26 12:16:49 +0000 2024,,,,,,,,,HOMINIS_edit,'977035068156796928,HOMINIS（ホミニス）,Mon Feb 26 10:00:01 +0000 2024,'1762054903726510214,https://x.com/HOMINIS_edit/status/1762054903726510214,【#プレゼント🎁】#小宮有紗 さん #斉藤朱夏 さんサイン入りチェキを1名様に✨📱応募方法1⃣@HOMINIS_editをフォロー2⃣この投稿をリポスト🔁⏰締切3月11日24時🎤インタビューはこちらからhttps://t.co/enKMRoZQbu@box_komiyaarisa @Saito_Shuka https://t.co/Q81Wl2okq3,85.0,3508.0,2385.0,182179.0,ja,,,,,,,,,,,,
tweet-1749293582979391937,2026-03-06 17:54:01,推特,shushu_akiko,'1267698595525873679,Hirokumo,原创,Mon Jan 22 04:51:05 +0000 2024,,,,,,,,,shushu_akiko,'1267698595525873679,Hirokumo,Mon Jan 22 04:51:05 +0000 2024,'1749293582979391937,https://x.com/shushu_akiko/status/1749293582979391937,今回の成都のイベントで、この絵をしゅかさんに描いてプレゼントしました。しゅかさんが気に入ってくれたら嬉しいなんど思いします。来てくれて本当にありがとう！ https://t.co/O1bp8tSASx,1.0,0.0,0.0,86.0,ja,,,,,,,,,,,,
tweet-1749277021086310523,2026-03-06 17:54:01,推特,shushu_akiko,'1267698595525873679,Hirokumo,原创,Mon Jan 22 03:45:16 +0000 2024,,,,,,,,,shushu_akiko,'1267698595525873679,Hirokumo,Mon Jan 22 03:45:16 +0000 2024,'1749277021086310523,https://x.com/shushu_akiko/status/1749277021086310523,朱夏さん成都之旅辛苦啦，谢谢你的到来！！！希望下次再见！！！🥺🥺🥺 https://t.co/idGdawxFze,0.0,0.0,0.0,84.0,ja,,,,,,,,,,,,
tweet-1725116958201507886,2026-03-06 17:54:01,推特,shushu_akiko,'1267698595525873679,Hirokumo,转帖,Thu Nov 16 11:41:48 +0000 2023,,,,,,,,,bexide,'316359776,BeXide(ビサイド) 公式,Thu Nov 16 10:30:53 +0000 2023,'1725099111538700313,https://x.com/bexide/status/1725099111538700313,『幻日のヨハネ - NUMAZU in the MIRAGE -』📢まもなく20時からは…#電撃ゲームライブ「ゲーム『幻日のヨハネ』」特番!!ヨハネ役・小林愛香さんと、ハナマル役・高槻かなこさんに、初公開のナイトウィキッド戦を遊んでいただきます🔥#幻日のヨハネ #ヨハヌマ #yohane https://t.co/aBaPjRYDvB,0.0,28.0,80.0,6595.0,ja,,,,,,,,,,,,
tweet-1725116941395009949,2026-03-06 17:54:01,推特,shushu_akiko,'1267698595525873679,Hirokumo,转帖,Thu Nov 16 11:41:44 +0000 2023,,,,,,,,,bexide,'316359776,BeXide(ビサイド) 公式,Thu Sep 21 01:00:01 +0000 2023,'1704661725704827043,https://x.com/bexide/status/1704661725704827043,「幻日のヨハネ - NUMAZU in the MIRAGE -」2024年2月22日に発売決定！✨https://t.co/k7Rc97bBXE#幻日のヨハネ #ヨハヌマ,3.0,106.0,244.0,55560.0,ja,,,,,,,,,,,,
tweet-1701042258307682634,2026-03-06 17:54:01,推特,shushu_akiko,'1267698595525873679,Hirokumo,转帖,Mon Sep 11 01:17:32 +0000 2023,,,,,,,,,madoka_magica,'205592115,魔法少女まどか☆マギカ,Sun Sep 10 08:10:43 +0000 2023,'1700783850195169585,https://x.com/madoka_magica/status/1700783850195169585,━━━━━━━━━━━━━━ 劇場版 魔法少女まどか☆マギカ　   〈ワルプルギスの廻天〉　  ティザービジュアル第2弾━━━━━━━━━━━━━━特報▶️https://t.co/NkvE1F3DjF公式サイト🔗https://t.co/RLKZsYm3he#魔法少女まどかマギカ https://t.co/At9z1yqDeO,340.0,63390.0,131841.0,12258847.0,ja,,,,,,,,,,,,
tweet-1669240819004608512,2026-03-06 17:54:01,推特,shushu_akiko,'1267698595525873679,Hirokumo,转帖,Thu Jun 15 07:09:58 +0000 2023,,,,,,,,,Saito_Shuka,'3801397033,斉藤 朱夏,Tue Jun 13 11:54:30 +0000 2023,'1668587646677925890,https://x.com/Saito_Shuka/status/1668587646677925890,インスタライブありがとうございました！アーカイブ残ってます！みてねー！リリースの話だったけど途中ライブの作戦会議になった🤣来週から #朱火曜日 にミニアルバムに関する新情報を公開するからねー！ドキドキっ☺️ https://t.co/BZZRLbkWLw,108.0,722.0,4124.0,111311.0,ja,,,,,,,,,,,,
tweet-1662292930399449088,2026-03-06 17:54:01,推特,shushu_akiko,'1267698595525873679,Hirokumo,转帖,Sat May 27 03:01:33 +0000 2023,,,,,,,,,chorohanage,'1310609263220330501,ライムマン,Fri May 26 12:23:23 +0000 2023,'1662071935004712960,https://x.com/chorohanage/status/1662071935004712960,#ぼっち・ざ・ろっく https://t.co/ato6px5sXA,18.0,6693.0,49019.0,1459854.0,qme,,,,,,,,,,,,
tweet-1629661252292329473,2026-03-06 17:54:01,推特,shushu_akiko,'1267698595525873679,Hirokumo,转帖,Sun Feb 26 01:54:54 +0000 2023,,,,,,,,,siiteiebahiro,'34659247,博_Hiro,Sat Feb 25 11:32:23 +0000 2023,'1629444193411280902,https://x.com/siiteiebahiro/status/1629444193411280902,苗代靖子の振り向く先には https://t.co/AXjB0Ivdp7,22.0,2362.0,24879.0,1198674.0,ja,,,,,,,,,,,,
tweet-2025465258698309975,2026-03-06 18:10:42,推特,blareger106331,'1767864524785512448,blareger,转帖,Sun Feb 22 06:58:43 +0000 2026,,,,,,,,,Jin_Yu0810,'1174870341472010240,JinYu(金鱼)/COMMISSIONS CLOSED,Sat Feb 21 13:32:35 +0000 2026,'2025201989869863405,https://x.com/Jin_Yu0810/status/2025201989869863405,COMMISSION https://t.co/Q9KhRwH9XO,23.0,1380.0,16176.0,359945.0,en,,,,,,,,,,,,
tweet-2025047378399822079,2026-03-06 18:10:42,推特,blareger106331,'1767864524785512448,blareger,转帖,Sat Feb 21 03:18:13 +0000 2026,,,,,,,,,Lemtun1,'1296774033669681155,Lemtun,Sun Jan 18 21:01:12 +0000 2026,'2012993699727524077,https://x.com/Lemtun1/status/2012993699727524077,https://t.co/a44jx2dh66,1.0,307.0,2280.0,34238.0,zxx,,,,,,,,,,,,
tweet-2021443775378452595,2026-03-06 18:10:42,推特,blareger106331,'1767864524785512448,blareger,转帖,Wed Feb 11 04:38:47 +0000 2026,,,,,,,,,xilmo1,'1230719036528312320,xilmo@夕末,Wed Feb 11 02:47:19 +0000 2026,'2021415724766703800,https://x.com/xilmo1/status/2021415724766703800,https://t.co/o24OV2t9bT,3.0,123.0,2235.0,27064.0,zxx,,,,,,,,,,,,
tweet-2019238087059206474,2026-03-06 18:10:42,推特,blareger106331,'1767864524785512448,blareger,转帖,Thu Feb 05 02:34:10 +0000 2026,,,,,,,,,anhaoqwq,'1248482227924549634,Anhaoqwq,Wed Feb 04 10:03:43 +0000 2026,'2018988832004428019,https://x.com/anhaoqwq/status/2018988832004428019,#ZATO https://t.co/0gr5qhMRtQ,13.0,762.0,5150.0,79167.0,qme,,,,,,,,,,,,
tweet-2012626360552849630,2026-03-06 18:10:42,推特,blareger106331,'1767864524785512448,blareger,转帖,Sat Jan 17 20:41:31 +0000 2026,,,,,,,,,lilium_ra,'1502615001692921862,Ra_Lilium,Sat Jan 17 16:00:59 +0000 2026,'2012555761470321092,https://x.com/lilium_ra/status/2012555761470321092,https://t.co/1e2qZoCWQ0,3.0,1123.0,8160.0,128368.0,zxx,,,,,,,,,,,,
tweet-2011182306653053326,2026-03-06 18:10:42,推特,blareger106331,'1767864524785512448,blareger,转帖,Tue Jan 13 21:03:22 +0000 2026,,,,,,,,,AnYb568,'1589672352966594561,An_Yb,Tue Jan 13 13:21:47 +0000 2026,'2011066146179727611,https://x.com/AnYb568/status/2011066146179727611,practice https://t.co/cNDNfzvnke,86.0,5288.0,57826.0,954936.0,en,,,,,,,,,,,,
tweet-2009471881779532159,2026-03-06 18:10:42,推特,blareger106331,'1767864524785512448,blareger,转帖,Fri Jan 09 03:46:45 +0000 2026,,,,,,,,,xilmo1,'1230719036528312320,xilmo@夕末,Thu Jan 08 02:19:38 +0000 2026,'2009087571742347269,https://x.com/xilmo1/status/2009087571742347269,https://t.co/BsciN2VCrI,7.0,805.0,10124.0,147276.0,zxx,,,,,,,,,,,,
tweet-2004795560973537566,2026-03-06 18:10:42,推特,blareger106331,'1767864524785512448,blareger,转帖,Sat Dec 27 06:04:43 +0000 2025,,,,,,,,,0__11Xx,'1821004052395913219,夢鬱つ,Fri Dec 26 00:18:59 +0000 2025,'2004346163844219115,https://x.com/0__11Xx/status/2004346163844219115,https://t.co/mBJpBNJ2C6,1.0,858.0,11423.0,113118.0,zxx,,,,,,,,,,,,
tweet-2004380587214483493,2026-03-06 18:10:42,推特,blareger106331,'1767864524785512448,blareger,转帖,Fri Dec 26 02:35:46 +0000 2025,,,,,,,,,Obsidian117w,'1510644782967967747,Obsidian117,Thu Dec 25 19:00:18 +0000 2025,'2004265968256930075,https://x.com/Obsidian117w/status/2004265968256930075,https://t.co/Mnx9r4RDuO,16.0,1828.0,28930.0,245236.0,zxx,,,,,,,,,,,,
tweet-2002324974993072631,2026-03-06 18:10:42,推特,blareger106331,'1767864524785512448,blareger,转帖,Sat Dec 20 10:27:30 +0000 2025,,,,,,,,,Akashi_Myu,'1823749248204333061,明石繆,Sat Dec 20 10:00:02 +0000 2025,'2002318063807705123,https://x.com/Akashi_Myu/status/2002318063807705123,【Live2D Showcase】明石繆 / Akashi Myu【聖心学院制服】https://t.co/xcqGKbSlOHIllust &amp; Design：鈴観 (@ccroquette_)Live2D：限饭 (@XF_rice)「蜜月アン・ドゥ・トロワ」Lyrics &amp; Music &amp; Arrangement：DATEKEN (@dateken)Vocal：明石繆 (@Akashi_Myu)Mix：ornot (@ornot_sound)#明石繆 https://t.co/9WkzSnKx7A,34.0,2583.0,15695.0,707245.0,ja,,,,,,,,,,,,
tweet-1999675208891015612,2026-03-06 18:10:42,推特,blareger106331,'1767864524785512448,blareger,转帖,Sat Dec 13 02:58:16 +0000 2025,,,,,,,,,hachi_08,'58794150,米津玄師　ハチ,Fri Dec 12 06:48:33 +0000 2025,'1999370773530837085,https://x.com/hachi_08/status/1999370773530837085,🫵😭「IRIS OUT」 #レゼダンス　#チェンソーマン　#RezeDance #ChainsawMan #IRISOUT https://t.co/MvJv1z3Ypb,6280.0,276830.0,1639231.0,203068318.0,en,,,,,,,,,,,,
tweet-1998224507996344723,2026-03-06 18:10:42,推特,blareger106331,'1767864524785512448,blareger,转帖,Tue Dec 09 02:53:42 +0000 2025,,,,,,,,,VERsia03,'1784788409657298944,Taranine,Tue Dec 09 02:25:49 +0000 2025,'1998217491701727697,https://x.com/VERsia03/status/1998217491701727697,Azure Vessel6周年!!!#ヰ世界情緒6周年 #ヰ世界情緒美術部 #ヰ世界情緒6thCountdown https://t.co/BP2Q207Yi3,3.0,153.0,1009.0,20154.0,zh,,,,,,,,,,,,
tweet-1997994907387199632,2026-03-06 18:10:42,推特,blareger106331,'1767864524785512448,blareger,转帖,Mon Dec 08 11:41:21 +0000 2025,,,,,,,,,VERsia03,'1784788409657298944,Taranine,Mon Dec 08 05:49:23 +0000 2025,'1997906330351534139,https://x.com/VERsia03/status/1997906330351534139,wip预告，未完 https://t.co/zadJQZg51M,0.0,25.0,175.0,2239.0,zh,,,,,,,,,,,,
tweet-1997994426782941647,2026-03-06 18:10:42,推特,blareger106331,'1767864524785512448,blareger,原创,Mon Dec 08 11:39:26 +0000 2025,,,,,,,,,blareger106331,'1767864524785512448,blareger,Mon Dec 08 11:39:26 +0000 2025,'1997994426782941647,https://x.com/blareger106331/status/1997994426782941647,🤣🤣,0.0,0.0,5.0,68.0,art,,,,,,,,,,,,
tweet-1996103136499675262,2026-03-06 18:10:42,推特,blareger106331,'1767864524785512448,blareger,转帖,Wed Dec 03 06:24:08 +0000 2025,,,,,,,,,xilmo1,'1230719036528312320,xilmo@夕末,Wed Dec 03 05:58:12 +0000 2025,'1996096609504165910,https://x.com/xilmo1/status/1996096609504165910,https://t.co/HXtKftsFc3,8.0,1207.0,11826.0,180528.0,zxx,,,,,,,,,,,,
tweet-1994375910079005180,2026-03-06 18:10:42,推特,blareger106331,'1767864524785512448,blareger,原创,Fri Nov 28 12:00:45 +0000 2025,,,,,,,,,blareger106331,'1767864524785512448,blareger,Fri Nov 28 12:00:45 +0000 2025,'1994375910079005180,https://x.com/blareger106331/status/1994375910079005180,why!,0.0,1.0,3.0,216.0,qst,,,,,,,,,,,,
tweet-1993961798580752750,2026-03-06 18:10:42,推特,blareger106331,'1767864524785512448,blareger,转帖,Thu Nov 27 08:35:13 +0000 2025,,,,,,,,,ito_asa_,'1391737141185503235,asa,Thu Nov 27 02:27:30 +0000 2025,'1993869260159148351,https://x.com/ito_asa_/status/1993869260159148351,いつも海のきらめきを。#イラスト https://t.co/19zzK4Z6bA,1.0,41.0,607.0,6595.0,ja,,,,,,,,,,,,
tweet-1993849845040468095,2026-03-06 18:10:42,推特,blareger106331,'1767864524785512448,blareger,转帖,Thu Nov 27 01:10:21 +0000 2025,,,,,,,,,KrenzCushart,'3014488759,Krenz,Wed Nov 26 14:51:32 +0000 2025,'1993694115033501925,https://x.com/KrenzCushart/status/1993694115033501925,Doodle https://t.co/30t5dI1Ors,8.0,512.0,8189.0,158499.0,en,,,,,,,,,,,,
tweet-1993129284622549239,2026-03-06 18:10:42,推特,blareger106331,'1767864524785512448,blareger,转帖,Tue Nov 25 01:27:06 +0000 2025,,,,,,,,,recieru,'1453296839399247876,lecl,Mon Nov 24 14:32:09 +0000 2025,'1992964458457502080,https://x.com/recieru/status/1992964458457502080,oc🛰️ https://t.co/nCGfnqNIQd,16.0,1477.0,13905.0,392856.0,und,,,,,,,,,,,,
tweet-1991278728664740356,2026-03-06 18:10:42,推特,blareger106331,'1767864524785512448,blareger,转帖,Wed Nov 19 22:53:39 +0000 2025,,,,,,,,,aht_23,'1120209766771331072,an,Wed Nov 19 06:41:01 +0000 2025,'1991033956381426144,https://x.com/aht_23/status/1991033956381426144,🎂#薫る花 https://t.co/zAfeh8NwdG,0.0,388.0,2667.0,,qme,,,,,,,,,,,,
tweet-1887877200801935495,2026-03-06 18:11:57,推特,chenxuanzhi92,'1423701893142831111,水木玄支,原创,Fri Feb 07 14:52:54 +0000 2025,,,,,,,,,chenxuanzhi92,'1423701893142831111,水木玄支,Fri Feb 07 14:52:54 +0000 2025,'1887877200801935495,https://x.com/chenxuanzhi92/status/1887877200801935495,画人像无趣，但可以画得有趣！ https://t.co/OsznIJuyFR,0.0,0.0,0.0,47.0,zh,,,,,,,,,,,,
tweet-1875041284060237921,2026-03-06 18:11:57,推特,chenxuanzhi92,'1423701893142831111,水木玄支,转帖,Fri Jan 03 04:47:33 +0000 2025,,,,,,,,,Rainmaker1973,'177101260,Massimo,Thu Jan 02 06:00:01 +0000 2025,'1874697132957204657,https://x.com/Rainmaker1973/status/1874697132957204657,Brilliant DIY Q-Tip bowhttps://t.co/i8yAWlrD9Q,33.0,561.0,7140.0,2376111.0,en,,,,,,,,,,,,
tweet-1875039978688033212,2026-03-06 18:11:57,推特,chenxuanzhi92,'1423701893142831111,水木玄支,转帖,Fri Jan 03 04:42:22 +0000 2025,,,,,,,,,fly2happy,'1533738452948496384,Luck GZ,Thu Jan 02 07:18:49 +0000 2025,'1874716963181867272,https://x.com/fly2happy/status/1874716963181867272,从没见过这样的要求：你能威胁我吗？ https://t.co/kVoglPn0DT,2.0,21.0,162.0,116572.0,zh,,,,,,,,,,,,
tweet-1858344278243836169,2026-03-06 18:11:57,推特,chenxuanzhi92,'1423701893142831111,水木玄支,原创,Mon Nov 18 02:59:36 +0000 2024,,,,,,,,,chenxuanzhi92,'1423701893142831111,水木玄支,Mon Nov 18 02:59:36 +0000 2024,'1858344278243836169,https://x.com/chenxuanzhi92/status/1858344278243836169,练习 https://t.co/EIQwq52kar,0.0,0.0,0.0,22.0,zh,,,,,,,,,,,,
tweet-1855952874729320599,2026-03-06 18:11:57,推特,chenxuanzhi92,'1423701893142831111,水木玄支,原创,Mon Nov 11 12:37:01 +0000 2024,,,,,,,,,chenxuanzhi92,'1423701893142831111,水木玄支,Mon Nov 11 12:37:01 +0000 2024,'1855952874729320599,https://x.com/chenxuanzhi92/status/1855952874729320599,画完才发现今天双十一，哈哈哈。 https://t.co/HSqZP0RKKf,0.0,0.0,0.0,21.0,zh,,,,,,,,,,,,
tweet-1813233430995607674,2026-03-06 18:11:57,推特,chenxuanzhi92,'1423701893142831111,水木玄支,原创,Tue Jul 16 15:25:12 +0000 2024,,,,,,,,,chenxuanzhi92,'1423701893142831111,水木玄支,Tue Jul 16 15:25:12 +0000 2024,'1813233430995607674,https://x.com/chenxuanzhi92/status/1813233430995607674,蹭下热点 https://t.co/PTv1zar3g8,0.0,0.0,0.0,78.0,zh,,,,,,,,,,,,
tweet-1807084662608802112,2026-03-06 18:11:57,推特,chenxuanzhi92,'1423701893142831111,水木玄支,原创,Sat Jun 29 16:12:12 +0000 2024,,,,,,,,,chenxuanzhi92,'1423701893142831111,水木玄支,Sat Jun 29 16:12:12 +0000 2024,'1807084662608802112,https://x.com/chenxuanzhi92/status/1807084662608802112,最近速写 https://t.co/UxmbXPDLco,0.0,0.0,0.0,54.0,ja,,,,,,,,,,,,
tweet-1804150123238429141,2026-03-06 18:11:57,推特,chenxuanzhi92,'1423701893142831111,水木玄支,原创,Fri Jun 21 13:51:23 +0000 2024,,,,,,,,,chenxuanzhi92,'1423701893142831111,水木玄支,Fri Jun 21 13:51:23 +0000 2024,'1804150123238429141,https://x.com/chenxuanzhi92/status/1804150123238429141,抓鸟图 https://t.co/aVjeaejLb5,0.0,0.0,0.0,59.0,zh,,,,,,,,,,,,
tweet-1801995536087781724,2026-03-06 18:11:57,推特,chenxuanzhi92,'1423701893142831111,水木玄支,原创,Sat Jun 15 15:09:49 +0000 2024,,,,,,,,,chenxuanzhi92,'1423701893142831111,水木玄支,Sat Jun 15 15:09:49 +0000 2024,'1801995536087781724,https://x.com/chenxuanzhi92/status/1801995536087781724,很快啊，就摸了一个 https://t.co/6bhufd91vR,0.0,0.0,0.0,32.0,zh,,,,,,,,,,,,
tweet-1801959450611425393,2026-03-06 18:11:57,推特,chenxuanzhi92,'1423701893142831111,水木玄支,原创,Sat Jun 15 12:46:26 +0000 2024,,,,,,,,,chenxuanzhi92,'1423701893142831111,水木玄支,Sat Jun 15 12:46:26 +0000 2024,'1801959450611425393,https://x.com/chenxuanzhi92/status/1801959450611425393,看完庆余年了，可以定下心画画了……要不要摸个范闲呢~ https://t.co/N8Dd4EQde5,0.0,0.0,0.0,114.0,zh,,,,,,,,,,,,
tweet-1801290734559183040,2026-03-06 18:11:57,推特,chenxuanzhi92,'1423701893142831111,水木玄支,原创,Thu Jun 13 16:29:12 +0000 2024,,,,,,,,,chenxuanzhi92,'1423701893142831111,水木玄支,Thu Jun 13 16:29:12 +0000 2024,'1801290734559183040,https://x.com/chenxuanzhi92/status/1801290734559183040,凉风有信，秋月无边，好在我有广阔的胸襟和强劲的臂弯！ https://t.co/aVX3D5k6eI,0.0,0.0,0.0,18.0,zh,,,,,,,,,,,,
tweet-1798036635256537218,2026-03-06 18:11:57,推特,chenxuanzhi92,'1423701893142831111,水木玄支,原创,Tue Jun 04 16:58:34 +0000 2024,,,,,,,,,chenxuanzhi92,'1423701893142831111,水木玄支,Tue Jun 04 16:58:34 +0000 2024,'1798036635256537218,https://x.com/chenxuanzhi92/status/1798036635256537218,最近. https://t.co/Ok8iTvUnep,0.0,0.0,0.0,11.0,ja,,,,,,,,,,,,
tweet-1796199232170492299,2026-03-06 18:11:57,推特,chenxuanzhi92,'1423701893142831111,水木玄支,原创,Thu May 30 15:17:23 +0000 2024,,,,,,,,,chenxuanzhi92,'1423701893142831111,水木玄支,Thu May 30 15:17:23 +0000 2024,'1796199232170492299,https://x.com/chenxuanzhi92/status/1796199232170492299,明明画完工作已经很累了，但还是想摸一张。我发现我比以前爱画画了 https://t.co/YpH39Mxu8w,0.0,0.0,0.0,18.0,zh,,,,,,,,,,,,
tweet-1795819407169712597,2026-03-06 18:11:57,推特,chenxuanzhi92,'1423701893142831111,水木玄支,原创,Wed May 29 14:08:06 +0000 2024,,,,,,,,,chenxuanzhi92,'1423701893142831111,水木玄支,Wed May 29 14:08:06 +0000 2024,'1795819407169712597,https://x.com/chenxuanzhi92/status/1795819407169712597,练习排线，真的存粹是练习，排线 https://t.co/0HT3wGuyH1,0.0,0.0,0.0,24.0,zh,,,,,,,,,,,,
tweet-1794396435779310077,2026-03-06 18:11:57,推特,chenxuanzhi92,'1423701893142831111,水木玄支,原创,Sat May 25 15:53:43 +0000 2024,,,,,,,,,chenxuanzhi92,'1423701893142831111,水木玄支,Sat May 25 15:53:43 +0000 2024,'1794396435779310077,https://x.com/chenxuanzhi92/status/1794396435779310077,画了一周漫画，正在恢复中。 https://t.co/d79K2MhzaP,0.0,0.0,1.0,18.0,zh,,,,,,,,,,,,
tweet-1783790702553710760,2026-03-06 18:11:57,推特,chenxuanzhi92,'1423701893142831111,水木玄支,原创,Fri Apr 26 09:30:19 +0000 2024,,,,,,,,,chenxuanzhi92,'1423701893142831111,水木玄支,Fri Apr 26 09:30:19 +0000 2024,'1783790702553710760,https://x.com/chenxuanzhi92/status/1783790702553710760,久违的找回了思考的感觉，怀着愧疚的摸鱼。画动画也很好玩啊 https://t.co/WNdqTU7UqT,0.0,1.0,0.0,110.0,zh,,,,,,,,,,,,
tweet-1767239536004981162,2026-03-06 18:11:57,推特,chenxuanzhi92,'1423701893142831111,水木玄支,原创,Mon Mar 11 17:21:53 +0000 2024,,,,,,,,,chenxuanzhi92,'1423701893142831111,水木玄支,Mon Mar 11 17:21:53 +0000 2024,'1767239536004981162,https://x.com/chenxuanzhi92/status/1767239536004981162,风骚律师留念……这年头，感觉看完一部剧都是值得留念的事了……接下来，进去全力工作状态了，看来没啥时间画自己的漫画了。 https://t.co/nrivqUxcvs,0.0,0.0,0.0,172.0,zh,,,,,,,,,,,,
tweet-1742204681798172727,2026-03-06 18:11:57,推特,chenxuanzhi92,'1423701893142831111,水木玄支,原创,Tue Jan 02 15:22:19 +0000 2024,,,,,,,,,chenxuanzhi92,'1423701893142831111,水木玄支,Tue Jan 02 15:22:19 +0000 2024,'1742204681798172727,https://x.com/chenxuanzhi92/status/1742204681798172727,#新头像 https://t.co/ChKhbeYrXT,0.0,0.0,1.0,80.0,qme,,,,,,,,,,,,
tweet-1719011310141419749,2026-03-06 18:11:57,推特,chenxuanzhi92,'1423701893142831111,水木玄支,原创,Mon Oct 30 15:20:08 +0000 2023,,,,,,,,,chenxuanzhi92,'1423701893142831111,水木玄支,Mon Oct 30 15:20:08 +0000 2023,'1719011310141419749,https://x.com/chenxuanzhi92/status/1719011310141419749,我画你猜 https://t.co/f9SdWShtho,0.0,0.0,1.0,59.0,ja,,,,,,,,,,,,
tweet-1658430755406766080,2026-03-06 18:11:57,推特,chenxuanzhi92,'1423701893142831111,水木玄支,原创,Tue May 16 11:14:38 +0000 2023,,,,,,,,,chenxuanzhi92,'1423701893142831111,水木玄支,Tue May 16 11:14:38 +0000 2023,'1658430755406766080,https://x.com/chenxuanzhi92/status/1658430755406766080,画赛尔达 https://t.co/mN32dqV06P,1.0,0.0,0.0,307.0,zh,,,,,,,,,,,,
tweet-1765969347745566755,2026-03-06 18:14:47,推特,Chenwei_Qiang,'1499997920720007169,SuperQ,转帖,Fri Mar 08 05:14:37 +0000 2024,,,,,,,,,Southp148315031,'1719915850059177984,Southp1668,Thu Mar 07 23:07:00 +0000 2024,'1765876836733796385,https://x.com/Southp148315031/status/1765876836733796385,chudai https://t.co/y5ivXbLXju,112.0,4170.0,26365.0,3847411.0,hi,,,,,,,,,,,,
tweet-1642088702708162571,2026-03-06 18:14:47,推特,Chenwei_Qiang,'1499997920720007169,SuperQ,转帖,Sat Apr 01 08:57:09 +0000 2023,,,,,,,,,pinkiy_killerrr,'782509558056968193,じゃくそん,Fri Mar 31 12:36:05 +0000 2023,'1641781408757866497,https://x.com/pinkiy_killerrr/status/1641781408757866497,えっちすぎる…,0.0,4.0,159.0,33786.0,ja,,,,,,,,,,,,
tweet-1642088622580207617,2026-03-06 18:14:47,推特,Chenwei_Qiang,'1499997920720007169,SuperQ,原创,Sat Apr 01 08:56:50 +0000 2023,,,,,,,,,Chenwei_Qiang,'1499997920720007169,SuperQ,Sat Apr 01 08:56:50 +0000 2023,'1642088622580207617,https://x.com/Chenwei_Qiang/status/1642088622580207617,还记得你何时加入 Twitter 吗？我知道！#我的Twitter周年纪念日 https://t.co/MCcm7oByMC,0.0,0.0,0.0,161.0,zh,,,,,,,,,,,,
tweet-1634796421273780224,2026-03-06 18:14:47,推特,Chenwei_Qiang,'1499997920720007169,SuperQ,原创,Sun Mar 12 06:00:14 +0000 2023,,,,,,,,,Chenwei_Qiang,'1499997920720007169,SuperQ,Sun Mar 12 06:00:14 +0000 2023,'1634796421273780224,https://x.com/Chenwei_Qiang/status/1634796421273780224,还记得你何时加入 Twitter 吗？我知道！#我的Twitter周年纪念日 https://t.co/s6HRdeIX2o,0.0,0.0,1.0,169.0,zh,,,,,,,,,,,,
tweet-1621903895994986498,2026-03-06 18:14:47,推特,Chenwei_Qiang,'1499997920720007169,SuperQ,转帖,Sat Feb 04 16:09:56 +0000 2023,,,,,,,,,benboba0_0,'1170351309989523456,喯啵灞,Thu Nov 17 00:36:41 +0000 2022,'1593040392362274816,https://x.com/benboba0_0/status/1593040392362274816,@DuuuHlui @chifanhenkuai2 一些网站1⃣️a站：https://t.co/SIoK4E43nj2⃣️p站：https://t.co/m2hdCUD0k23⃣️x站：https://t.co/iHeKTIZsmR4⃣️91网站:https://t.co/5MBFbfBQUh5⃣️J站：https://t.co/GyrYzmz5VH6⃣️z站：https://t.co/Y47HGwBTCF,2149.0,5733.0,38846.0,,zh,,,,,,,,,,,,
tweet-1608116416141561859,2026-03-06 18:14:47,推特,Chenwei_Qiang,'1499997920720007169,SuperQ,转帖,Wed Dec 28 15:03:25 +0000 2022,,,,,,,,,SJZOO_,'1520948910512291841,氿菜,Sat Nov 26 07:19:17 +0000 2022,'1596403202660143104,https://x.com/SJZOO_/status/1596403202660143104,存一下p站  https://t.co/UUVStBTxja禁漫天堂 https://t.co/DSmuzFkuRZ2048导航 https://t.co/svtiHGW2yy老王论坛 https://t.co/y2knBe6J3G南方次元 https://t.co/j8p0iqNRt1AVMOO老牌网站 https://t.co/AyXHKNXI0Q在线里番 https://t.co/yHAHBLD1pQA站 https://t.co/MwsD26eNUd,3191.0,13022.0,79267.0,,zh,,,,,,,,,,,,
tweet-1972352918897758387,2026-03-06 18:15:36,推特,lnyun154141,'1678682022091321345,临渊,原创,Sun Sep 28 17:29:15 +0000 2025,,,,,,,,,lnyun154141,'1678682022091321345,临渊,Sun Sep 28 17:29:15 +0000 2025,'1972352918897758387,https://x.com/lnyun154141/status/1972352918897758387,每个人都很反差，谁也不知道日常和私底下都是两幅面孔,0.0,0.0,1.0,368.0,zh,,,,,,,,,,,,
tweet-1971977442383614423,2026-03-06 18:15:36,推特,lnyun154141,'1678682022091321345,临渊,原创,Sat Sep 27 16:37:14 +0000 2025,,,,,,,,,lnyun154141,'1678682022091321345,临渊,Sat Sep 27 16:37:14 +0000 2025,'1971977442383614423,https://x.com/lnyun154141/status/1971977442383614423,平等骚扰每一个人,0.0,0.0,2.0,386.0,zh,,,,,,,,,,,,
tweet-1971202183942291927,2026-03-06 18:15:36,推特,lnyun154141,'1678682022091321345,临渊,原创,Thu Sep 25 13:16:38 +0000 2025,,,,,,,,,lnyun154141,'1678682022091321345,临渊,Thu Sep 25 13:16:38 +0000 2025,'1971202183942291927,https://x.com/lnyun154141/status/1971202183942291927,备用机真是一个好东西，看片都不怕中病毒,0.0,0.0,0.0,415.0,zh,,,,,,,,,,,,
tweet-1970698095211221298,2026-03-06 18:15:36,推特,lnyun154141,'1678682022091321345,临渊,原创,Wed Sep 24 03:53:34 +0000 2025,,,,,,,,,lnyun154141,'1678682022091321345,临渊,Wed Sep 24 03:53:34 +0000 2025,'1970698095211221298,https://x.com/lnyun154141/status/1970698095211221298,谁懂，爱喜的烟真的很香，目前抽过的口味最喜欢香芋味还有咖啡味😃👆🏻就是有点燃的太快了，一根没几口就没了,0.0,0.0,0.0,429.0,zh,,,,,,,,,,,,
tweet-1856169356583153950,2026-03-06 18:17:35,推特,BvdUr,'1815220897151946753,周莹莹,原创,Tue Nov 12 02:57:15 +0000 2024,,,,,,,,,BvdUr,'1815220897151946753,周莹莹,Tue Nov 12 02:57:15 +0000 2024,'1856169356583153950,https://x.com/BvdUr/status/1856169356583153950,不锈钢板材批发 https://t.co/ws9Chex7dI,0.0,0.0,1.0,34.0,zh,,,,,,,,,,,,
tweet-1839205058250158427,2026-03-06 18:17:35,推特,BvdUr,'1815220897151946753,周莹莹,原创,Thu Sep 26 07:27:11 +0000 2024,,,,,,,,,BvdUr,'1815220897151946753,周莹莹,Thu Sep 26 07:27:11 +0000 2024,'1839205058250158427,https://x.com/BvdUr/status/1839205058250158427,Start your customized journey of stainless steel plates and achieve your exclusive quality! https://t.co/s0kqMrsfpm,0.0,0.0,1.0,16.0,en,,,,,,,,,,,,
tweet-1836628257535594627,2026-03-06 18:17:35,推特,BvdUr,'1815220897151946753,周莹莹,原创,Thu Sep 19 04:47:54 +0000 2024,,,,,,,,,BvdUr,'1815220897151946753,周莹莹,Thu Sep 19 04:47:54 +0000 2024,'1836628257535594627,https://x.com/BvdUr/status/1836628257535594627,Another day for shipping out goods. https://t.co/JKjS4ZlMXE,0.0,0.0,1.0,13.0,en,,,,,,,,,,,,
tweet-1835159835697988014,2026-03-06 18:17:35,推特,BvdUr,'1815220897151946753,周莹莹,原创,Sun Sep 15 03:32:55 +0000 2024,,,,,,,,,BvdUr,'1815220897151946753,周莹莹,Sun Sep 15 03:32:55 +0000 2024,'1835159835697988014,https://x.com/BvdUr/status/1835159835697988014,Come across offline activities by chance. https://t.co/OhbuenNThn,0.0,0.0,2.0,21.0,en,,,,,,,,,,,,
tweet-1831956270741623172,2026-03-06 18:17:35,推特,BvdUr,'1815220897151946753,周莹莹,原创,Fri Sep 06 07:23:05 +0000 2024,,,,,,,,,BvdUr,'1815220897151946753,周莹莹,Fri Sep 06 07:23:05 +0000 2024,'1831956270741623172,https://x.com/BvdUr/status/1831956270741623172,"Customer's trust, guarantee of quality. https://t.co/oUtkfQEiF6",1.0,0.0,2.0,13.0,en,,,,,,,,,,,,
tweet-1824723497358332304,2026-03-06 18:17:35,推特,BvdUr,'1815220897151946753,周莹莹,原创,Sat Aug 17 08:22:38 +0000 2024,,,,,,,,,BvdUr,'1815220897151946753,周莹莹,Sat Aug 17 08:22:38 +0000 2024,'1824723497358332304,https://x.com/BvdUr/status/1824723497358332304,Excellent products can always give us great confidence. https://t.co/wE54jfyPop,0.0,0.0,1.0,12.0,en,,,,,,,,,,,,
tweet-1823563967077474545,2026-03-06 18:17:35,推特,BvdUr,'1815220897151946753,周莹莹,原创,Wed Aug 14 03:35:04 +0000 2024,,,,,,,,,BvdUr,'1815220897151946753,周莹莹,Wed Aug 14 03:35:04 +0000 2024,'1823563967077474545,https://x.com/BvdUr/status/1823563967077474545,"Guarantee of shipment, reassurance for customers https://t.co/NREQVi15D5",1.0,0.0,2.0,11.0,en,,,,,,,,,,,,
tweet-1821797544525230359,2026-03-06 18:17:35,推特,BvdUr,'1815220897151946753,周莹莹,原创,Fri Aug 09 06:35:56 +0000 2024,,,,,,,,,BvdUr,'1815220897151946753,周莹莹,Fri Aug 09 06:35:56 +0000 2024,'1821797544525230359,https://x.com/BvdUr/status/1821797544525230359,努力工作的一天 https://t.co/RnZPIAHzoL,0.0,0.0,2.0,27.0,ja,,,,,,,,,,,,
tweet-1821743274278678573,2026-03-06 18:17:35,推特,BvdUr,'1815220897151946753,周莹莹,原创,Fri Aug 09 03:00:17 +0000 2024,,,,,,,,,BvdUr,'1815220897151946753,周莹莹,Fri Aug 09 03:00:17 +0000 2024,'1821743274278678573,https://x.com/BvdUr/status/1821743274278678573,大批量出货 https://t.co/1oKHVUkDAB,0.0,0.0,3.0,42.0,zh,,,,,,,,,,,,
tweet-1821474283723645367,2026-03-06 18:17:35,推特,BvdUr,'1815220897151946753,周莹莹,原创,Thu Aug 08 09:11:25 +0000 2024,,,,,,,,,BvdUr,'1815220897151946753,周莹莹,Thu Aug 08 09:11:25 +0000 2024,'1821474283723645367,https://x.com/BvdUr/status/1821474283723645367,Serve customers loyally and strictly control quality https://t.co/Z3VvNEpEew,0.0,0.0,3.0,18.0,en,,,,,,,,,,,,
tweet-1821386888558903769,2026-03-06 18:17:35,推特,BvdUr,'1815220897151946753,周莹莹,原创,Thu Aug 08 03:24:08 +0000 2024,,,,,,,,,BvdUr,'1815220897151946753,周莹莹,Thu Aug 08 03:24:08 +0000 2024,'1821386888558903769,https://x.com/BvdUr/status/1821386888558903769,神奇的广东天气 https://t.co/J9KHR9G7Tg,0.0,0.0,2.0,37.0,zh,,,,,,,,,,,,
tweet-2023102322474406374,2026-03-06 18:18:47,推特,jason_alex35042,'1878799658107232256,(ㅎㅎ),转帖,Sun Feb 15 18:29:15 +0000 2026,,,,,,,,,interstellar_sw,'1795665305261502464,深空出版,Sun Feb 15 11:00:00 +0000 2026,'2022989263030333482,https://x.com/interstellar_sw/status/2022989263030333482,✦．#全知讀者視角 전지적 독자 시점✦．#金獨子 生日明信片活動今天是《全知讀者視角》金獨子的生日喔！🎉🎉🎉我們特地邀請了 두소 老師（@Doo_so_）繪製生日賀圖，大家趕快至ibon印製明信片收藏吧～☛ 轉推留言祝獨子生日快樂，就有機會抽小禮物喔！🥰 https://t.co/y8ehbEjD7t,168.0,424.0,979.0,44043.0,zh,,,,,,,,,,,,
tweet-1884378766560092618,2026-03-06 18:19:43,推特,zw910825,'1503358876749647875,曾巍,转帖,Tue Jan 28 23:11:22 +0000 2025,,,,,,,,,DFetish23,'1735751042078478336,𝕏 Daddy Fetish®,Sat Jan 18 02:24:45 +0000 2025,'1880441165457318217,https://x.com/DFetish23/status/1880441165457318217,𝕏 Daddy Fetish® Full Video⚡️~In love with my best friend's dad~ Part. 1Rt &amp; Follow https://t.co/zD7Mn39K7v,0.0,855.0,3072.0,307139.0,en,,,,,,,,,,,,
tweet-2029542711833878548,2026-03-06 18:32:05,推特,iamjaredfatty,'3658726098,小杰同学🌈,转帖,Thu Mar 05 13:01:04 +0000 2026,,,,,,,,,zihctan,'972216338876841984,polosuit,Sun Jun 15 13:43:16 +0000 2025,'1934245322596966411,https://x.com/zihctan/status/1934245322596966411,警察節快樂😃 https://t.co/U9CzoRCkpe,8.0,3.0,135.0,4586.0,zh,,,,,,,,,,,,
tweet-2029536816454369647,2026-03-06 18:32:05,推特,iamjaredfatty,'3658726098,小杰同学🌈,转帖,Thu Mar 05 12:37:38 +0000 2026,,,,,,,,,13113784wer1,'1327872588677148673,靓仔,Tue Jan 27 05:38:59 +0000 2026,'2016023108839473347,https://x.com/13113784wer1/status/2016023108839473347,https://t.co/y3khue3e5F,4.0,143.0,890.0,61268.0,zxx,,,,,,,,,,,,
tweet-2025640162986741933,2026-03-06 18:32:05,推特,iamjaredfatty,'3658726098,小杰同学🌈,转帖,Sun Feb 22 18:33:44 +0000 2026,,,,,,,,,Moojsww677,'1893823801970028544,幺幺屁屁很大,Thu Dec 25 09:05:13 +0000 2025,'2004116210775216408,https://x.com/Moojsww677/status/2004116210775216408,人夫的黑🍆 是我的最爱😍 https://t.co/UyXN3CIa8U,66.0,1883.0,16081.0,813088.0,zh,,,,,,,,,,,,
tweet-2025640147992064433,2026-03-06 18:32:05,推特,iamjaredfatty,'3658726098,小杰同学🌈,转帖,Sun Feb 22 18:33:40 +0000 2026,,,,,,,,,Moojsww677,'1893823801970028544,幺幺屁屁很大,Tue Nov 04 08:54:18 +0000 2025,'1985631681362215313,https://x.com/Moojsww677/status/1985631681362215313,越来越喜欢对这种瘦瘦高高又帅气的大学生，鸡吧还很大。 https://t.co/zeT2d069AJ,6.0,166.0,1643.0,199232.0,zh,,,,,,,,,,,,
tweet-2018620488302674025,2026-03-06 18:32:05,推特,iamjaredfatty,'3658726098,小杰同学🌈,原创,Tue Feb 03 09:40:03 +0000 2026,,,,,,,,,iamjaredfatty,'3658726098,小杰同学🌈,Tue Feb 03 09:40:03 +0000 2026,'2018620488302674025,https://x.com/iamjaredfatty/status/2018620488302674025,好想吃这位小警察😋好大,1.0,0.0,1.0,868.0,zh,,,,,,,,,,,,
tweet-2008485293121503699,2026-03-06 18:32:05,推特,iamjaredfatty,'3658726098,小杰同学🌈,原创,Tue Jan 06 10:26:24 +0000 2026,,,,,,,,,iamjaredfatty,'3658726098,小杰同学🌈,Tue Jan 06 10:26:24 +0000 2026,'2008485293121503699,https://x.com/iamjaredfatty/status/2008485293121503699,才一段时间没上来就发现很多人清空账号跑路了无奈取关了只能说和他们有缘再见吧又关注了一批新的优质的😶至于本人的作品更新较慢毕竟忙于工作而且天气太冷了……制服太单薄不够暖和没什么心情拍照去年入手了一套RHKP的卷袖秋装迟点再入手一套台警旧制服到时候再发出来满足大家😘,0.0,0.0,0.0,771.0,zh,,,,,,,,,,,,
tweet-1986371758828482757,2026-03-06 18:32:05,推特,iamjaredfatty,'3658726098,小杰同学🌈,转帖,Thu Nov 06 09:55:06 +0000 2025,,,,,,,,,841Q0,'1476065746425835520,SSSwim丶,Wed Feb 28 03:29:42 +0000 2024,'1762681453668864254,https://x.com/841Q0/status/1762681453668864254,阳光帅气的小👮🏻‍♂️私底下竟然……关注转发解锁操哭他 https://t.co/hP069lJZJ7,78.0,1245.0,7693.0,610669.0,zh,,,,,,,,,,,,
tweet-1986371137853337704,2026-03-06 18:32:05,推特,iamjaredfatty,'3658726098,小杰同学🌈,转帖,Thu Nov 06 09:52:38 +0000 2025,,,,,,,,,Add8961774,'1535566202763759616,早安许弋 bkk,Tue Apr 16 11:47:58 +0000 2024,'1780201463643578872,https://x.com/Add8961774/status/1780201463643578872,#广州 刚到广州就遇到这个骚🐶 打招呼  广州天气炎热 性欲就上来了 非要见我  上着班就出来 估计好久没释放了 本人 身材还不错 大战一触即发 哈哈哈！ https://t.co/6ajJl7L1ke,13.0,112.0,915.0,213206.0,zh,,,,,,,,,,,,
tweet-1984996302271160626,2026-03-06 18:32:05,推特,iamjaredfatty,'3658726098,小杰同学🌈,原创,Sun Nov 02 14:49:32 +0000 2025,,,,,,,,,iamjaredfatty,'3658726098,小杰同学🌈,Sun Nov 02 14:49:32 +0000 2025,'1984996302271160626,https://x.com/iamjaredfatty/status/1984996302271160626,衣服还差几个配件，等有钱再买🐷 https://t.co/9KECIhboAo,0.0,0.0,3.0,1075.0,zh,,,,,,,,,,,,
tweet-1984996130808041593,2026-03-06 18:32:05,推特,iamjaredfatty,'3658726098,小杰同学🌈,原创,Sun Nov 02 14:48:51 +0000 2025,,,,,,,,,iamjaredfatty,'3658726098,小杰同学🌈,Sun Nov 02 14:48:51 +0000 2025,'1984996130808041593,https://x.com/iamjaredfatty/status/1984996130808041593,我硬了，但是我没拍露鸟照😶 https://t.co/ABsxF9OJz9,0.0,0.0,1.0,4956.0,zh,,,,,,,,,,,,
tweet-1984995793548313028,2026-03-06 18:32:05,推特,iamjaredfatty,'3658726098,小杰同学🌈,原创,Sun Nov 02 14:47:31 +0000 2025,,,,,,,,,iamjaredfatty,'3658726098,小杰同学🌈,Sun Nov 02 14:47:31 +0000 2025,'1984995793548313028,https://x.com/iamjaredfatty/status/1984995793548313028,猜猜这是哪套制服😏 https://t.co/JP67piQS0G,0.0,0.0,2.0,988.0,zh,,,,,,,,,,,,
tweet-1978831843953689056,2026-03-06 18:32:05,推特,iamjaredfatty,'3658726098,小杰同学🌈,原创,Thu Oct 16 14:34:11 +0000 2025,,,,,,,,,iamjaredfatty,'3658726098,小杰同学🌈,Thu Oct 16 14:34:11 +0000 2025,'1978831843953689056,https://x.com/iamjaredfatty/status/1978831843953689056,我也想遇到一个滴滴司机给我口🥺,0.0,0.0,0.0,1199.0,zh,,,,,,,,,,,,
tweet-1977648463069520348,2026-03-06 18:32:05,推特,iamjaredfatty,'3658726098,小杰同学🌈,转帖,Mon Oct 13 08:11:51 +0000 2025,,,,,,,,,yangziyangzi1,'1177968770226229249,寻求深喉爱好者,Mon Mar 09 10:52:52 +0000 2020,'1236968186752499713,https://x.com/yangziyangzi1/status/1236968186752499713,无意中翻出了去年玩儿子，把儿子操吐的视频，好怀念把儿子操吐刺激的画面，以后玩不到儿子了！坐标济南，可以拍视频留念噢！喜欢被我这样玩的可以加我qq1973948694 https://t.co/n3IbJAQkuR https://t.co/rpa8K5WEYn,5.0,72.0,253.0,,zh,,,,,,,,,,,,
tweet-1977635998730436937,2026-03-06 18:32:05,推特,iamjaredfatty,'3658726098,小杰同学🌈,转帖,Mon Oct 13 07:22:19 +0000 2025,,,,,,,,,Angle2048,'1071567354658664448,小闹学粗口,Tue Jun 23 01:53:54 +0000 2020,'1275245666239868928,https://x.com/Angle2048/status/1275245666239868928,这个小骚货很幸福，也很兴奋，能同时伺候吃两根大🐔，两个大🐔给他的小嘴都塞满了。有没有人也想这样吃的啊。同时吃两个，然后同时射给你。 https://t.co/ZQJQBThUey,0.0,3.0,18.0,,zh,,,,,,,,,,,,
tweet-1977635674573701370,2026-03-06 18:32:05,推特,iamjaredfatty,'3658726098,小杰同学🌈,转帖,Mon Oct 13 07:21:02 +0000 2025,,,,,,,,,victorlin009008,'710713910647660544,Victor,Wed Apr 08 06:44:24 +0000 2020,'1247777295244218369,https://x.com/victorlin009008/status/1247777295244218369,沒有點讚看更多 https://t.co/61es0Kfk7a,5.0,7.0,277.0,,zh,,,,,,,,,,,,
tweet-1977635655061745803,2026-03-06 18:32:05,推特,iamjaredfatty,'3658726098,小杰同学🌈,转帖,Mon Oct 13 07:20:57 +0000 2025,,,,,,,,,victorlin009008,'710713910647660544,Victor,Fri Jan 03 13:44:13 +0000 2020,'1213093710054883331,https://x.com/victorlin009008/status/1213093710054883331,https://t.co/Uca4OAw9xh,2.0,7.0,126.0,,zxx,,,,,,,,,,,,
tweet-1972188600998809980,2026-03-06 18:32:05,推特,iamjaredfatty,'3658726098,小杰同学🌈,转帖,Sun Sep 28 06:36:18 +0000 2025,,,,,,,,,studay_100,'1276954686222938112,少爷S,Sat Feb 04 13:07:07 +0000 2023,'1621857886300426242,https://x.com/studay_100/status/1621857886300426242,心心念念已久，终于吃上了😎 https://t.co/THRH1n6tMg,6.0,231.0,860.0,175708.0,zh,,,,,,,,,,,,
tweet-1971474864411406533,2026-03-06 18:32:05,推特,iamjaredfatty,'3658726098,小杰同学🌈,转帖,Fri Sep 26 07:20:10 +0000 2025,,,,,,,,,linhan01,'1592030325986668544,linhan,Sun Mar 31 08:17:27 +0000 2024,'1774350279103954950,https://x.com/linhan01/status/1774350279103954950,@GGYDKSs 喂狗狗吃 https://t.co/X3rIB9epqy,12.0,173.0,1593.0,128454.0,zh,,,,,,,,,,,,
tweet-1971474831066726514,2026-03-06 18:32:05,推特,iamjaredfatty,'3658726098,小杰同学🌈,转帖,Fri Sep 26 07:20:02 +0000 2025,,,,,,,,,GuIdaoji,'1530180273333231616,AAA卢关师傅,Tue Apr 22 14:53:45 +0000 2025,'1914694117059387493,https://x.com/GuIdaoji/status/1914694117059387493,还没睡醒，骚狗就在被子里忙活，嗦着晨勃大屌。控r骚狗，双手抱头猛艹飞机杯，把积攒几天的浓精狠狠灌入喉逼。 https://t.co/wDSKf1NQE5,18.0,519.0,3400.0,400995.0,zh,,,,,,,,,,,,
tweet-1971473597815460227,2026-03-06 18:32:05,推特,iamjaredfatty,'3658726098,小杰同学🌈,转帖,Fri Sep 26 07:15:08 +0000 2025,,,,,,,,,aoliiaoooo,'992753226997841920,奥利奥🍪,Fri Feb 14 10:47:05 +0000 2025,'1890352056126296360,https://x.com/aoliiaoooo/status/1890352056126296360,情人节怎么过 https://t.co/Jp5jzya6au,8.0,173.0,1942.0,257611.0,zh,,,,,,,,,,,,
tweet-1983225433228197920,2026-03-06 18:33:34,推特,AKA8833,'1515946422444904449,益达,原创,Tue Oct 28 17:32:44 +0000 2025,,,,,,,,,AKA8833,'1515946422444904449,益达,Tue Oct 28 17:32:44 +0000 2025,'1983225433228197920,https://x.com/AKA8833/status/1983225433228197920,https://t.co/XrtMpMoOcA,0.0,0.0,0.0,21.0,zxx,,,,,,,,,,,,
tweet-1966754059639287927,2026-03-06 18:33:34,推特,AKA8833,'1515946422444904449,益达,原创,Sat Sep 13 06:41:22 +0000 2025,,,,,,,,,AKA8833,'1515946422444904449,益达,Sat Sep 13 06:41:22 +0000 2025,'1966754059639287927,https://x.com/AKA8833/status/1966754059639287927,https://t.co/JuBzGIXHjf,0.0,0.0,0.0,44.0,zxx,,,,,,,,,,,,
tweet-1962119164065382566,2026-03-06 18:33:34,推特,AKA8833,'1515946422444904449,益达,原创,Sun Aug 31 11:43:57 +0000 2025,,,,,,,,,AKA8833,'1515946422444904449,益达,Sun Aug 31 11:43:57 +0000 2025,'1962119164065382566,https://x.com/AKA8833/status/1962119164065382566,https://t.co/4pf8f7yMZP,0.0,0.0,0.0,34.0,zxx,,,,,,,,,,,,
tweet-1960344499273773246,2026-03-06 18:33:34,推特,AKA8833,'1515946422444904449,益达,原创,Tue Aug 26 14:12:04 +0000 2025,,,,,,,,,AKA8833,'1515946422444904449,益达,Tue Aug 26 14:12:04 +0000 2025,'1960344499273773246,https://x.com/AKA8833/status/1960344499273773246,https://t.co/WTjqaU8wUU,0.0,0.0,0.0,27.0,zxx,,,,,,,,,,,,
tweet-1958109406115352853,2026-03-06 18:33:34,推特,AKA8833,'1515946422444904449,益达,原创,Wed Aug 20 10:10:36 +0000 2025,,,,,,,,,AKA8833,'1515946422444904449,益达,Wed Aug 20 10:10:36 +0000 2025,'1958109406115352853,https://x.com/AKA8833/status/1958109406115352853,https://t.co/yas5op6ybG,0.0,0.0,0.0,21.0,zxx,,,,,,,,,,,,
tweet-1933589664990179504,2026-03-06 18:33:34,推特,AKA8833,'1515946422444904449,益达,原创,Fri Jun 13 18:17:55 +0000 2025,,,,,,,,,AKA8833,'1515946422444904449,益达,Fri Jun 13 18:17:55 +0000 2025,'1933589664990179504,https://x.com/AKA8833/status/1933589664990179504,https://t.co/RhPf0K1WlB,0.0,0.0,0.0,30.0,zxx,,,,,,,,,,,,
tweet-1932066995987755485,2026-03-06 18:33:34,推特,AKA8833,'1515946422444904449,益达,原创,Mon Jun 09 13:27:22 +0000 2025,,,,,,,,,AKA8833,'1515946422444904449,益达,Mon Jun 09 13:27:22 +0000 2025,'1932066995987755485,https://x.com/AKA8833/status/1932066995987755485,https://t.co/VCHjsaWLiL,0.0,0.0,0.0,23.0,zxx,,,,,,,,,,,,
tweet-1931767785555980729,2026-03-06 18:33:34,推特,AKA8833,'1515946422444904449,益达,原创,Sun Jun 08 17:38:25 +0000 2025,,,,,,,,,AKA8833,'1515946422444904449,益达,Sun Jun 08 17:38:25 +0000 2025,'1931767785555980729,https://x.com/AKA8833/status/1931767785555980729,https://t.co/yxi3y9agdy,0.0,0.0,0.0,25.0,zxx,,,,,,,,,,,,
tweet-1929942322055393787,2026-03-06 18:33:34,推特,AKA8833,'1515946422444904449,益达,原创,Tue Jun 03 16:44:40 +0000 2025,,,,,,,,,AKA8833,'1515946422444904449,益达,Tue Jun 03 16:44:40 +0000 2025,'1929942322055393787,https://x.com/AKA8833/status/1929942322055393787,https://t.co/mcTYrqNQO2,0.0,0.0,0.0,23.0,zxx,,,,,,,,,,,,
tweet-1929942127796203972,2026-03-06 18:33:34,推特,AKA8833,'1515946422444904449,益达,原创,Tue Jun 03 16:43:54 +0000 2025,,,,,,,,,AKA8833,'1515946422444904449,益达,Tue Jun 03 16:43:54 +0000 2025,'1929942127796203972,https://x.com/AKA8833/status/1929942127796203972,https://t.co/Ye1V1jnd0n,0.0,0.0,0.0,23.0,zxx,,,,,,,,,,,,
tweet-1928757502595707010,2026-03-06 18:33:34,推特,AKA8833,'1515946422444904449,益达,原创,Sat May 31 10:16:37 +0000 2025,,,,,,,,,AKA8833,'1515946422444904449,益达,Sat May 31 10:16:37 +0000 2025,'1928757502595707010,https://x.com/AKA8833/status/1928757502595707010,https://t.co/J2utHChjS3,0.0,0.0,0.0,21.0,zxx,,,,,,,,,,,,
tweet-1501035795955601408,2026-03-06 18:34:38,推特,Jacken80,'1444498865055436803,Jacken,原创,Tue Mar 08 03:23:16 +0000 2022,,,,,,,,,Jacken80,'1444498865055436803,Jacken,Tue Mar 08 03:23:16 +0000 2022,'1501035795955601408,https://x.com/Jacken80/status/1501035795955601408,有没有狼友认识这个女演员Does anyone know her? https://t.co/hcDxWyIDRg,1.0,0.0,0.0,,zh,,,,,,,,,,,,
tweet-1488173537525334017,2026-03-06 18:34:38,推特,Jacken80,'1444498865055436803,Jacken,原创,Mon Jan 31 15:33:14 +0000 2022,,,,,,,,,Jacken80,'1444498865055436803,Jacken,Mon Jan 31 15:33:14 +0000 2022,'1488173537525334017,https://x.com/Jacken80/status/1488173537525334017,海灯祭りは楽しい#原神 https://t.co/LXofCOGrS3,0.0,0.0,0.0,,ja,,,,,,,,,,,,
tweet-1944707105921077639,2026-03-06 18:47:04,推特,x1185567,'1879429186269638656,Jackson,转帖,Mon Jul 14 10:34:39 +0000 2025,,,,,,,,,Cldeop,'1613079089879076864,雲鳩,Sun Jul 13 14:33:41 +0000 2025,'1944404873220411772,https://x.com/Cldeop/status/1944404873220411772,https://t.co/CeEx8B5zLG,48.0,235.0,4425.0,409394.0,zxx,,,,,,,,,,,,
tweet-1901158963036512706,2026-03-06 18:47:04,推特,x1185567,'1879429186269638656,Jackson,转帖,Sun Mar 16 06:29:53 +0000 2025,,,,,,,,,KXrBGM4KJu44028,'1839542926365601792,达芬奇没有奇,Sat Mar 15 08:21:06 +0000 2025,'1900824563354890651,https://x.com/KXrBGM4KJu44028/status/1900824563354890651,@Nnnnanm 雷军曾说过，好的商品会自己讲话，现在我明白了,12.0,2.0,454.0,13023.0,zh,,,,,,,,,,,,
tweet-2007489200032231444,2026-03-06 18:48:23,推特,n1090418,'3079449861,zzzzzz,原创,Sat Jan 03 16:28:17 +0000 2026,,,,,,,,,n1090418,'3079449861,zzzzzz,Sat Jan 03 16:28:17 +0000 2026,'2007489200032231444,https://x.com/n1090418/status/2007489200032231444,求助：为什么做的时候哪怕被捅得很深也没有爽感啊？只有很想很想尿但又尿不出的痛苦+很想放声大哭的感觉，想要对方退出来。根本没有玩小玩具逗豆豆那种很爽的感觉……要跨过这种尿不出的痛苦才能有高朝吗？至今没有尝试过内入的高朝…是不是属于女性的阳痿呢？ https://t.co/ucMZZGlc8p,3.0,0.0,5.0,10153.0,zh,,,,,,,,,,,,
tweet-1719792088831934557,2026-03-06 19:00:06,推特,Z33aowoo,'1084153251061063680,XXSC♡,转帖,Wed Nov 01 19:02:40 +0000 2023,,,,,,,,,GenshinImpact,'1072404907230060544,Genshin Impact,Tue Oct 31 10:00:02 +0000 2023,'1719293140580888743,https://x.com/GenshinImpact/status/1719293140580888743,"Genshin Impact Calendar DisplayHello, Travelers! Here's the November calendar for you~ Feel free to save and use it as you like~#GenshinImpact https://t.co/QbVJqadXD1",197.0,1878.0,19926.0,1190865.0,en,,,,,,,,,,,,
tweet-1717383128321577067,2026-03-06 19:00:06,推特,Z33aowoo,'1084153251061063680,XXSC♡,转帖,Thu Oct 26 03:30:19 +0000 2023,,,,,,,,,__0_ovo,'1381465760258646017,봉,Wed Oct 25 21:23:03 +0000 2023,'1717290702584127674,https://x.com/__0_ovo/status/1717290702584127674,제가 이 남자를 사랑하는 것 같습니다 https://t.co/jQTvbnwJEu,1.0,315.0,1200.0,39968.0,ko,,,,,,,,,,,,
tweet-1674081631424901127,2026-03-06 19:00:06,推特,Z33aowoo,'1084153251061063680,XXSC♡,转帖,Wed Jun 28 15:45:38 +0000 2023,,,,,,,,,raiseAfuture,'1523605286577065984,学生,Tue Jun 27 11:50:41 +0000 2023,'1673660117798076419,https://x.com/raiseAfuture/status/1673660117798076419,新衣装記念に📸 #Klee #Kaeya https://t.co/sQtWATuRji,2.0,431.0,2482.0,50132.0,ja,,,,,,,,,,,,
tweet-1674081586021580805,2026-03-06 19:00:06,推特,Z33aowoo,'1084153251061063680,XXSC♡,转帖,Wed Jun 28 15:45:27 +0000 2023,,,,,,,,,pottsness,'1079095462060150784,pottsness,Wed Jun 28 03:00:01 +0000 2023,'1673888956100870144,https://x.com/pottsness/status/1673888956100870144,新衣装最高！ありがとうございます！ https://t.co/5YOlFpZYje,37.0,4421.0,30097.0,1076875.0,ja,,,,,,,,,,,,
tweet-1674079746597044225,2026-03-06 19:00:06,推特,Z33aowoo,'1084153251061063680,XXSC♡,转帖,Wed Jun 28 15:38:09 +0000 2023,,,,,,,,,hey_kuroron,'1469840719749988357,黑,Mon Jun 26 15:19:08 +0000 2023,'1673350187253923842,https://x.com/hey_kuroron/status/1673350187253923842,ちょっと縛られてくれんか https://t.co/GA4ggFBtYm,1.0,879.0,6065.0,91433.0,ja,,,,,,,,,,,,
tweet-1642239457570201601,2026-03-06 19:00:06,推特,Z33aowoo,'1084153251061063680,XXSC♡,转帖,Sat Apr 01 18:56:12 +0000 2023,,,,,,,,,ojmbfdk,'937291986205253632,悠,Sat Apr 01 08:00:01 +0000 2023,'1642074322981330944,https://x.com/ojmbfdk/status/1642074322981330944,エンジェルズシェアの常連にゃんこたち🐱#GenshinImpactMeow#原神にゃん#GenshinImpact#原神#ガイア#Kaeya https://t.co/YshbSRwffA,7.0,3509.0,16513.0,,ja,,,,,,,,,,,,
tweet-1606675434963234816,2026-03-06 19:00:06,推特,Z33aowoo,'1084153251061063680,XXSC♡,转帖,Sat Dec 24 15:37:28 +0000 2022,,,,,,,,,a_kaeyada,'1355518349506080775,えんぴつ　原神,Sat Dec 24 11:41:52 +0000 2022,'1606616144177418240,https://x.com/a_kaeyada/status/1606616144177418240,Cat's Tail Holiday!🎄🐈🌟Have a nice holiday!🎅#genshinimpact   #WishesFromTeyvat https://t.co/CrJuqkqB6I,71.0,7531.0,40919.0,1004951.0,en,,,,,,,,,,,,
tweet-1600944209246441472,2026-03-06 19:00:06,推特,Z33aowoo,'1084153251061063680,XXSC♡,转帖,Thu Dec 08 20:03:38 +0000 2022,,,,,,,,,mmmono96,'896918489830641665,おめぐ,Thu Dec 08 10:46:42 +0000 2022,'1600804052195213312,https://x.com/mmmono96/status/1600804052195213312,#今年も残りわずかなので今年一番伸びた絵を貼るクレーちゃんの連作でしたー☀️ https://t.co/NZXwKuwAiN,20.0,7942.0,33887.0,,ja,,,,,,,,,,,,
tweet-1598011963287941120,2026-03-06 19:00:06,推特,Z33aowoo,'1084153251061063680,XXSC♡,转帖,Wed Nov 30 17:51:56 +0000 2022,,,,,,,,,meltsmelts,'505771104,melts,Wed Nov 30 11:55:33 +0000 2022,'1597922275667619841,https://x.com/meltsmelts/status/1597922275667619841,"""I didn't realize we'd known each other for so long now..."" Happy Kaeya day!! #Kaeya #GenshinImpact https://t.co/UmSwOOwvK0",326.0,18609.0,77656.0,,en,,,,,,,,,,,,
tweet-1597830653776564224,2026-03-06 19:00:06,推特,Z33aowoo,'1084153251061063680,XXSC♡,转帖,Wed Nov 30 05:51:28 +0000 2022,,,,,,,,,Genshin_7,'1070960596357509121,原神（Genshin）公式,Wed Nov 30 04:00:00 +0000 2022,'1597802601306808320,https://x.com/Genshin_7/status/1597802601306808320,【ガイア生誕祭】「わぁ、めずらしいね。ガイアお兄ちゃんが居眠りしてるなんて！」「西風騎士団のみんなからのプレゼントを見たら、きっとガイアお兄ちゃんも喜んでくれるよね！」#原神_キャラ生誕祭 https://t.co/faRsGzNA7z,64.0,15603.0,63994.0,,ja,,,,,,,,,,,,
tweet-1597637579381559296,2026-03-06 19:00:06,推特,Z33aowoo,'1084153251061063680,XXSC♡,原创,Tue Nov 29 17:04:16 +0000 2022,,,,,,,,,Z33aowoo,'1084153251061063680,XXSC♡,Tue Nov 29 17:04:16 +0000 2022,'1597637579381559296,https://x.com/Z33aowoo/status/1597637579381559296,凯亚！我滴宝贝！生日快乐！🎂🎂[干杯][干杯]也祝你今天能得到真正的快乐！,0.0,0.0,0.0,,zh,,,,,,,,,,,,
tweet-1584367313595207680,2026-03-06 19:00:06,推特,Z33aowoo,'1084153251061063680,XXSC♡,转帖,Mon Oct 24 02:12:58 +0000 2022,,,,,,,,,kyom_gs,'1411630299839008775,🍋,Sun Oct 23 09:12:13 +0000 2022,'1584110434957000704,https://x.com/kyom_gs/status/1584110434957000704,ディルガイ / とある男の、 https://t.co/Ho8D9TNsrD,2.0,1040.0,6154.0,,ja,,,,,,,,,,,,
tweet-1582614540381929473,2026-03-06 19:00:06,推特,Z33aowoo,'1084153251061063680,XXSC♡,转帖,Wed Oct 19 06:08:04 +0000 2022,,,,,,,,,hiromono_,'1350124468681601025,hiro者🔫『if魔フィア』アニメ化決定,Tue Oct 18 02:06:26 +0000 2022,'1582191343820242946,https://x.com/hiromono_/status/1582191343820242946,寝そべるスーツの資料 https://t.co/tk8N2S6f7h,73.0,11229.0,80727.0,,ja,,,,,,,,,,,,
tweet-1570463970997436416,2026-03-06 19:00:06,推特,Z33aowoo,'1084153251061063680,XXSC♡,转帖,Thu Sep 15 17:26:03 +0000 2022,,,,,,,,,kamitokatachi,'820635201290178560,pan,Thu Sep 15 11:53:35 +0000 2022,'1570380304422178816,https://x.com/kamitokatachi/status/1570380304422178816,参考資料にどうぞ https://t.co/YX5m0KVunw,1.0,166.0,1428.0,,ja,,,,,,,,,,,,
tweet-1566131481763672064,2026-03-06 19:00:06,推特,Z33aowoo,'1084153251061063680,XXSC♡,转帖,Sat Sep 03 18:30:17 +0000 2022,,,,,,,,,EmanatingAuras,'1279420148344995841,Zaura | natlan enthusiast,Sat Sep 03 07:26:48 +0000 2022,'1565964510526988289,https://x.com/EmanatingAuras/status/1565964510526988289,"A thread on (important!) mistranslations, details, and nuances in the book ""The Lay of Al-Ahmar"", which reveals more about who the Scarlet King really is: https://t.co/IpJNOMhjQY",17.0,1728.0,8687.0,,en,,,,,,,,,,,,
tweet-2019589890271539685,2026-03-06 19:00:59,推特,vicronald2023,'1714897997333704704,vicronaldfuniture,原创,Fri Feb 06 01:52:06 +0000 2026,,,,,,,,,vicronald2023,'1714897997333704704,vicronaldfuniture,Fri Feb 06 01:52:06 +0000 2026,'2019589890271539685,https://x.com/vicronald2023/status/2019589890271539685,Warm congratulations on the completion of the Yifu Grand Flat in Shenzhen. Thank you to the owner and designer for their recognition of the Vikrona customization. Completion and delivery are a responsibility and expectation. Perseverance and persistence are more for an agreement. https://t.co/r7IcvVXwaz,0.0,0.0,0.0,6.0,en,,,,,,,,,,,,
tweet-2015252561608294733,2026-03-06 19:00:59,推特,vicronald2023,'1714897997333704704,vicronaldfuniture,原创,Sun Jan 25 02:37:06 +0000 2026,,,,,,,,,vicronald2023,'1714897997333704704,vicronaldfuniture,Sun Jan 25 02:37:06 +0000 2026,'2015252561608294733,https://x.com/vicronald2023/status/2015252561608294733,"Many wall cabinets are designed high, but the real problem is simple:If you can’t reach it comfortably, the storage becomes useless.A pull-down basket transforms upper cabinet space into truly functional storage. https://t.co/3X8YV2RVxK",0.0,0.0,0.0,3.0,en,,,,,,,,,,,,
tweet-2004449719976972631,2026-03-06 19:00:59,推特,vicronald2023,'1714897997333704704,vicronaldfuniture,原创,Fri Dec 26 07:10:28 +0000 2025,,,,,,,,,vicronald2023,'1714897997333704704,vicronaldfuniture,Fri Dec 26 07:10:28 +0000 2025,'2004449719976972631,https://x.com/vicronald2023/status/2004449719976972631,"Merry Christmas!May this festive season bring you warmth, joy, and beautifully crafted moments at home. https://t.co/ekDyPqCPTp",0.0,0.0,0.0,4.0,en,,,,,,,,,,,,
tweet-2003828031811616962,2026-03-06 19:00:59,推特,vicronald2023,'1714897997333704704,vicronaldfuniture,原创,Wed Dec 24 14:00:06 +0000 2025,,,,,,,,,vicronald2023,'1714897997333704704,vicronaldfuniture,Wed Dec 24 14:00:06 +0000 2025,'2003828031811616962,https://x.com/vicronald2023/status/2003828031811616962,"We incorporate the relationships between building blocks, the order of suspended structures, and the logic of aerial bridges into cabinet and whole house customization—— VICRONALD“Provide exquisite and fashionable home life for elites” https://t.co/6eUl8ATzjT",0.0,0.0,0.0,8.0,en,,,,,,,,,,,,
tweet-2003671669760758066,2026-03-06 19:00:59,推特,vicronald2023,'1714897997333704704,vicronaldfuniture,原创,Wed Dec 24 03:38:47 +0000 2025,,,,,,,,,vicronald2023,'1714897997333704704,vicronaldfuniture,Wed Dec 24 03:38:47 +0000 2025,'2003671669760758066,https://x.com/vicronald2023/status/2003671669760758066,"Luxury is not about color,but about texture.A deep matte surface,subtle vertical wood grain,calm under light, solid to the eye.It doesn’t seek attention,yet it gives the space depth and balance.—— VICRONALD“Provide exquisite and fashionable home life for elites” https://t.co/3XYssZFfAJ",0.0,0.0,0.0,18.0,en,,,,,,,,,,,,
tweet-2003283261414596627,2026-03-06 19:00:59,推特,vicronald2023,'1714897997333704704,vicronaldfuniture,原创,Tue Dec 23 01:55:23 +0000 2025,,,,,,,,,vicronald2023,'1714897997333704704,vicronaldfuniture,Tue Dec 23 01:55:23 +0000 2025,'2003283261414596627,https://x.com/vicronald2023/status/2003283261414596627,"Smart Electric Systems in VICRONALD High-End CustomizationAt VICRONALD, smart electric systems are an essential part of high-end customization.They enable effortless access, silent operation, and refined control,keeping technology discreet and the space visually pure. https://t.co/tEilDQFd2g",0.0,0.0,0.0,9.0,en,,,,,,,,,,,,
tweet-2003282602481135835,2026-03-06 19:00:59,推特,vicronald2023,'1714897997333704704,vicronaldfuniture,原创,Tue Dec 23 01:52:46 +0000 2025,,,,,,,,,vicronald2023,'1714897997333704704,vicronaldfuniture,Tue Dec 23 01:52:46 +0000 2025,'2003282602481135835,https://x.com/vicronald2023/status/2003282602481135835,"VICRONALD Kitchen DesignWhere Design Meets Everyday LivingAt VICRONALD, kitchen design is guided by modern aesthetics and thoughtful functionality.Quiet in appearance, powerful in use — designed to support a refined and comfortable lifestyle over time. https://t.co/nhQnlTe4B1",0.0,0.0,0.0,15.0,en,,,,,,,,,,,,
tweet-2003029544782217285,2026-03-06 19:00:59,推特,vicronald2023,'1714897997333704704,vicronaldfuniture,原创,Mon Dec 22 09:07:12 +0000 2025,,,,,,,,,vicronald2023,'1714897997333704704,vicronaldfuniture,Mon Dec 22 09:07:12 +0000 2025,'2003029544782217285,https://x.com/vicronald2023/status/2003029544782217285,"Vicronald design believes that luxury should never be loud.It begins with proportion, guided by architecture and space.Materials are chosen for their texture, durability, and timeless beauty.Craftsmanship brings precision to every joint, edge, and surface.VICRONALD https://t.co/oHi6BTuU5n",0.0,0.0,0.0,13.0,en,,,,,,,,,,,,
tweet-2001577743050510617,2026-03-06 19:00:59,推特,vicronald2023,'1714897997333704704,vicronaldfuniture,原创,Thu Dec 18 08:58:16 +0000 2025,,,,,,,,,vicronald2023,'1714897997333704704,vicronaldfuniture,Thu Dec 18 08:58:16 +0000 2025,'2001577743050510617,https://x.com/vicronald2023/status/2001577743050510617,"As the year-end approaches, order volumes are increasing. The workshop is working overtime to meet production demands. For orders requiring delivery before the New Year, please place them early. Order acceptance for pre-New-Year deliveries will soon be suspended. https://t.co/uHo66KDQEW",0.0,0.0,0.0,12.0,en,,,,,,,,,,,,
tweet-2001568389748371902,2026-03-06 19:00:59,推特,vicronald2023,'1714897997333704704,vicronaldfuniture,原创,Thu Dec 18 08:21:06 +0000 2025,,,,,,,,,vicronald2023,'1714897997333704704,vicronaldfuniture,Thu Dec 18 08:21:06 +0000 2025,'2001568389748371902,https://x.com/vicronald2023/status/2001568389748371902,"The company's introduction of German Wehm ö ner laminating equipment and Hueck steel plates is not a simple equipment upgrade, but a systematic improvement in the laminating process control capability. The direct result is reflected in:• Improved structural stability https://t.co/trzVbVZN3m",0.0,0.0,0.0,8.0,en,,,,,,,,,,,,
tweet-2000896776245797070,2026-03-06 19:00:59,推特,vicronald2023,'1714897997333704704,vicronaldfuniture,原创,Tue Dec 16 11:52:20 +0000 2025,,,,,,,,,vicronald2023,'1714897997333704704,vicronaldfuniture,Tue Dec 16 11:52:20 +0000 2025,'2000896776245797070,https://x.com/vicronald2023/status/2000896776245797070,"No matter how well spoken,It's better to actually come up with the plan.From design to disassembly, from craftsmanship to installation, from details to closure,We have long-term accumulation and practical experience in the matter of 'landing'.Many plans look beautiful, https://t.co/1sbPt6kKdr",0.0,0.0,0.0,10.0,en,,,,,,,,,,,,
tweet-2000894178327449798,2026-03-06 19:00:59,推特,vicronald2023,'1714897997333704704,vicronaldfuniture,原创,Tue Dec 16 11:42:01 +0000 2025,,,,,,,,,vicronald2023,'1714897997333704704,vicronaldfuniture,Tue Dec 16 11:42:01 +0000 2025,'2000894178327449798,https://x.com/vicronald2023/status/2000894178327449798,"We insist on expressing the temperature of the design in the purest way possible, from the restrained stainless steel texture on the exterior facade to the natural and casual greenery and vessels at the entrance. https://t.co/IH7yddwJOR",0.0,0.0,0.0,8.0,en,,,,,,,,,,,,
tweet-2000891427333792203,2026-03-06 19:00:59,推特,vicronald2023,'1714897997333704704,vicronaldfuniture,原创,Tue Dec 16 11:31:05 +0000 2025,,,,,,,,,vicronald2023,'1714897997333704704,vicronaldfuniture,Tue Dec 16 11:31:05 +0000 2025,'2000891427333792203,https://x.com/vicronald2023/status/2000891427333792203,"At KEJIA VICRONALD, we always believe that good products come from continuous research and development.We are constantly investing time, funds, and talents to polish the performance of the board, structural stability, hardware selection, as well as process details https://t.co/0YKkgx3mT2",0.0,0.0,0.0,7.0,en,,,,,,,,,,,,
tweet-2000889296744743383,2026-03-06 19:00:59,推特,vicronald2023,'1714897997333704704,vicronaldfuniture,原创,Tue Dec 16 11:22:37 +0000 2025,,,,,,,,,vicronald2023,'1714897997333704704,vicronaldfuniture,Tue Dec 16 11:22:37 +0000 2025,'2000889296744743383,https://x.com/vicronald2023/status/2000889296744743383,"It's actually quite simple——What we are doing is really high-end, not storytelling.The materials are genuine enough, the craftsmanship is hard enough, the design is fine enough, and every penny is spent in visible places.The most crucial thing is: https://t.co/5FnPQs5qJC",0.0,0.0,0.0,7.0,en,,,,,,,,,,,,
tweet-2000886821073584257,2026-03-06 19:00:59,推特,vicronald2023,'1714897997333704704,vicronaldfuniture,原创,Tue Dec 16 11:12:47 +0000 2025,,,,,,,,,vicronald2023,'1714897997333704704,vicronaldfuniture,Tue Dec 16 11:12:47 +0000 2025,'2000886821073584257,https://x.com/vicronald2023/status/2000886821073584257,"Kejia Vicronald｜Let the Space Speak for ItselfThe sense of sophistication in a space does not lie in exaggeration, but in every detail being ""quiet, precise, and harmonious."".Here you can see VICRONALD's persistence: https://t.co/tukTrugKW0",0.0,0.0,0.0,4.0,en,,,,,,,,,,,,
tweet-1990723143057478021,2026-03-06 19:00:59,推特,vicronald2023,'1714897997333704704,vicronaldfuniture,原创,Tue Nov 18 10:05:57 +0000 2025,,,,,,,,,vicronald2023,'1714897997333704704,vicronaldfuniture,Tue Nov 18 10:05:57 +0000 2025,'1990723143057478021,https://x.com/vicronald2023/status/1990723143057478021,"Factory export shipments, each container carries the trust of customers. Container loading may seem simple, but true professionalism lies in the details:Check the order, size, quantity, and accessories in advance to ensure no omissions https://t.co/sqqMKINd9z",0.0,0.0,0.0,6.0,en,,,,,,,,,,,,
tweet-1990717248059670650,2026-03-06 19:00:59,推特,vicronald2023,'1714897997333704704,vicronaldfuniture,原创,Tue Nov 18 09:42:32 +0000 2025,,,,,,,,,vicronald2023,'1714897997333704704,vicronaldfuniture,Tue Nov 18 09:42:32 +0000 2025,'1990717248059670650,https://x.com/vicronald2023/status/1990717248059670650,"How to make a truly ""textured"" cabinet? ｜VICRONALDDo you want cabinets to be luxurious, modern, and durable?Capturing the four points is enough:⸻ 01 Design with logicIt's not about stacking style, but about making the flow smooth, storage clear, and comfortable to use. https://t.co/69qEcrp74G",0.0,0.0,0.0,6.0,en,,,,,,,,,,,,
tweet-1990709438525943841,2026-03-06 19:00:59,推特,vicronald2023,'1714897997333704704,vicronaldfuniture,原创,Tue Nov 18 09:11:30 +0000 2025,,,,,,,,,vicronald2023,'1714897997333704704,vicronaldfuniture,Tue Nov 18 09:11:30 +0000 2025,'1990709438525943841,https://x.com/vicronald2023/status/1990709438525943841,"Zhuhai·Luyang Mountain Resort｜VIC's Real Shot Case Study Photos Are Amazing! 📷The real-life photos from homeowners at Zhuhai Lüyang Mountain Resort give us a glimpse of the genuine ""sense of sophistication that lives within."". https://t.co/3PjcaV8Jns",0.0,0.0,0.0,7.0,en,,,,,,,,,,,,
tweet-1989603992339714447,2026-03-06 19:00:59,推特,vicronald2023,'1714897997333704704,vicronaldfuniture,原创,Sat Nov 15 07:58:51 +0000 2025,,,,,,,,,vicronald2023,'1714897997333704704,vicronaldfuniture,Sat Nov 15 07:58:51 +0000 2025,'1989603992339714447,https://x.com/vicronald2023/status/1989603992339714447,"What's the difference between high-end cabinets and regular cabinets?High-end cabinets are judged not by appearance, but by the difference after a decade of use.High-quality board: more stable, moisture-resistant, and deformation-free.Good Hardware: Smooth and Quiet https://t.co/U1tp5YGhR0",0.0,0.0,0.0,11.0,en,,,,,,,,,,,,
tweet-1989602736518959330,2026-03-06 19:00:59,推特,vicronald2023,'1714897997333704704,vicronaldfuniture,原创,Sat Nov 15 07:53:52 +0000 2025,,,,,,,,,vicronald2023,'1714897997333704704,vicronaldfuniture,Sat Nov 15 07:53:52 +0000 2025,'1989602736518959330,https://x.com/vicronald2023/status/1989602736518959330,"Why are aluminum-framed wardrobe side panels more modern than traditional wooden ones?In high-end customization, the side panel is not just a structural element but also a key factor in defining the spatial ambiance.Aluminum-framed sideboard wardrobes are emerging as a new trend https://t.co/7mRyUbNlOa",0.0,0.0,0.0,9.0,en,,,,,,,,,,,,
tweet-2018201706404929704,2026-03-06 19:01:47,推特,libing06916156,'1063153712045215746,あいす,转帖,Mon Feb 02 05:55:57 +0000 2026,,,,,,,,,yushi_gallery,'1661332340977844224,YUSHI China Bar_GALLERY,Mon Feb 02 03:17:22 +0000 2026,'2018161794259509748,https://x.com/yushi_gallery/status/2018161794259509748,아티스트의 메이크업은 무대와 팬을 위해 존재해야 한다.스타일리스트의 제멋대림을 위한 것이 아니라! 메이크업으로 유우시를 인기 억제 하는 것을 중단하라!나쁜 안무 포지션와 포메이션은 아티스트의 노력에 대한 무례. 공평한 대우를 잃는 결과는 판매량에 그대로 드러날 것임👎#유우시 https://t.co/1PPaXZ5lVn,144.0,858.0,2243.0,335813.0,ko,,,,,,,,,,,,
tweet-2018201261670309920,2026-03-06 19:01:47,推特,libing06916156,'1063153712045215746,あいす,转帖,Mon Feb 02 05:54:11 +0000 2026,,,,,,,,,yushi_gallery,'1661332340977844224,YUSHI China Bar_GALLERY,Mon Feb 02 02:01:27 +0000 2026,'2018142691650105705,https://x.com/yushi_gallery/status/2018142691650105705,"Fans demand appropriate styling for YUSHI. Stop unreasonable choreography formations that block him from view.If fans’ opinions continue to be ignored, we will no longer support misguided decisions.@SMTOWNGLOBAL @nctwishofficial #YUSHI #유우시 #NCTWISH https://t.co/MP0LIP8vjW",244.0,1156.0,2111.0,128100.0,en,,,,,,,,,,,,
tweet-2013972100176888127,2026-03-06 19:01:47,推特,libing06916156,'1063153712045215746,あいす,转帖,Wed Jan 21 13:49:01 +0000 2026,,,,,,,,,nctwishofficial,'1704058948914163712,NCT WISH,Wed Jan 21 12:25:48 +0000 2026,'2013951160453898679,https://x.com/nctwishofficial/status/2013951160453898679,축하해 🎉 #NCTWISH https://t.co/4XfnGkEblt,282.0,15661.0,71638.0,1264366.0,ko,,,,,,,,,,,,
tweet-2004546984921940024,2026-03-06 19:01:47,推特,libing06916156,'1063153712045215746,あいす,转帖,Fri Dec 26 13:36:58 +0000 2025,,,,,,,,,1177myou,'1885021856660676610,ㅇㄴ,Thu Dec 25 13:16:43 +0000 2025,'2004179502776438915,https://x.com/1177myou/status/2004179502776438915,251225 #유우시 #ユウシ #YUSHI #엔시티위시 #NCTWISH https://t.co/fv3NhrrduO,4.0,6311.0,26104.0,497242.0,und,,,,,,,,,,,,
tweet-2004546949077434573,2026-03-06 19:01:47,推特,libing06916156,'1063153712045215746,あいす,转帖,Fri Dec 26 13:36:49 +0000 2025,,,,,,,,,gyul_nct,'911954399185985536,미깡,Thu Dec 25 10:49:44 +0000 2025,'2004142510407594066,https://x.com/gyul_nct/status/2004142510407594066,251225 SBS 가요대전 TT#YUSHI #유우시 #ユウシ #NCTWISH https://t.co/ORtjqecQQX,0.0,14528.0,32589.0,,ko,,,,,,,,,,,,
tweet-2004546829028131123,2026-03-06 19:01:47,推特,libing06916156,'1063153712045215746,あいす,转帖,Fri Dec 26 13:36:21 +0000 2025,,,,,,,,,nctwishofficial,'1704058948914163712,NCT WISH,Thu Dec 25 15:28:49 +0000 2025,'2004212744137175238,https://x.com/nctwishofficial/status/2004212744137175238,⤷ ゛just like (╥‸╥)♡ˎˊ˗#YUSHI #유우시 #ユウシ  #NCTWISH https://t.co/0FHvul8MtP,293.0,11644.0,37696.0,836676.0,en,,,,,,,,,,,,
tweet-2000908991854207240,2026-03-06 19:01:47,推特,libing06916156,'1063153712045215746,あいす,转帖,Tue Dec 16 12:40:53 +0000 2025,,,,,,,,,nctwishofficial,'1704058948914163712,NCT WISH,Sun Dec 14 14:17:56 +0000 2025,'2000208640632852962,https://x.com/nctwishofficial/status/2000208640632852962,👅#YUSHI #유우시 #ユウシ  #NCTWISH https://t.co/GoDp91jPhD,359.0,10440.0,36147.0,961139.0,qme,,,,,,,,,,,,
tweet-1998008834330329413,2026-03-06 19:01:47,推特,libing06916156,'1063153712045215746,あいす,转帖,Mon Dec 08 12:36:41 +0000 2025,,,,,,,,,iD7_expo,'1612013400896475137,"アイナナEXPO 2026 ""DECENNIUM""",Mon Dec 08 08:07:22 +0000 2025,'1997941056089022814,https://x.com/iD7_expo/status/1997941056089022814,"◤アイナナEXPO 2026 ""DECENNIUM""◢キービジュアル公開今回の衣裳テーマは”ラグジュアリー＆モードスタイル”。豪華に着飾ったアイドルたちの撮り下ろしをぜひお楽しみください。#アイナナ #アイナナEXPO https://t.co/vK88DEWUQp",39.0,19050.0,44741.0,4027454.0,ja,,,,,,,,,,,,
tweet-1984133436991541300,2026-03-06 19:01:47,推特,libing06916156,'1063153712045215746,あいす,转帖,Fri Oct 31 05:40:49 +0000 2025,,,,,,,,,NCT_OFFICIAL_JP,'892285827195084800,NCT_OFFICIAL_JP,Fri Oct 24 10:33:24 +0000 2025,'1981670352548999407,https://x.com/NCT_OFFICIAL_JP/status/1981670352548999407,Teaser Images - WISHarc Ver.𝓨𝓤𝓢𝓗𝓘NCT WISH Japan 1st Mini Album 【WISHLIST】➫ 2026.1.14 Release💿 Pre-orderhttps://t.co/1MXnKKvBn8#NCTWISH #WISHLIST#NCTWISH_WISHLIST https://t.co/Lb97T3Hcpm,85.0,5394.0,18271.0,452930.0,en,,,,,,,,,,,,
tweet-1975023095120629847,2026-03-06 19:01:47,推特,libing06916156,'1063153712045215746,あいす,转帖,Mon Oct 06 02:19:34 +0000 2025,,,,,,,,,nctwishofficial,'1704058948914163712,NCT WISH,Sun Oct 05 07:01:36 +0000 2025,'1974731683695096213,https://x.com/nctwishofficial/status/1974731683695096213,meow#YUSHI #유우시 #ユウシ #NCTWISH https://t.co/4bwaCWl6ee,242.0,8181.0,28667.0,745010.0,en,,,,,,,,,,,,
tweet-1971956741878530096,2026-03-06 19:01:47,推特,libing06916156,'1063153712045215746,あいす,转帖,Sat Sep 27 15:14:59 +0000 2025,,,,,,,,,yushiwaneko,'1907800196085657600,유우시 고양이,Fri Aug 22 14:41:12 +0000 2025,'1958902278670491959,https://x.com/yushiwaneko/status/1958902278670491959,Arr… https://t.co/PFaR4MrONX,5.0,4209.0,16195.0,363150.0,und,,,,,,,,,,,,
tweet-1963833533274976435,2026-03-06 19:01:47,推特,libing06916156,'1063153712045215746,あいす,转帖,Fri Sep 05 05:16:15 +0000 2025,,,,,,,,,idolhumandocu,'1633031702728818690,아이돌 인간극장,Fri Sep 05 05:00:20 +0000 2025,'1963829526921933090,https://x.com/idolhumandocu/status/1963829526921933090,마음속 WISH로 하루를 가득 채운&lt;마이리틀데이&gt; 열한 번째 주인공을 소개합니다⭐️내일(9/6) 9pm 최초 공개💌티저 영상🎬https://t.co/CkcsLKBKY9@nctwishofficial #YUSHI #유우시#NCTWISH #COLOR#마이리틀데이 https://t.co/Bbedbvl4UZ,122.0,4811.0,11499.0,582221.0,ko,,,,,,,,,,,,
tweet-1961085885623181448,2026-03-06 19:01:47,推特,libing06916156,'1063153712045215746,あいす,转帖,Thu Aug 28 15:18:05 +0000 2025,,,,,,,,,nctwishofficial,'1704058948914163712,NCT WISH,Thu Aug 28 15:00:25 +0000 2025,'1961081441061851624,https://x.com/nctwishofficial/status/1961081441061851624,#YUSHI #유우시 #ユウシ  COLOR Teaser ImagesNCT WISH 【COLOR - The 3rd Mini Album】➫ 2025.09.01 6PM (KST)💿 Pre-save&amp;add&amp;orderhttps://t.co/4zsXLCdEkh#NCTWISH #COLOR#NCTWISH_COLOR https://t.co/F6aXPyPxrV,180.0,8927.0,27712.0,720111.0,en,,,,,,,,,,,,
tweet-1961048204033859731,2026-03-06 19:01:47,推特,libing06916156,'1063153712045215746,あいす,原创,Thu Aug 28 12:48:21 +0000 2025,,,,,,,,,libing06916156,'1063153712045215746,あいす,Thu Aug 28 12:48:21 +0000 2025,'1961048204033859731,https://x.com/libing06916156/status/1961048204033859731,https://t.co/by8gTJ3b7x 申请了MAMA SUPER FAN！让我中吧！ #MAMA슈퍼팬 #MAMASUPERFAN https://t.co/Jglz5vuunM,0.0,0.0,0.0,7.0,zh,,,,,,,,,,,,
tweet-1960864125296501234,2026-03-06 19:01:47,推特,libing06916156,'1063153712045215746,あいす,转帖,Thu Aug 28 00:36:53 +0000 2025,,,,,,,,,nctwishofficial,'1704058948914163712,NCT WISH,Wed Aug 27 11:43:37 +0000 2025,'1960669526061932718,https://x.com/nctwishofficial/status/1960669526061932718,❤️ #YUSHI ❤️ https://t.co/wvQzPMl4JH,192.0,7549.0,27196.0,907068.0,qme,,,,,,,,,,,,
tweet-1959844947835675132,2026-03-06 19:01:47,推特,libing06916156,'1063153712045215746,あいす,转帖,Mon Aug 25 05:07:02 +0000 2025,,,,,,,,,nctwishofficial,'1704058948914163712,NCT WISH,Sun Aug 24 10:16:31 +0000 2025,'1959560444592672979,https://x.com/nctwishofficial/status/1959560444592672979,༚༅༚˳✿#YUSHI #유우시 #ユウシ #NCTWISH #COLOR#NCTWISH_COLOR https://t.co/gmlDbCkgM2,196.0,7338.0,27730.0,704579.0,und,,,,,,,,,,,,
tweet-1957988183779733929,2026-03-06 19:01:47,推特,libing06916156,'1063153712045215746,あいす,转帖,Wed Aug 20 02:08:55 +0000 2025,,,,,,,,,nctwishofficial,'1704058948914163712,NCT WISH,Tue Aug 19 15:00:15 +0000 2025,'1957819909704221085,https://x.com/nctwishofficial/status/1957819909704221085,#YUSHI #유우시 #ユウシ  Bring out the colorNCT WISH 【COLOR - The 3rd Mini Album】➫ 2025.09.01 6PM (KST)💿 Pre-orderhttps://t.co/4zsXLCdEkh#NCTWISH #COLOR#NCTWISH_COLOR https://t.co/4HbESIO7wr,408.0,9133.0,27046.0,684465.0,en,,,,,,,,,,,,
tweet-1957306898832670974,2026-03-06 19:01:47,推特,libing06916156,'1063153712045215746,あいす,转帖,Mon Aug 18 05:01:44 +0000 2025,,,,,,,,,nctwishofficial,'1704058948914163712,NCT WISH,Sun Aug 17 11:25:31 +0000 2025,'1957041092702212494,https://x.com/nctwishofficial/status/1957041092702212494,내가 너를 많이 알아#SION #YUSHI #시온 #유우시 #シオン #ユウシ#NCTWISH #Surf#NCTWISH_Surf https://t.co/Qen314PlCG,134.0,5848.0,22715.0,537205.0,ko,,,,,,,,,,,,
tweet-1957108903873024005,2026-03-06 19:01:47,推特,libing06916156,'1063153712045215746,あいす,转帖,Sun Aug 17 15:54:58 +0000 2025,,,,,,,,,nctwishofficial,'1704058948914163712,NCT WISH,Sun Aug 17 15:02:09 +0000 2025,'1957095610861142066,https://x.com/nctwishofficial/status/1957095610861142066,#YUSHI #유우시 #ユウシ  We paint this townNCT WISH 【COLOR - The 3rd Mini Album】➫ 2025.09.01 6PM (KST)💿 Pre-orderhttps://t.co/4zsXLCdEkh#NCTWISH #COLOR#NCTWISH_COLOR https://t.co/No1bXKRlIW,415.0,10887.0,29624.0,889421.0,en,,,,,,,,,,,,
tweet-1954584793884303758,2026-03-06 19:01:47,推特,libing06916156,'1063153712045215746,あいす,转帖,Sun Aug 10 16:45:03 +0000 2025,,,,,,,,,nctwishofficial,'1704058948914163712,NCT WISH,Sun Aug 10 13:58:56 +0000 2025,'1954542988303954072,https://x.com/nctwishofficial/status/1954542988303954072,🐈⊹☆https://t.co/A5jAkCDwmf#YUSHI #유우시 #ユウシ  #NCTWISH,78.0,2090.0,7475.0,292726.0,und,,,,,,,,,,,,
tweet-1508045705092296712,2026-03-06 19:03:28,推特,xiaohaihhhh,'1430777008489787394,小孩,转帖,Sun Mar 27 11:38:08 +0000 2022,,,,,,,,,StarlinkChat,'1392113619966566404,StarLinkChat,Wed Mar 23 12:01:55 +0000 2022,'1506602136259346437,https://x.com/StarlinkChat/status/1506602136259346437,"Genesis first code: DM52MC68, everyone can use it to generate their own referral code.  Remember, you can only get 10% of the reward for direct relationship, hope you can complete the IDO soon, and then it will be on the shelves!",259.0,263.0,279.0,,en,,,,,,,,,,,,
tweet-1507998303870324737,2026-03-06 19:03:28,推特,xiaohaihhhh,'1430777008489787394,小孩,转帖,Sun Mar 27 08:29:47 +0000 2022,,,,,,,,,StarlinkChat,'1392113619966566404,StarLinkChat,Wed Mar 23 11:59:49 +0000 2022,'1506601610641752069,https://x.com/StarlinkChat/status/1506601610641752069,"IDO will start soon, everyone can get a 10% bonus code, Genesis code: DM52MC68 Enter the link in the BSC wallet to participate in IDO: https://t.co/DyBMpsTZir https://t.co/F2nAsm2Phx",698.0,556.0,595.0,,en,,,,,,,,,,,,
tweet-1507997995228311552,2026-03-06 19:03:28,推特,xiaohaihhhh,'1430777008489787394,小孩,转帖,Sun Mar 27 08:28:33 +0000 2022,,,,,,,,,StarlinkChat,'1392113619966566404,StarLinkChat,Thu Mar 24 05:46:26 +0000 2022,'1506870032290414592,https://x.com/StarlinkChat/status/1506870032290414592,"How to buy SLC IDO on  Wallet? 🔰 Open your BSC Wallet app🔰 Go to DApps🔰 Copy this link https://t.co/DyBMpsCWgr🔰 Paste into your Dapps search bar🔰 Select Bep-20 Network🔰 Enter the amount of  you want to buy 🔰 Click ""Buy"" button and receive token",711.0,623.0,617.0,,en,,,,,,,,,,,,
tweet-1507995891231346691,2026-03-06 19:03:28,推特,xiaohaihhhh,'1430777008489787394,小孩,转帖,Sun Mar 27 08:20:12 +0000 2022,,,,,,,,,StarlinkChat,'1392113619966566404,StarLinkChat,Sat Feb 19 13:46:23 +0000 2022,'1495032013664882692,https://x.com/StarlinkChat/status/1495032013664882692,"Free 3-day airdrop worth $100, go to the link and leave your BSC address.https://t.co/WhchMtsFZH#BSC #Metaverse #BNB https://t.co/JlPad5Lui0",1561.0,1042.0,1136.0,,en,,,,,,,,,,,,
tweet-1959440423941779849,2026-03-06 19:04:18,推特,XINXIN2115,'1540401901954801664,XINXIN,转帖,Sun Aug 24 02:19:36 +0000 2025,,,,,,,,,axunkaOri,'1223195507901849601,✨🔮阿薰kaOri🔮✨,Sun Aug 24 00:48:14 +0000 2025,'1959417433346953400,https://x.com/axunkaOri/status/1959417433346953400,"「芙露德莉丝～被囚禁的圣女」前篇💎评论区啾3个倒霉蛋全套写真💎你正在一步步，靠近最真实的“我”…….害怕吗？You're getting closer, step by step, to the real ""me""...  Afraid?  #WutheringWaves     #Fleurdelys  #鳴潮     #Cartethyia https://t.co/JefTD5ONOA",304.0,79.0,1624.0,385690.0,zh,,,,,,,,,,,,
tweet-1559471446086533120,2026-03-06 19:04:18,推特,XINXIN2115,'1540401901954801664,XINXIN,转帖,Tue Aug 16 09:25:40 +0000 2022,,,,,,,,,zhizhi020222,'1555207934241640453,吱吱,Mon Aug 15 11:09:17 +0000 2022,'1559135132769927169,https://x.com/zhizhi020222/status/1559135132769927169,小号也一样抽3个哦~转+关+赞！！！,8.0,13.0,19.0,,zh,,,,,,,,,,,,
tweet-1853743781553807473,2026-03-06 19:14:43,推特,NASA010607,'1845772428796149760,NASA,原创,Tue Nov 05 10:18:53 +0000 2024,,,,,,,,,NASA010607,'1845772428796149760,NASA,Tue Nov 05 10:18:53 +0000 2024,'1853743781553807473,https://x.com/NASA010607/status/1853743781553807473,今天拍的 https://t.co/zkprUSkS0V,0.0,0.0,0.0,73.0,zh,,,,,,,,,,,,
tweet-1853719808518525299,2026-03-06 19:14:43,推特,NASA010607,'1845772428796149760,NASA,原创,Tue Nov 05 08:43:37 +0000 2024,,,,,,,,,NASA010607,'1845772428796149760,NASA,Tue Nov 05 08:43:37 +0000 2024,'1853719808518525299,https://x.com/NASA010607/status/1853719808518525299,小猫你是个超级大宝贝 https://t.co/hCxDgB6QlQ,1.0,0.0,1.0,106.0,zh,,,,,,,,,,,,
tweet-1846385712125694027,2026-03-06 19:14:43,推特,NASA010607,'1845772428796149760,NASA,原创,Wed Oct 16 03:00:32 +0000 2024,,,,,,,,,NASA010607,'1845772428796149760,NASA,Wed Oct 16 03:00:32 +0000 2024,'1846385712125694027,https://x.com/NASA010607/status/1846385712125694027,剪完片子第一反应就emo了 https://t.co/LAgSZ6u3nd,0.0,0.0,0.0,67.0,zh,,,,,,,,,,,,
tweet-2029508336262185004,2026-03-06 19:17:27,推特,seofl_,'930249458356436993,oiioii,转帖,Thu Mar 05 10:44:28 +0000 2026,,,,,,,,,hhhiinnoonn,'1174307604173996032,히눈,Thu Mar 05 06:11:38 +0000 2026,'2029439674100662531,https://x.com/hhhiinnoonn/status/2029439674100662531,그간 소식이 뜸했죠...! 올해안으로 차기작 (장편 BL) 으로 돌아올 예정입니다. 곧 뵈어요 ☺️,5.0,86.0,654.0,42739.0,ko,,,,,,,,,,,,
tweet-2027684341682249900,2026-03-06 19:17:27,推特,seofl_,'930249458356436993,oiioii,转帖,Sat Feb 28 09:56:34 +0000 2026,,,,,,,,,sarangdopi,'1470043609324228608,사랑도피,Sat Feb 28 08:35:56 +0000 2026,'2027664049199255930,https://x.com/sarangdopi/status/2027664049199255930,캘린더떴다!!!!!!독자님들 보고 싶었어요 🥹🥹🥹😭😭❤️❤️💘💘#짝사랑필승법 https://t.co/Aly1821rQM,12.0,684.0,2784.0,92377.0,ko,,,,,,,,,,,,
tweet-2023365226444607856,2026-03-06 19:17:27,推特,seofl_,'930249458356436993,oiioii,转帖,Mon Feb 16 11:53:56 +0000 2026,,,,,,,,,mu_dan_,'1119239243862167552,무단,Mon Feb 16 11:42:13 +0000 2026,'2023362274627592215,https://x.com/mu_dan_/status/2023362274627592215,"🐎2026년 붉은 말의 해, 새해 복 많이 받으세요!🐎즐거운 설 보내시길 바랍니다 😄🐎🐎💫 https://t.co/QcA5kdSPgP",0.0,131.0,454.0,,ko,,,,,,,,,,,,
tweet-2022160875373965768,2026-03-06 19:17:27,推特,seofl_,'930249458356436993,oiioii,转帖,Fri Feb 13 04:08:17 +0000 2026,,,,,,,,,GalvaoLaizah,'1610612104586792960,izah ✨✨,Thu Feb 12 00:04:36 +0000 2026,'2021737161599422789,https://x.com/GalvaoLaizah/status/2021737161599422789,Acharam um gatinho na pista de patinação do gelo nas olimpíadas de inverno! Eu não tô acreditando! 😂🥰 https://t.co/bXGKGsNB1K,167.0,3561.0,60070.0,1562212.0,pt,,,,,,,,,,,,
tweet-2021064667582562420,2026-03-06 19:17:27,推特,seofl_,'930249458356436993,oiioii,转帖,Tue Feb 10 03:32:20 +0000 2026,,,,,,,,,cutestscats,'2784719126,cutest cats,Sun Feb 08 23:40:00 +0000 2026,'2020643807872655538,https://x.com/cutestscats/status/2020643807872655538,https://t.co/axYzwSm6Kx,44.0,1598.0,14004.0,336588.0,zxx,,,,,,,,,,,,
tweet-2019918794534387779,2026-03-06 19:17:27,推特,seofl_,'930249458356436993,oiioii,转帖,Fri Feb 06 23:39:03 +0000 2026,,,,,,,,,RealestMemes_,'1825078571515211776,RealestMemes,Thu Feb 05 14:00:01 +0000 2026,'2019410687928229890,https://x.com/RealestMemes_/status/2019410687928229890,https://t.co/zIEsG4aHtB,208.0,6946.0,72776.0,4423306.0,zxx,,,,,,,,,,,,
tweet-2019551255857885672,2026-03-06 19:17:27,推特,seofl_,'930249458356436993,oiioii,转帖,Thu Feb 05 23:18:35 +0000 2026,,,,,,,,,kkukku0701,'1335508997177180162,밤토리와츄원♡,Wed Feb 04 14:22:01 +0000 2026,'2019053837273715175,https://x.com/kkukku0701/status/2019053837273715175,밤토리가 회의를 주도한다 https://t.co/xeezMxmT8i,83.0,13878.0,107404.0,2968345.0,ko,,,,,,,,,,,,
tweet-2019197067462340620,2026-03-06 19:17:27,推特,seofl_,'930249458356436993,oiioii,转帖,Wed Feb 04 23:51:10 +0000 2026,,,,,,,,,ssxxak,'1301356665137106944,싹,Mon Jan 19 11:00:54 +0000 2026,'2013205016891228346,https://x.com/ssxxak/status/2013205016891228346,⊹ ･ﾟ｡ * 차기작 🌊🪽💫 준비 중 .ᐟ *｡･ﾟ🍎 https://t.co/O7dyIPQdkF,2.0,1044.0,8313.0,159246.0,ja,,,,,,,,,,,,
tweet-2019192481250746698,2026-03-06 19:17:27,推特,seofl_,'930249458356436993,oiioii,转帖,Wed Feb 04 23:32:56 +0000 2026,,,,,,,,,knocking01,'4852569791,녹음,Wed Feb 04 16:32:57 +0000 2026,'2019086788049145903,https://x.com/knocking01/status/2019086788049145903,금발 몽룡입니다.투표는 흑발이 우세하지만... 흑발은 다른 버젼에서 그려보겠습니다~ ^^;;죄송하고 감사합니다. https://t.co/Lb9uzmyqSv,0.0,8.0,76.0,2080.0,ko,,,,,,,,,,,,
tweet-2018828442163388538,2026-03-06 19:17:27,推特,seofl_,'930249458356436993,oiioii,转帖,Tue Feb 03 23:26:23 +0000 2026,,,,,,,,,pearl0812lucky,'1991711672684421121,orange cat,Tue Feb 03 08:56:21 +0000 2026,'2018609493324767414,https://x.com/pearl0812lucky/status/2018609493324767414,૮◍⁰ᯅ⁰◍ა  ᖰ⌯'▾'⌯ᖳ  ʕ.•᷅ࡇ•᷄.ʔ  ໒𖦹ࡇ𖦹 ͛১૮ ˃̣̣̥⌓˂̣̣̥ა  ฅ˙Ⱉ˙ฅ  ૮₍ꐦ -᷅ ⤙ -᷄ ₎ა  ૮꒰ ˶• ༝ •˶꒱ა      ՞⸝⸝'ᜊ'⸝⸝՞   ⌯'▾'⌯   ᕑᗢᓫ   ⌯&gt;ᴗo⌯ಣ    ⌯'Ⱉ'⌯    ⸝⸝⸝ ╸▵╺⸝⸝⸝   ⑉꒦ິ^꒦ິ⑉   o̴̶̷᷄  ·̭ o̴̶̷̥᷅,10.0,2002.0,10183.0,497901.0,und,,,,,,,,,,,,
tweet-2018480945234624748,2026-03-06 19:17:27,推特,seofl_,'930249458356436993,oiioii,原创,Tue Feb 03 00:25:33 +0000 2026,,,,,,,,,seofl_,'930249458356436993,oiioii,Tue Feb 03 00:25:33 +0000 2026,'2018480945234624748,https://x.com/seofl_/status/2018480945234624748,준우태산😭😭,0.0,0.0,0.0,316.0,ko,,,,,,,,,,,,
tweet-2018472385104810265,2026-03-06 19:17:27,推特,seofl_,'930249458356436993,oiioii,转帖,Mon Feb 02 23:51:32 +0000 2026,,,,,,,,,gurispega,'4273179211,グリズペガ,Mon Feb 02 07:28:49 +0000 2026,'2018225077222006801,https://x.com/gurispega/status/2018225077222006801,https://t.co/yRwJukosOg,12.0,1542.0,16439.0,136183.0,zxx,,,,,,,,,,,,
tweet-2016659816853492059,2026-03-06 19:17:27,推特,seofl_,'930249458356436993,oiioii,原创,Wed Jan 28 23:49:02 +0000 2026,,,,,,,,,seofl_,'930249458356436993,oiioii,Wed Jan 28 23:49:02 +0000 2026,'2016659816853492059,https://x.com/seofl_/status/2016659816853492059,1,0.0,0.0,0.0,141.0,qst,,,,,,,,,,,,
tweet-2016003037580419215,2026-03-06 19:17:27,推特,seofl_,'930249458356436993,oiioii,转帖,Tue Jan 27 04:19:14 +0000 2026,,,,,,,,,yeonnu__01,'1853462203913158656,연누,Mon Jan 26 15:17:41 +0000 2026,'2015806354297069645,https://x.com/yeonnu__01/status/2015806354297069645,https://t.co/A4ILTwjcp0,1.0,656.0,2223.0,64538.0,zxx,,,,,,,,,,,,
tweet-2015566449172259281,2026-03-06 19:17:27,推特,seofl_,'930249458356436993,oiioii,转帖,Sun Jan 25 23:24:23 +0000 2026,,,,,,,,,earthstar_neu,'1829379497944309760,𝐡𝐲𝐮𝐧𝐉,Sun Jan 25 03:56:59 +0000 2026,'2015272664190091685,https://x.com/earthstar_neu/status/2015272664190091685,with kkoko 🐣🐔#thgll #헌조살 https://t.co/J2SE2TPNsz,3.0,363.0,2028.0,15985.0,en,,,,,,,,,,,,
tweet-2014118014979875168,2026-03-06 19:17:27,推特,seofl_,'930249458356436993,oiioii,转帖,Wed Jan 21 23:28:49 +0000 2026,,,,,,,,,GOCHUJAN_G,'1870295720747847681,고추장,Tue Jan 20 13:41:33 +0000 2026,'2013607834559123817,https://x.com/GOCHUJAN_G/status/2013607834559123817,#트레틀 https://t.co/7FcbNYRBQY,40.0,9290.0,65228.0,4756146.0,qme,,,,,,,,,,,,
tweet-2013755157788393548,2026-03-06 19:17:27,推特,seofl_,'930249458356436993,oiioii,转帖,Tue Jan 20 23:26:58 +0000 2026,,,,,,,,,yeonnu__01,'1853462203913158656,연누,Sat Jan 10 14:40:25 +0000 2026,'2009998769476252092,https://x.com/yeonnu__01/status/2009998769476252092,외전 3~4화 사이 https://t.co/lB0y4NYCwE,0.0,678.0,4750.0,150539.0,ko,,,,,,,,,,,,
tweet-2012697623124222153,2026-03-06 19:17:27,推特,seofl_,'930249458356436993,oiioii,转帖,Sun Jan 18 01:24:42 +0000 2026,,,,,,,,,Landomepli,'1799571162969800704,Shun🐰,Sat Jan 17 13:23:28 +0000 2026,'2012516119828156568,https://x.com/Landomepli/status/2012516119828156568,Why does the second couple always attract my attention more??  ૮꒰ ིྀ ⍝ ⍝ ꒱ა #하이스쿨솔티하트 #HighSchoolSaltyHeart https://t.co/jAsNWMPWln,4.0,337.0,3317.0,51809.0,en,,,,,,,,,,,,
tweet-2009279778461741235,2026-03-06 19:17:27,推特,seofl_,'930249458356436993,oiioii,原创,Thu Jan 08 15:03:24 +0000 2026,,,,,,,,,seofl_,'930249458356436993,oiioii,Thu Jan 08 15:03:24 +0000 2026,'2009279778461741235,https://x.com/seofl_/status/2009279778461741235,최준수❤️,0.0,0.0,0.0,128.0,ko,,,,,,,,,,,,
tweet-2008322448563839043,2026-03-06 19:17:27,推特,seofl_,'930249458356436993,oiioii,转帖,Mon Jan 05 23:39:19 +0000 2026,,,,,,,,,yeonnu__01,'1853462203913158656,연누,Mon Jan 05 11:15:44 +0000 2026,'2008135322853679362,https://x.com/yeonnu__01/status/2008135322853679362,https://t.co/x624ANiD0E,5.0,870.0,3274.0,101676.0,zxx,,,,,,,,,,,,
tweet-1554826472740765697,2026-03-06 19:18:18,推特,edmondwanglm,'972880598996992000,Edmond Wong,转帖,Wed Aug 03 13:48:13 +0000 2022,,,,,,,,,Jam79922967,'1194305042578362368,Petrichor,Wed Aug 03 04:33:17 +0000 2022,'1554686820247535616,https://x.com/Jam79922967/status/1554686820247535616,前有江主席，今有习主席，这席比那席，差得太多！ https://t.co/OdsUWyFxuq,473.0,639.0,3580.0,,zh,,,,,,,,,,,,
tweet-1554698830591000576,2026-03-06 19:18:18,推特,edmondwanglm,'972880598996992000,Edmond Wong,转帖,Wed Aug 03 05:21:00 +0000 2022,,,,,,,,,fangshimin,'232201624,方舟子,Wed Aug 03 03:17:03 +0000 2022,'1554667634393632773,https://x.com/fangshimin/status/1554667634393632773,佩洛西议长曾经是中国贵宾。2009年中国国际声望达到历史最高峰（现在是历史最低点），连佩洛西这样的对华鹰派在当议长时也去访问，中国三巨头都要接见。恍如隔世。 https://t.co/jyKoQl3yYv,146.0,420.0,2440.0,,zh,,,,,,,,,,,,
tweet-1549775393095286788,2026-03-06 19:18:18,推特,edmondwanglm,'972880598996992000,Edmond Wong,转帖,Wed Jul 20 15:17:01 +0000 2022,,,,,,,,,fangshimin,'232201624,方舟子,Tue Jul 19 20:07:01 +0000 2022,'1549485983782998018,https://x.com/fangshimin/status/1549485983782998018,今天学国学的目的不是为了成为国学大师，也不是为了学习古人的“智慧”，而是为了增长知识、提高文化修养，那么应该把精力放在学习国学的哪个方面？要怎么学？方舟子讲文史：我们今天应该怎么学国学？ https://t.co/kJZQeDnlOK,4.0,18.0,135.0,,zh,,,,,,,,,,,,
tweet-1505397016821645312,2026-03-06 19:18:18,推特,edmondwanglm,'972880598996992000,Edmond Wong,转帖,Sun Mar 20 04:13:12 +0000 2022,,,,,,,,,bbcchinese,'791197,BBC News 中文,Sun Mar 20 03:01:06 +0000 2022,'1505378872665202689,https://x.com/bbcchinese/status/1505378872665202689,【一周热点回顾】俄罗斯入侵乌克兰已经三周。在乌克兰的第二大城市哈尔科夫，俄军每日炮击不断，乌克兰军队仍在顽强抵抗。BBC跟随乌克兰军队，记录了他们是如何守卫这座城的。警告⚠️：部分画面可能令人不安。 https://t.co/j8FmyRCZwZ,69.0,145.0,406.0,,zh,,,,,,,,,,,,
tweet-1478190130900844544,2026-03-06 19:18:18,推特,edmondwanglm,'972880598996992000,Edmond Wong,转帖,Tue Jan 04 02:22:45 +0000 2022,,,,,,,,,fangshimin,'232201624,方舟子,Tue Jan 04 01:47:24 +0000 2022,'1478181233519513602,https://x.com/fangshimin/status/1478181233519513602,这才过了十年，已经恍如隔世了。 https://t.co/D96SKFvedI,116.0,451.0,1770.0,,zh,,,,,,,,,,,,
tweet-1444873437298581508,2026-03-06 19:18:18,推特,edmondwanglm,'972880598996992000,Edmond Wong,转帖,Mon Oct 04 03:54:06 +0000 2021,,,,,,,,,zhu0588,'2853407766,朱韵和,Sun Oct 03 23:05:47 +0000 2021,'1444800880994250761,https://x.com/zhu0588/status/1444800880994250761,@漆园故人：奥威尔的《1984》出版于1949年。1950年，从美国回国的老舍向国内的青年提起了这本书，带着嘲弄的意味，同时还记错了书名。16年后，他以自沉太平湖的方式，证实了《1984》的先见。 https://t.co/Ps6UUtQztx,7.0,39.0,118.0,,zh,,,,,,,,,,,,
tweet-1423807453083230210,2026-03-06 19:18:18,推特,edmondwanglm,'972880598996992000,Edmond Wong,转帖,Sat Aug 07 00:45:24 +0000 2021,,,,,,,,,zhu0588,'2853407766,朱韵和,Fri Aug 06 20:22:17 +0000 2021,'1423741236481982465,https://x.com/zhu0588/status/1423741236481982465,一提溯源就给钱，长此以往也不是个办法@秋樹Lilac新闻连连看 https://t.co/lAUF9EHEnP,24.0,102.0,308.0,,zh,,,,,,,,,,,,
tweet-1304275917015937025,2026-03-06 19:18:18,推特,edmondwanglm,'972880598996992000,Edmond Wong,转帖,Fri Sep 11 04:29:45 +0000 2020,,,,,,,,,fangshimin,'232201624,方舟子,Fri Sep 11 02:58:25 +0000 2020,'1304252932926377987,https://x.com/fangshimin/status/1304252932926377987,发表新文章《方舟子 | 当病毒入侵人体》https://t.co/thRE6BRtjZ,12.0,39.0,135.0,,zh,,,,,,,,,,,,
tweet-1242611481612517378,2026-03-06 19:18:18,推特,edmondwanglm,'972880598996992000,Edmond Wong,转帖,Wed Mar 25 00:37:18 +0000 2020,,,,,,,,,LQ0068,'1100144576369704961,李 庆 Qing Li,Tue Mar 24 02:58:23 +0000 2020,'1242284598010056704,https://x.com/LQ0068/status/1242284598010056704,南充的那位妈妈把自己7岁的女儿绑在身上投河溺亡了。有人说：再怎么难也能过下去，哪怕做点小生意，摆个地摊。摆个地摊真的那么容易吗？看看这位母亲吧，孩子在婴儿车里，刚刚摆个地摊，城管就来了......—— 长太息以掩涕兮，哀民生之多艰！ https://t.co/pZw197xHHR,31.0,190.0,360.0,,zh,,,,,,,,,,,,
tweet-1210067733381091328,2026-03-06 19:18:18,推特,edmondwanglm,'972880598996992000,Edmond Wong,转帖,Thu Dec 26 05:20:04 +0000 2019,,,,,,,,,fangshimin,'232201624,方舟子,Thu Dec 26 03:09:25 +0000 2019,'1210034854378659846,https://x.com/fangshimin/status/1210034854378659846,发表新文章《批判性思维漫谈（科学猫头鹰微课实录）》https://t.co/ep7uVhVbQk,11.0,38.0,124.0,,zh,,,,,,,,,,,,
tweet-1147854759094702080,2026-03-06 19:18:18,推特,edmondwanglm,'972880598996992000,Edmond Wong,原创,Sun Jul 07 13:07:55 +0000 2019,,,,,,,,,edmondwanglm,'972880598996992000,Edmond Wong,Sun Jul 07 13:07:55 +0000 2019,'1147854759094702080,https://x.com/edmondwanglm/status/1147854759094702080,饶毅的真实写照！,0.0,0.0,0.0,,zh,,,,,,,,,,,,
tweet-1143767361318785025,2026-03-06 19:18:18,推特,edmondwanglm,'972880598996992000,Edmond Wong,转帖,Wed Jun 26 06:26:03 +0000 2019,,,,,,,,,zhu0588,'2853407766,朱韵和,Wed Jun 26 06:11:37 +0000 2019,'1143763728376066049,https://x.com/zhu0588/status/1143763728376066049,@沉约言 权力不能私有，财产不能公有，否则人类就进入灾难之门。MKS把资本社会中的贫困和不公归罪于私有制，并将公有制社会描绘成人间天堂，致使那些天真无知的青年知识分子真以为MKS是救世主。一时间趋之若骛，蔚然成风。在长达一个多世纪的时间里，从欧洲到亚洲直至美洲，共产运动几乎席卷半个地球 https://t.co/hzs9p6anae,2.0,15.0,23.0,,zh,,,,,,,,,,,,
tweet-1077411102227484672,2026-03-06 19:18:18,推特,edmondwanglm,'972880598996992000,Edmond Wong,转帖,Tue Dec 25 03:49:58 +0000 2018,,,,,,,,,VOAChinese,'8149482,美国之音中文网,Mon Dec 24 23:17:00 +0000 2018,'1077342406343831553,https://x.com/VOAChinese/status/1077342406343831553,不仅仅只是人类喜欢过节哦，小动物们一样有很高的热情庆祝节日。美国圣地亚哥第11届宠物游行在圣诞节前隆重登场。看看它们一个个生龙活虎的样子，你是不是也感受到了节日的喜庆呢。 https://t.co/0DKMHGvoSs,0.0,7.0,17.0,,zh,,,,,,,,,,,,
tweet-1077258940713299973,2026-03-06 19:18:18,推特,edmondwanglm,'972880598996992000,Edmond Wong,转帖,Mon Dec 24 17:45:20 +0000 2018,,,,,,,,,VOAChinese,'8149482,美国之音中文网,Mon Dec 24 16:06:45 +0000 2018,'1077234132688633856,https://x.com/VOAChinese/status/1077234132688633856,当地时间12月24日，泰国大城府一所学校迎来一位骑着大象的圣诞老人。估计麋鹿怕热，在热带地区派圣诞礼物这事只好请大象代劳。大家对用这位圣诞老人的“新助手”十分欢迎，每次大象用鼻子送出礼物都会遭到学生们的一通哄抢。#圣诞节 #泰国 https://t.co/iYI8eCUW0C,1.0,10.0,28.0,,zh,,,,,,,,,,,,
tweet-1074998593507840001,2026-03-06 19:18:18,推特,edmondwanglm,'972880598996992000,Edmond Wong,转帖,Tue Dec 18 12:03:31 +0000 2018,,,,,,,,,yishiweijian,'508278502,夏秋年,Tue Dec 18 11:12:07 +0000 2018,'1074985655057465345,https://x.com/yishiweijian/status/1074985655057465345,小学生频念错别字！把金科玉律念成金科律玉，把颐指气使念成颐使气指😊 https://t.co/gbCyPCQxka,155.0,338.0,862.0,,zh,,,,,,,,,,,,
tweet-1071637035461550080,2026-03-06 19:18:18,推特,edmondwanglm,'972880598996992000,Edmond Wong,转帖,Sun Dec 09 05:25:53 +0000 2018,,,,,,,,,zhanglifan,'99013028,章立凡 ©️Zhang Lifan💎,Sun Dec 09 02:29:04 +0000 2018,'1071592535972286466,https://x.com/zhanglifan/status/1071592535972286466,独家：美国检方指控华为 CFO 全文（中英文对照）https://t.co/eamkCem0AZ科学有故事-独家：美国检方指控华为-cfo-全文（中英/,11.0,99.0,146.0,,zh,,,,,,,,,,,,
tweet-1065759870324944898,2026-03-06 19:18:18,推特,edmondwanglm,'972880598996992000,Edmond Wong,转帖,Fri Nov 23 00:12:08 +0000 2018,,,,,,,,,yishiweijian,'508278502,夏秋年,Thu Nov 22 16:45:21 +0000 2018,'1065647433118621698,https://x.com/yishiweijian/status/1065647433118621698,转：【感恩节视频】一位瑞士女士曾经养了一对狮子幼崽。当它们长得足够大时，政府考虑到这位女士的安全以防万一而没收了它们，并把它们送到了动物园。七年后，这位女士去了动物园，于是 ..... https://t.co/3NiEHhdmcV,9.0,27.0,91.0,,zh,,,,,,,,,,,,
tweet-1062283477070925824,2026-03-06 19:18:18,推特,edmondwanglm,'972880598996992000,Edmond Wong,转帖,Tue Nov 13 09:58:11 +0000 2018,,,,,,,,,dodo,'1604444052,The Dodo,Tue Nov 13 00:59:00 +0000 2018,'1062147784759894016,https://x.com/dodo/status/1062147784759894016,"When this dog was adopted as a puppy, he was so happy to get two rat buddies to play with! 💞 https://t.co/DwQgN0yFHN",39.0,829.0,3495.0,,en,,,,,,,,,,,,
tweet-2028260435951255687,2026-03-06 19:19:44,推特,EN61232559,'1687882818519724032,EN6,转帖,Mon Mar 02 00:05:45 +0000 2026,,,,,,,,,ayasa_ito,'1419890600,伊藤 彩沙🎀🛼🍭Ayasa Ito,Sat Feb 28 14:52:30 +0000 2026,'2027758816792805829,https://x.com/ayasa_ito/status/2027758816792805829,普通にピースで撮ってたんやけど、あまねが響ポーズにしますか！？言ってくれて撮れた😭私より覚えてくれている😭そしてうまい😭ファミリーみんなで嬉しいね〜🫶🏻,16.0,469.0,4120.0,145980.0,ja,,,,,,,,,,,,
tweet-2028260180270665847,2026-03-06 19:19:44,推特,EN61232559,'1687882818519724032,EN6,转帖,Mon Mar 02 00:04:44 +0000 2026,,,,,,,,,aibaaiai,'748671603127398400,相羽あいな,Sat Feb 28 14:36:42 +0000 2026,'2027754839229481397,https://x.com/aibaaiai/status/2027754839229481397,#バンドリ10周年ライブありがとうございました✨10バンド、50人で立ったステージ。バンドリの歴史が詰まった、最高に熱い忘れられないライブでした。またあの景色を一緒に。必ず、会いましょう🌹BanG Dream! に出会えたこと本当に幸せ！#バンドリ https://t.co/dNOLXdDpCh,106.0,1837.0,9232.0,135109.0,ja,,,,,,,,,,,,
tweet-2028260146888262078,2026-03-06 19:19:44,推特,EN61232559,'1687882818519724032,EN6,转帖,Mon Mar 02 00:04:36 +0000 2026,,,,,,,,,aibaaiai,'748671603127398400,相羽あいな,Sun Mar 01 03:17:57 +0000 2026,'2027946415176224913,https://x.com/aibaaiai/status/2027946415176224913,Roselia×美竹 蘭『PASSIONATE ANTHEM』 🌹⚡️この曲はAfterglowとRoseliaのガルパストーリーの時にできた曲。約8年ぶりにこうして披露できたことが嬉しいです！特別verいかがでしたか？写真はえみりさんが撮ってくれたの😭@Emiryun #バンドリ10周年ライブ #バンドリ https://t.co/TCmRdb4Xca https://t.co/ptjHSFzDEe,101.0,4570.0,21309.0,1077408.0,ja,,,,,,,,,,,,
tweet-2028260125975425378,2026-03-06 19:19:44,推特,EN61232559,'1687882818519724032,EN6,转帖,Mon Mar 02 00:04:31 +0000 2026,,,,,,,,,aibaaiai,'748671603127398400,相羽あいな,Sun Mar 01 04:36:21 +0000 2026,'2027966144246911210,https://x.com/aibaaiai/status/2027966144246911210,#Afterglow⚡️ × #Roselia🌹10人で撮れました😭#バンドリ10周年ライブ https://t.co/HmcdNXRXzq,43.0,2964.0,15332.0,350678.0,ja,,,,,,,,,,,,
tweet-2028260091330543788,2026-03-06 19:19:44,推特,EN61232559,'1687882818519724032,EN6,转帖,Mon Mar 02 00:04:23 +0000 2026,,,,,,,,,aibaaiai,'748671603127398400,相羽あいな,Sat Feb 28 02:10:32 +0000 2026,'2027567062265344166,https://x.com/aibaaiai/status/2027567062265344166,ついに今日は！BanG Dream! 10th Anniversary LIVE「In the name of BanG Dream!」忘れらない一日になること間違いなし！最高の一日にしましょうね🌹✨#バンドリ10周年ライブ #バンドリ https://t.co/uFhjrnOzpa,63.0,1048.0,7007.0,95656.0,ja,,,,,,,,,,,,
tweet-2028260079745777732,2026-03-06 19:19:44,推特,EN61232559,'1687882818519724032,EN6,转帖,Mon Mar 02 00:04:20 +0000 2026,,,,,,,,,AyakaOhashi,'2819975324,大橋彩香 official,Sat Feb 28 13:36:53 +0000 2026,'2027739785520099375,https://x.com/AyakaOhashi/status/2027739785520099375,#バンドリ10周年ライブ Poppin'Party 山吹沙綾役で出演させて頂きました🍞︎🌟最っっっ高に楽しかった〜〜！！！！支えてくれているバンドリーマーのみんな、いつもあたたかい声援を本当にありがとうございます😊♡これからも沙綾と一緒にまだまだ走り続けます🏃‍♀️💨💨(あやか)#バンドリの日 https://t.co/wYqVgWhKma,61.0,1743.0,10355.0,109572.0,ja,,,,,,,,,,,,
tweet-2028260058078069070,2026-03-06 19:19:44,推特,EN61232559,'1687882818519724032,EN6,转帖,Mon Mar 02 00:04:15 +0000 2026,,,,,,,,,_maeshima_ami,'619187741,前島亜美_Official,Sun Mar 01 06:58:12 +0000 2026,'2028001843876659420,https://x.com/_maeshima_ami/status/2028001843876659420,https://t.co/dpGrvhuCmi #バンドリ10周年ライブ https://t.co/vGX0iFSNg5,16.0,1635.0,10660.0,167270.0,qme,,,,,,,,,,,,
tweet-2028260023860937123,2026-03-06 19:19:44,推特,EN61232559,'1687882818519724032,EN6,转帖,Mon Mar 02 00:04:07 +0000 2026,,,,,,,,,loveS2me_,'1987713252307128321,원하,Sun Mar 01 09:11:44 +0000 2026,'2028035447742734681,https://x.com/loveS2me_/status/2028035447742734681,毎日世界中がキラキラドキドキで#バンドリ10周年ライブ #bandoriart https://t.co/2Vb3I5FUj6,0.0,96.0,363.0,4701.0,ja,,,,,,,,,,,,
tweet-2028259971419574677,2026-03-06 19:19:44,推特,EN61232559,'1687882818519724032,EN6,转帖,Mon Mar 02 00:03:55 +0000 2026,,,,,,,,,aimi_sound,'253177157,愛美/AIMI,Sat Feb 28 06:00:29 +0000 2026,'2027624931161452802,https://x.com/aimi_sound/status/2027624931161452802,いくぞ！！！！！！！！！！！！！！！！#バンドリ10周年ライブ https://t.co/b76JSYeHkj,44.0,1638.0,12030.0,171359.0,ja,,,,,,,,,,,,
tweet-2028259720948249061,2026-03-06 19:19:44,推特,EN61232559,'1687882818519724032,EN6,转帖,Mon Mar 02 00:02:55 +0000 2026,,,,,,,,,risa_tsumugi,'930439312209952768,紡木 吏佐,Sun Mar 01 04:41:55 +0000 2026,'2027967548210491662,https://x.com/risa_tsumugi/status/2027967548210491662,X様、4枚しか写真載せられない故、昨日のオフショ達インスタに大投下ッッちぇけらああああああああ*\(^o^)/*💎インスタここよんhttps://t.co/RzDfvmIvE8#バンドリ10周年ライブ #バンドリ https://t.co/JaZb6xfPfP,89.0,2648.0,20609.0,2574537.0,ja,,,,,,,,,,,,
tweet-2028259431562240427,2026-03-06 19:19:44,推特,EN61232559,'1687882818519724032,EN6,转帖,Mon Mar 02 00:01:46 +0000 2026,,,,,,,,,bang_dream_info,'3009772568,バンドリ！ BanG Dream! 公式,Sat Feb 28 13:22:06 +0000 2026,'2027736065185141180,https://x.com/bang_dream_info/status/2027736065185141180,⭐BanG Dream! 10th Anniversary LIVE　「In the name of BanG Dream!」⭐10バンド・50名のキャストと会場の皆様で記念撮影📷✨沢山の応援をありがとうございました！ライブの感想は【#バンドリ10周年ライブ】で是非💭これからも #バンドリ をよろしくお願いします！ https://t.co/MKaSepoiqs,83.0,7993.0,22990.0,2324522.0,ja,,,,,,,,,,,,
tweet-2028242294227509643,2026-03-06 19:19:44,推特,EN61232559,'1687882818519724032,EN6,转帖,Sun Mar 01 22:53:40 +0000 2026,,,,,,,,,aimi_sound,'253177157,愛美/AIMI,Sat Feb 28 17:13:15 +0000 2026,'2027794236591247375,https://x.com/aimi_sound/status/2027794236591247375,私は今日、幸せでした。この11年間、バンドリのことを考えない日はありませんでした。リハーサルでステージに50人揃っているのを初めて見た時、「これまでの汗と涙は、この日のためにあったんだ。」と心から思えました。そうしたら、ずっと笑顔でいられました。 https://t.co/9QwkIQCpVc,231.0,4935.0,28767.0,866910.0,ja,,,,,,,,,,,,
tweet-2028241907131048211,2026-03-06 19:19:44,推特,EN61232559,'1687882818519724032,EN6,转帖,Sun Mar 01 22:52:08 +0000 2026,,,,,,,,,okada_mei0519,'2880189872,岡田夢以,Sun Mar 01 14:04:08 +0000 2026,'2028109031848698163,https://x.com/okada_mei0519/status/2028109031848698163,立希さん。私はいつでも本気ですよ🐼🧃#moment_memory #バンドリ #MyGO #AveMujica https://t.co/f0XHpZGdU0,96.0,4164.0,21446.0,388510.0,ja,,,,,,,,,,,,
tweet-2028241858330349897,2026-03-06 19:19:44,推特,EN61232559,'1687882818519724032,EN6,转帖,Sun Mar 01 22:51:56 +0000 2026,,,,,,,,,cocohayashi515,'1394483928463941633,林鼓子,Sun Mar 01 13:53:35 +0000 2026,'2028106377416282492,https://x.com/cocohayashi515/status/2028106377416282492,海鈴…ほんっとうにしつこい。💢#moment_memory #MyGO #AveMujica https://t.co/y5T1XRRBlf,105.0,4694.0,25184.0,469584.0,ja,,,,,,,,,,,,
tweet-2028241732459237676,2026-03-06 19:19:44,推特,EN61232559,'1687882818519724032,EN6,转帖,Sun Mar 01 22:51:26 +0000 2026,,,,,,,,,kudoharuka910,'3693557304,工藤晴香/KDHR,Sun Mar 01 04:02:59 +0000 2026,'2027957746281406886,https://x.com/kudoharuka910/status/2027957746281406886,♡♡大好き♡♡#バンドリ10周年ライブ https://t.co/I4gJYxCPES,44.0,1717.0,8796.0,465627.0,ja,,,,,,,,,,,,
tweet-2028241706618101934,2026-03-06 19:19:44,推特,EN61232559,'1687882818519724032,EN6,转帖,Sun Mar 01 22:51:20 +0000 2026,,,,,,,,,SYSU_garupa2017,'1891851131388833792,中山大学バンドリ同好会,Sun Mar 01 04:31:37 +0000 2026,'2027964952741601427,https://x.com/SYSU_garupa2017/status/2027964952741601427,⭐BanG Dream! 10th Anniversary LIVE「In the name of BanG Dream!」⭐にて、本同好会名義でフラスタを贈らせていただきました！#ハンドリ 10周年の集大成となるライブばので、音楽アプリで「CiRCLE THANKS MUSiC♪」を再生している画面をモチーフにデザインしました!#バンドリ10周年ライブ https://t.co/XbN50UiZYr,3.0,8.0,24.0,1266.0,ja,,,,,,,,,,,,
tweet-2028241692667904053,2026-03-06 19:19:44,推特,EN61232559,'1687882818519724032,EN6,转帖,Sun Mar 01 22:51:17 +0000 2026,,,,,,,,,SYSU_garupa2017,'1891851131388833792,中山大学バンドリ同好会,Sun Mar 01 14:55:51 +0000 2026,'2028122047231250783,https://x.com/SYSU_garupa2017/status/2028122047231250783,2月28日開催の⭐BanG Dream! 10th Anniversary LIVE「In the name of BanG Dream!」⭐にて、20名のメンバーが参戦しました！きっとこれからも、新しい挑戦や素敵な未来が彼女たちを待っています。#バンドリ の集大成となるライブを見届けられたことは、何よりの幸せでした！#バンドリ10周年ライブ https://t.co/zI61TQdwzl,2.0,8.0,33.0,910.0,ja,,,,,,,,,,,,
tweet-2027541770746401088,2026-03-06 19:19:44,推特,EN61232559,'1687882818519724032,EN6,转帖,Sat Feb 28 00:30:02 +0000 2026,,,,,,,,,bang_dream_info,'3009772568,バンドリ！ BanG Dream! 公式,Fri Feb 27 23:00:01 +0000 2026,'2027519115036946616,https://x.com/bang_dream_info/status/2027519115036946616,＼🎊本日開催🎊／BanG Dream! 10th Anniversary LIVE「In the name of BanG Dream!」Kアリーナ横浜チケットSOLD OUT🎉配信でも全力で盛り上がりましょう🙌📡配信チケットhttps://t.co/7S1Y0f9hqW🎫Ticket for overseashttps://t.co/f9iKeBUwbC#バンドリ10周年ライブ #バンドリ https://t.co/dUUpGsAZfE,2.0,523.0,1948.0,259725.0,ja,,,,,,,,,,,,
tweet-2027532806365319405,2026-03-06 19:19:44,推特,EN61232559,'1687882818519724032,EN6,转帖,Fri Feb 27 23:54:25 +0000 2026,,,,,,,,,meu203,'1170696395507941378,ゆーへい🍼,Fri Feb 27 14:49:35 +0000 2026,'2027395696283062329,https://x.com/meu203/status/2027395696283062329,スケブにてまのさばのシェリハン描かせていただきました🩵💚 https://t.co/7SrCqCm7J6,9.0,993.0,10887.0,110072.0,ja,,,,,,,,,,,,
tweet-2027532756952223760,2026-03-06 19:19:44,推特,EN61232559,'1687882818519724032,EN6,转帖,Fri Feb 27 23:54:13 +0000 2026,,,,,,,,,345toron,'1419617617573072897,mira,Fri Feb 27 13:15:49 +0000 2026,'2027372099179049404,https://x.com/345toron/status/2027372099179049404,#超かぐや姫 https://t.co/E2a1woay93,14.0,2410.0,30504.0,224473.0,qme,,,,,,,,,,,,
tweet-1971457045787451459,2026-03-06 19:29:24,推特,YangzeWang,'1896142820152586240,yangze wang,原创,Fri Sep 26 06:09:22 +0000 2025,,,,,,,,,YangzeWang,'1896142820152586240,yangze wang,Fri Sep 26 06:09:22 +0000 2025,'1971457045787451459,https://x.com/YangzeWang/status/1971457045787451459,有以下想法：在通货膨胀时，鼓励发展类似按摩等消耗人力为主而非消耗物质资源为主的消费，通缩时则相反，鼓励消耗物质资源多的消费优点：解决常见应对通胀的加息政策导致的政府负债、流动性降低的风险；通缩时相比量化宽松等无指向性政策，注入单位资金更少地消耗物质资源，利于拉升物价。增加就业,0.0,0.0,0.0,11.0,zh,,,,,,,,,,,,
tweet-2008586361759297857,2026-03-06 19:30:01,推特,zhujie756334,'2005555312871546880,竹节虫捏捏,原创,Tue Jan 06 17:08:01 +0000 2026,,,,,,,,,zhujie756334,'2005555312871546880,竹节虫捏捏,Tue Jan 06 17:08:01 +0000 2026,'2008586361759297857,https://x.com/zhujie756334/status/2008586361759297857,私信只回🚪🚪前不回任何问题🚪后畅所欲言 https://t.co/6QHsAI75JQ,0.0,0.0,2.0,2541.0,zh,,,,,,,,,,,,
tweet-2016712878037094609,2026-03-06 19:30:01,推特,zhujie756334,'2005555312871546880,竹节虫捏捏,原创,Thu Jan 29 03:19:53 +0000 2026,,,,,,,,,zhujie756334,'2005555312871546880,竹节虫捏捏,Thu Jan 29 03:19:53 +0000 2026,'2016712878037094609,https://x.com/zhujie756334/status/2016712878037094609,叫我什么 https://t.co/B0kCZuuI6s,1.0,0.0,21.0,1671.0,zh,,,,,,,,,,,,
tweet-2016711571221914053,2026-03-06 19:30:01,推特,zhujie756334,'2005555312871546880,竹节虫捏捏,原创,Thu Jan 29 03:14:41 +0000 2026,,,,,,,,,zhujie756334,'2005555312871546880,竹节虫捏捏,Thu Jan 29 03:14:41 +0000 2026,'2016711571221914053,https://x.com/zhujie756334/status/2016711571221914053,原相机就是这么嫩 https://t.co/0XyMmCecwa,0.0,0.0,9.0,936.0,zh,,,,,,,,,,,,
tweet-2016529795136553120,2026-03-06 19:30:01,推特,zhujie756334,'2005555312871546880,竹节虫捏捏,原创,Wed Jan 28 15:12:23 +0000 2026,,,,,,,,,zhujie756334,'2005555312871546880,竹节虫捏捏,Wed Jan 28 15:12:23 +0000 2026,'2016529795136553120,https://x.com/zhujie756334/status/2016529795136553120,你说会不会有一天我的脚火了  全世界的恋足癖都爱上我了然后一打开私信全是口令  消息回都回不过来 然后遇到一个有钱人一个月给我一万块只需要我每天给他拍拍脚照,2.0,0.0,1.0,803.0,zh,,,,,,,,,,,,
tweet-2016529253417070730,2026-03-06 19:30:01,推特,zhujie756334,'2005555312871546880,竹节虫捏捏,原创,Wed Jan 28 15:10:13 +0000 2026,,,,,,,,,zhujie756334,'2005555312871546880,竹节虫捏捏,Wed Jan 28 15:10:13 +0000 2026,'2016529253417070730,https://x.com/zhujie756334/status/2016529253417070730,你这个cs鸟敢咬我 https://t.co/cyd8kWqsE2,0.0,0.0,15.0,900.0,zh,,,,,,,,,,,,
tweet-2016480947953369093,2026-03-06 19:30:01,推特,zhujie756334,'2005555312871546880,竹节虫捏捏,原创,Wed Jan 28 11:58:17 +0000 2026,,,,,,,,,zhujie756334,'2005555312871546880,竹节虫捏捏,Wed Jan 28 11:58:17 +0000 2026,'2016480947953369093,https://x.com/zhujie756334/status/2016480947953369093,晚饭 https://t.co/ehTkuKlqq4,1.0,0.0,13.0,1118.0,zh,,,,,,,,,,,,
tweet-2016226903506747514,2026-03-06 19:30:01,推特,zhujie756334,'2005555312871546880,竹节虫捏捏,原创,Tue Jan 27 19:08:48 +0000 2026,,,,,,,,,zhujie756334,'2005555312871546880,竹节虫捏捏,Tue Jan 27 19:08:48 +0000 2026,'2016226903506747514,https://x.com/zhujie756334/status/2016226903506747514,刚做完足膜的脚你们根本不懂有多嫩 https://t.co/x9wcV9veNy,1.0,0.0,14.0,1080.0,zh,,,,,,,,,,,,
tweet-2016060951376871719,2026-03-06 19:30:01,推特,zhujie756334,'2005555312871546880,竹节虫捏捏,原创,Tue Jan 27 08:09:22 +0000 2026,,,,,,,,,zhujie756334,'2005555312871546880,竹节虫捏捏,Tue Jan 27 08:09:22 +0000 2026,'2016060951376871719,https://x.com/zhujie756334/status/2016060951376871719,哪里有招踩曲的不 https://t.co/SUiD1dIrsc,0.0,0.0,3.0,978.0,ja,,,,,,,,,,,,
tweet-2016044781919711315,2026-03-06 19:30:01,推特,zhujie756334,'2005555312871546880,竹节虫捏捏,原创,Tue Jan 27 07:05:06 +0000 2026,,,,,,,,,zhujie756334,'2005555312871546880,竹节虫捏捏,Tue Jan 27 07:05:06 +0000 2026,'2016044781919711315,https://x.com/zhujie756334/status/2016044781919711315,X上的第一个🚪哥  终于接到了  不过其他平台已经有400+🤭 https://t.co/B3eiWuqhOd,1.0,0.0,1.0,971.0,zh,,,,,,,,,,,,
tweet-2015353976099840043,2026-03-06 19:30:01,推特,zhujie756334,'2005555312871546880,竹节虫捏捏,原创,Sun Jan 25 09:20:06 +0000 2026,,,,,,,,,zhujie756334,'2005555312871546880,竹节虫捏捏,Sun Jan 25 09:20:06 +0000 2026,'2015353976099840043,https://x.com/zhujie756334/status/2015353976099840043,就这样限流嗯对。lzp就不配吃点好的吗 https://t.co/5bO0oF2YCb,0.0,0.0,6.0,1413.0,zh,,,,,,,,,,,,
tweet-2014826300230525034,2026-03-06 19:30:01,推特,zhujie756334,'2005555312871546880,竹节虫捏捏,原创,Fri Jan 23 22:23:18 +0000 2026,,,,,,,,,zhujie756334,'2005555312871546880,竹节虫捏捏,Fri Jan 23 22:23:18 +0000 2026,'2014826300230525034,https://x.com/zhujie756334/status/2014826300230525034,恋足p不认识我不许说自己恋足 https://t.co/RkcfvFEPjW,0.0,1.0,6.0,1313.0,zh,,,,,,,,,,,,
tweet-2014693756164047350,2026-03-06 19:30:01,推特,zhujie756334,'2005555312871546880,竹节虫捏捏,原创,Fri Jan 23 13:36:37 +0000 2026,,,,,,,,,zhujie756334,'2005555312871546880,竹节虫捏捏,Fri Jan 23 13:36:37 +0000 2026,'2014693756164047350,https://x.com/zhujie756334/status/2014693756164047350,🧊冰糖味的棒棒糖 https://t.co/z5d9I0KhMl,1.0,0.0,6.0,1113.0,ja,,,,,,,,,,,,
tweet-2013956557051228428,2026-03-06 19:30:01,推特,zhujie756334,'2005555312871546880,竹节虫捏捏,原创,Wed Jan 21 12:47:15 +0000 2026,,,,,,,,,zhujie756334,'2005555312871546880,竹节虫捏捏,Wed Jan 21 12:47:15 +0000 2026,'2013956557051228428,https://x.com/zhujie756334/status/2013956557051228428,不是漂亮的女人会骗人  是丑的骗你你不信红色🍒脚美甲 https://t.co/V2Xs6rz8oE,0.0,1.0,12.0,1368.0,zh,,,,,,,,,,,,
tweet-2013099022874181644,2026-03-06 19:30:01,推特,zhujie756334,'2005555312871546880,竹节虫捏捏,原创,Mon Jan 19 03:59:43 +0000 2026,,,,,,,,,zhujie756334,'2005555312871546880,竹节虫捏捏,Mon Jan 19 03:59:43 +0000 2026,'2013099022874181644,https://x.com/zhujie756334/status/2013099022874181644,想咬玉足的坏鸟 https://t.co/Ia6AhEWWe9,0.0,0.0,2.0,955.0,zh,,,,,,,,,,,,
tweet-2011496140781531523,2026-03-06 19:30:01,推特,zhujie756334,'2005555312871546880,竹节虫捏捏,原创,Wed Jan 14 17:50:26 +0000 2026,,,,,,,,,zhujie756334,'2005555312871546880,竹节虫捏捏,Wed Jan 14 17:50:26 +0000 2026,'2011496140781531523,https://x.com/zhujie756334/status/2011496140781531523,为什么没流量明明我脚那么美我一直在哭我一直在哭我一直在哭我一直在哭我一直在哭我一直在哭我一直在哭我一直在哭我一直在哭我一直在哭我一直在哭我一直在哭我一直在哭我一直在哭我一直在哭我一直在哭我一直在哭我一直在哭我一直在哭我一直在哭我一直在哭我一直在哭我一直在哭我一直在哭我一直在哭 https://t.co/g0n93a2AWJ,0.0,0.0,18.0,1199.0,ja,,,,,,,,,,,,
tweet-2010419791589458040,2026-03-06 19:30:01,推特,zhujie756334,'2005555312871546880,竹节虫捏捏,原创,Sun Jan 11 18:33:24 +0000 2026,,,,,,,,,zhujie756334,'2005555312871546880,竹节虫捏捏,Sun Jan 11 18:33:24 +0000 2026,'2010419791589458040,https://x.com/zhujie756334/status/2010419791589458040,小公主 https://t.co/XdDQ8MzRGu,1.0,0.0,5.0,875.0,ja,,,,,,,,,,,,
tweet-2009942564619817407,2026-03-06 19:30:01,推特,zhujie756334,'2005555312871546880,竹节虫捏捏,原创,Sat Jan 10 10:57:04 +0000 2026,,,,,,,,,zhujie756334,'2005555312871546880,竹节虫捏捏,Sat Jan 10 10:57:04 +0000 2026,'2009942564619817407,https://x.com/zhujie756334/status/2009942564619817407,客官请点菜【玉足警告】 https://t.co/O9dHhdCnhF,0.0,0.0,5.0,807.0,ja,,,,,,,,,,,,
tweet-2009081919875764665,2026-03-06 19:30:01,推特,zhujie756334,'2005555312871546880,竹节虫捏捏,原创,Thu Jan 08 01:57:11 +0000 2026,,,,,,,,,zhujie756334,'2005555312871546880,竹节虫捏捏,Thu Jan 08 01:57:11 +0000 2026,'2009081919875764665,https://x.com/zhujie756334/status/2009081919875764665,偶尔可爱一下de库存。 https://t.co/URKF5gK8e9,0.0,0.0,2.0,720.0,zh,,,,,,,,,,,,
tweet-2009079361950126083,2026-03-06 19:30:01,推特,zhujie756334,'2005555312871546880,竹节虫捏捏,原创,Thu Jan 08 01:47:01 +0000 2026,,,,,,,,,zhujie756334,'2005555312871546880,竹节虫捏捏,Thu Jan 08 01:47:01 +0000 2026,'2009079361950126083,https://x.com/zhujie756334/status/2009079361950126083,来吃早餐 https://t.co/5BfKf2Lt1l,0.0,1.0,4.0,695.0,zh,,,,,,,,,,,,
tweet-2006996036934644071,2026-03-06 19:30:01,推特,zhujie756334,'2005555312871546880,竹节虫捏捏,原创,Fri Jan 02 07:48:38 +0000 2026,,,,,,,,,zhujie756334,'2005555312871546880,竹节虫捏捏,Fri Jan 02 07:48:38 +0000 2026,'2006996036934644071,https://x.com/zhujie756334/status/2006996036934644071,谁来做我的2026年第一个🚪哥今天来过可以送🧦一只 https://t.co/JHyiCtfdaM,1.0,1.0,4.0,807.0,zh,,,,,,,,,,,,
tweet-2028546746230702455,2026-03-06 19:31:33,推特,iwSmOs0r7c38428,'1758561846397988864,墨池,原创,Mon Mar 02 19:03:27 +0000 2026,,,,,,,,,iwSmOs0r7c38428,'1758561846397988864,墨池,Mon Mar 02 19:03:27 +0000 2026,'2028546746230702455,https://x.com/iwSmOs0r7c38428/status/2028546746230702455,好事发生（有一个灌注了喜欢的同好也灌注我了）嘻嘻 https://t.co/cDlxchVs2I,0.0,0.0,0.0,14.0,zh,,,,,,,,,,,,
tweet-2027103707259867525,2026-03-06 19:31:33,推特,iwSmOs0r7c38428,'1758561846397988864,墨池,原创,Thu Feb 26 19:29:20 +0000 2026,,,,,,,,,iwSmOs0r7c38428,'1758561846397988864,墨池,Thu Feb 26 19:29:20 +0000 2026,'2027103707259867525,https://x.com/iwSmOs0r7c38428/status/2027103707259867525,哎嘿 https://t.co/r0UwXksGRN,0.0,0.0,0.0,27.0,ja,,,,,,,,,,,,
tweet-2026265098826953000,2026-03-06 19:31:33,推特,iwSmOs0r7c38428,'1758561846397988864,墨池,原创,Tue Feb 24 11:57:00 +0000 2026,,,,,,,,,iwSmOs0r7c38428,'1758561846397988864,墨池,Tue Feb 24 11:57:00 +0000 2026,'2026265098826953000,https://x.com/iwSmOs0r7c38428/status/2026265098826953000,万州就没有小男娘贴贴的吗#万州 https://t.co/P9QAbPeuvc,0.0,0.0,0.0,53.0,zh,,,,,,,,,,,,
tweet-2024142959331983385,2026-03-06 19:31:33,推特,iwSmOs0r7c38428,'1758561846397988864,墨池,原创,Wed Feb 18 15:24:22 +0000 2026,,,,,,,,,iwSmOs0r7c38428,'1758561846397988864,墨池,Wed Feb 18 15:24:22 +0000 2026,'2024142959331983385,https://x.com/iwSmOs0r7c38428/status/2024142959331983385,发点东西叭 https://t.co/nOHj6EmWs9,0.0,0.0,0.0,34.0,zh,,,,,,,,,,,,
tweet-1976590246306562425,2026-03-06 19:32:31,推特,Sam747279270,'1969000590580871168,Sam1493,转帖,Fri Oct 10 10:06:52 +0000 2025,,,,,,,,,BASCAN_io,'1674737220169895936,BAS(BNB Attestation Service),Fri Oct 10 04:57:24 +0000 2025,'1976512365354184876,https://x.com/BASCAN_io/status/1976512365354184876,"BAS Booster Program x @BinanceWallet — Season 3 Week 3 Kicks Off!😁10.10, 13:00 （UTC+8） →  10.17, 13:00 （UTC+8）😁Reward Pool: 50,000,000 (0.5%) $BAS😁Eligibility: 61+ Alpha PointsThis Week’s Tasks:🫶Hold ≥ 3000+ BAS in past 7 days — share 12.5M BAS🫶Buy ≥ 1000 https://t.co/M1Al3hUPoc",2106.0,83257.0,12686.0,1031903.0,en,,,,,,,,,,,,
tweet-1972969183332970761,2026-03-06 19:32:31,推特,Sam747279270,'1969000590580871168,Sam1493,转帖,Tue Sep 30 10:18:03 +0000 2025,,,,,,,,,BASCAN_io,'1674737220169895936,BAS(BNB Attestation Service),Tue Sep 30 06:59:38 +0000 2025,'1972919248419967112,https://x.com/BASCAN_io/status/1972919248419967112,"🟠BAS Booster Program x @BinanceWallet — Season 3 Week 2 Kicks Off!▫️9.30, 15:00 （UTC+8） →  10.07, 15:00 （UTC+8）▫️Reward Pool: 50,000,000 (0.5%) $BAS▫️Eligibility: 61+ Alpha PointsThis Week’s Tasks:▫️Hold ≥ 3000+ BAS in past 7 days — share 12.5M BAS▫️Buy ≥ 1000 https://t.co/BeMrwPTVLr",1165.0,70401.0,9355.0,596529.0,en,,,,,,,,,,,,
tweet-1972968959537459255,2026-03-06 19:32:31,推特,Sam747279270,'1969000590580871168,Sam1493,转帖,Tue Sep 30 10:17:10 +0000 2025,,,,,,,,,r3vl_xyz,'1090286948894326785,Reveel,Mon Sep 29 12:00:06 +0000 2025,'1972632473382338920,https://x.com/r3vl_xyz/status/1972632473382338920,"🟩 Phase 4 $REVA Quests are liveMore tasks, more rewards, more ways to stack $REVAHere’s your mission log for this week 👇 https://t.co/yhYrqJ0OUo",2057.0,69426.0,12187.0,598258.0,en,,,,,,,,,,,,
tweet-1972968711423496478,2026-03-06 19:32:31,推特,Sam747279270,'1969000590580871168,Sam1493,转帖,Tue Sep 30 10:16:11 +0000 2025,,,,,,,,,pieverse_io,'1846966319251705857,pieverse,Mon Sep 22 08:33:23 +0000 2025,'1970043737163333764,https://x.com/pieverse_io/status/1970043737163333764,🚨 Phase 2 of the Pieverse x @BinanceWallet Booster Campaign starts today!Your mission for Phase 2:✅ Complete quests and explore the Pieverse AI Calendar.🎁 7.5M $PIEVERSE reward pool is up for grabs.🔑 Log in to your Binance Wallet and click on the Booster banner to join. https://t.co/gtQlEi5G3F,2112.0,90544.0,15240.0,758735.0,en,,,,,,,,,,,,
tweet-1972968472754978935,2026-03-06 19:32:31,推特,Sam747279270,'1969000590580871168,Sam1493,转帖,Tue Sep 30 10:15:14 +0000 2025,,,,,,,,,codatta_io,'1715696651669827584,Codatta,Fri Sep 26 06:33:42 +0000 2025,'1971463170796790061,https://x.com/codatta_io/status/1971463170796790061,"🚀 Codatta Booster Campaign Season 3 Week 4 is LIVE!The grand finale is here — dive into hands-on challenges across AI, robotics, food and crypto 🌐👥 Join the Telegram Community📩 Link Email to Codatta🧠 Find the AI’s Factual Mistake🍲 Upload &amp; Annotate Food Images🤖 https://t.co/UUDM8mzBfH",1729.0,69591.0,11946.0,637909.0,en,,,,,,,,,,,,
tweet-1972968074547712046,2026-03-06 19:32:31,推特,Sam747279270,'1969000590580871168,Sam1493,转帖,Tue Sep 30 10:13:39 +0000 2025,,,,,,,,,Astra__Nova,'1339642152930795520,Astra Nova,Mon Jun 30 16:03:24 +0000 2025,'1939716406846927359,https://x.com/Astra__Nova/status/1939716406846927359,"Entertainment is being rebuilt.By players, creators, and AI.Welcome to Astra Nova The world's first AI Entertainment Ecosystem ✨🔸 Built on intelligence🔸 Powered by live products🔸 Fueled by $RVV💠 Explore Our Ecosystem:🕹️ https://t.co/qnMBG2jieR – Launch viral, https://t.co/ULvR9RfPPM",3173.0,114102.0,24115.0,1008132.0,en,,,,,,,,,,,,
tweet-1972968000862163332,2026-03-06 19:32:31,推特,Sam747279270,'1969000590580871168,Sam1493,转帖,Tue Sep 30 10:13:22 +0000 2025,,,,,,,,,TokenplayAI,'1923426251576053760,TokenPlay.ai,Thu Jun 19 15:58:34 +0000 2025,'1935728924375515451,https://x.com/TokenplayAI/status/1935728924375515451,Build. Launch. Monetize. 🕹️Turn your community into an arcade — in seconds. ⚡No code. AI-powered.Welcome to https://t.co/bZNDHlUJXg🚨 250K+ have already joined the waitlist — don’t miss your chance!Loading ■■■■▢▢▢▢▢▢ https://t.co/0jaLcFMmjo,3292.0,113917.0,22669.0,748679.0,en,,,,,,,,,,,,
tweet-1972967790022963633,2026-03-06 19:32:31,推特,Sam747279270,'1969000590580871168,Sam1493,转帖,Tue Sep 30 10:12:31 +0000 2025,,,,,,,,,turtledotxyz,'1769392048392531968,Turtle,Mon Sep 29 11:59:45 +0000 2025,'1972632386845237344,https://x.com/turtledotxyz/status/1972632386845237344,"We’re proud to introduce $TURTLE - the foundational token for onchain liquidity.Built to align LPs, partners, and protocols under one standard. https://t.co/aOeskUrcNX",4676.0,137931.0,27514.0,1682513.0,en,,,,,,,,,,,,
tweet-1972967721076961755,2026-03-06 19:32:31,推特,Sam747279270,'1969000590580871168,Sam1493,转帖,Tue Sep 30 10:12:15 +0000 2025,,,,,,,,,turtledotxyz,'1769392048392531968,Turtle,Tue Sep 30 07:36:57 +0000 2025,'1972928641274441810,https://x.com/turtledotxyz/status/1972928641274441810,Turtle × @binance Booster ProgramJoin the campaign to earn exclusive $TURTLE rewards.Take part through social tasks or by depositing USDT on BSC.,6028.0,138208.0,26908.0,1694863.0,en,,,,,,,,,,,,
tweet-1847525791812505692,2026-03-06 19:33:50,推特,zawashitanoshuu,'1600267986,Shuu,原创,Sat Oct 19 06:30:48 +0000 2024,,,,,,,,,zawashitanoshuu,'1600267986,Shuu,Sat Oct 19 06:30:48 +0000 2024,'1847525791812505692,https://x.com/zawashitanoshuu/status/1847525791812505692,滅殺,0.0,0.0,1.0,347.0,ja,,,,,,,,,,,,
tweet-1847525770014732640,2026-03-06 19:33:50,推特,zawashitanoshuu,'1600267986,Shuu,转帖,Sat Oct 19 06:30:43 +0000 2024,,,,,,,,,Rooflemonger,'858869445833490432,Rooflemonger 🦍🦧🐵,Fri Oct 18 20:32:34 +0000 2024,'1847375240009306218,https://x.com/Rooflemonger/status/1847375240009306218,the power of the satsui no hado...,273.0,2911.0,29481.0,1873551.0,en,,,,,,,,,,,,
tweet-1832020475108843646,2026-03-06 19:33:50,推特,zawashitanoshuu,'1600267986,Shuu,原创,Fri Sep 06 11:38:13 +0000 2024,,,,,,,,,zawashitanoshuu,'1600267986,Shuu,Fri Sep 06 11:38:13 +0000 2024,'1832020475108843646,https://x.com/zawashitanoshuu/status/1832020475108843646,I rather have pewdiepie as steve,0.0,0.0,1.0,53.0,en,,,,,,,,,,,,
tweet-1831122271320322048,2026-03-06 19:33:50,推特,zawashitanoshuu,'1600267986,Shuu,原创,Wed Sep 04 00:09:04 +0000 2024,,,,,,,,,zawashitanoshuu,'1600267986,Shuu,Wed Sep 04 00:09:04 +0000 2024,'1831122271320322048,https://x.com/zawashitanoshuu/status/1831122271320322048,Till she is 90!,0.0,0.0,0.0,37.0,en,,,,,,,,,,,,
tweet-1820706041111224814,2026-03-06 19:33:50,推特,zawashitanoshuu,'1600267986,Shuu,原创,Tue Aug 06 06:18:41 +0000 2024,,,,,,,,,zawashitanoshuu,'1600267986,Shuu,Tue Aug 06 06:18:41 +0000 2024,'1820706041111224814,https://x.com/zawashitanoshuu/status/1820706041111224814,wooimbouttamakeanameformyselfere,0.0,0.0,0.0,24.0,en,,,,,,,,,,,,
tweet-1818215524758925457,2026-03-06 19:33:50,推特,zawashitanoshuu,'1600267986,Shuu,原创,Tue Jul 30 09:22:16 +0000 2024,,,,,,,,,zawashitanoshuu,'1600267986,Shuu,Tue Jul 30 09:22:16 +0000 2024,'1818215524758925457,https://x.com/zawashitanoshuu/status/1818215524758925457,Real hero,0.0,0.0,1.0,20.0,es,,,,,,,,,,,,
tweet-1818214605409407273,2026-03-06 19:33:50,推特,zawashitanoshuu,'1600267986,Shuu,转帖,Tue Jul 30 09:18:37 +0000 2024,,,,,,,,,RealHughJackman,'27042513,Hugh Jackman,Sun Jul 28 16:52:28 +0000 2024,'1817604045395149311,https://x.com/RealHughJackman/status/1817604045395149311,Wolverine and Deadpool is the #1 movie in the world. Thank you ALL! @VancityReynolds @ShawnLevyDirect @MarvStudios https://t.co/FhdspNeWcR,2918.0,43560.0,357208.0,7741455.0,en,,,,,,,,,,,,
tweet-1807228937791295966,2026-03-06 19:33:50,推特,zawashitanoshuu,'1600267986,Shuu,原创,Sun Jun 30 01:45:30 +0000 2024,,,,,,,,,zawashitanoshuu,'1600267986,Shuu,Sun Jun 30 01:45:30 +0000 2024,'1807228937791295966,https://x.com/zawashitanoshuu/status/1807228937791295966,GOAT,0.0,0.0,1.0,86.0,en,,,,,,,,,,,,
tweet-1792890391630622965,2026-03-06 19:33:50,推特,zawashitanoshuu,'1600267986,Shuu,转帖,Tue May 21 12:09:14 +0000 2024,,,,,,,,,TheFallGuyMovie,'1558169431859085313,The Fall Guy,Fri May 17 17:55:46 +0000 2024,'1791528049894395939,https://x.com/TheFallGuyMovie/status/1791528049894395939,#TheFallGuyMovie is EPIC. Experience the thrill this summer - only in theaters now. Get tickets: https://t.co/pEO1XDHCkl https://t.co/gPXXo7TVTc,15.0,41.0,223.0,10153.0,en,,,,,,,,,,,,
tweet-1789806663685615912,2026-03-06 19:33:50,推特,zawashitanoshuu,'1600267986,Shuu,原创,Sun May 12 23:55:36 +0000 2024,,,,,,,,,zawashitanoshuu,'1600267986,Shuu,Sun May 12 23:55:36 +0000 2024,'1789806663685615912,https://x.com/zawashitanoshuu/status/1789806663685615912,with the bgm Mother is first of all,0.0,0.0,0.0,39.0,en,,,,,,,,,,,,
tweet-1765987722530111578,2026-03-06 19:33:50,推特,zawashitanoshuu,'1600267986,Shuu,转帖,Fri Mar 08 06:27:38 +0000 2024,,,,,,,,,DB_official_en,'1312944525623451648,DRAGON BALL OFFICIAL,Fri Mar 08 03:00:00 +0000 2024,'1765935471971213816,https://x.com/DB_official_en/status/1765935471971213816,Information ; Dear Friends and Partnershttps://t.co/85dXseckzJ https://t.co/aHlx8CGA2M,26247.0,204977.0,669898.0,92279922.0,en,,,,,,,,,,,,
tweet-1739072436602310673,2026-03-06 19:33:50,推特,zawashitanoshuu,'1600267986,Shuu,原创,Sun Dec 24 23:55:53 +0000 2023,,,,,,,,,zawashitanoshuu,'1600267986,Shuu,Sun Dec 24 23:55:53 +0000 2023,'1739072436602310673,https://x.com/zawashitanoshuu/status/1739072436602310673,ho ho ho https://t.co/wplwhR7MzT,0.0,0.0,1.0,29.0,es,,,,,,,,,,,,
tweet-1723137776940654741,2026-03-06 19:33:50,推特,zawashitanoshuu,'1600267986,Shuu,原创,Sat Nov 11 00:37:15 +0000 2023,,,,,,,,,zawashitanoshuu,'1600267986,Shuu,Sat Nov 11 00:37:15 +0000 2023,'1723137776940654741,https://x.com/zawashitanoshuu/status/1723137776940654741,Loki and his friends are the best of the best.,0.0,0.0,1.0,32.0,en,,,,,,,,,,,,
tweet-1712984688967733474,2026-03-06 19:33:50,推特,zawashitanoshuu,'1600267986,Shuu,原创,Sat Oct 14 00:12:30 +0000 2023,,,,,,,,,zawashitanoshuu,'1600267986,Shuu,Sat Oct 14 00:12:30 +0000 2023,'1712984688967733474,https://x.com/zawashitanoshuu/status/1712984688967733474,"Marvel Snap is super fun to play, but it's a scam.",0.0,0.0,2.0,50.0,en,,,,,,,,,,,,
tweet-1703964513283059765,2026-03-06 19:33:50,推特,zawashitanoshuu,'1600267986,Shuu,原创,Tue Sep 19 02:49:32 +0000 2023,,,,,,,,,zawashitanoshuu,'1600267986,Shuu,Tue Sep 19 02:49:32 +0000 2023,'1703964513283059765,https://x.com/zawashitanoshuu/status/1703964513283059765,"This is the last hope for Marvel, if this sucks.....",0.0,0.0,0.0,41.0,en,,,,,,,,,,,,
tweet-1703964388666052933,2026-03-06 19:33:50,推特,zawashitanoshuu,'1600267986,Shuu,转帖,Tue Sep 19 02:49:03 +0000 2023,,,,,,,,,MarvelStudios,'750751206427860992,Marvel Studios,Mon Sep 18 15:00:02 +0000 2023,'1703785961434292302,https://x.com/MarvelStudios/status/1703785961434292302,"The amazing Loki is back.Marvel Studios’ #Loki Season 2, an Original series, is time slipping to a new date, streaming October 5 at 6PM PT, only on @DisneyPlus. (previously recorded) https://t.co/UpepwcTUS1",113.0,2195.0,11845.0,968582.0,en,,,,,,,,,,,,
tweet-1702637504086856035,2026-03-06 19:33:50,推特,zawashitanoshuu,'1600267986,Shuu,转帖,Fri Sep 15 10:56:29 +0000 2023,,,,,,,,,Atlus_West,'19544520,Official ATLUS West,Thu Sep 14 15:04:14 +0000 2023,'1702337464789262414,https://x.com/Atlus_West/status/1702337464789262414,"Liberate your kingdom and reclaim your destiny in Unicorn Overlord! 👑Traverse the vibrant world of Fevrith and cultivate a grand army with over 60 unique characters in this tactical fantasy RPG.The adventure begins on March 8, 2024. Wishlist on Nintendo Switch today! https://t.co/qokGBWaAXP",164.0,1336.0,5028.0,606913.0,en,,,,,,,,,,,,
tweet-1695057464394207242,2026-03-06 19:33:50,推特,zawashitanoshuu,'1600267986,Shuu,转帖,Fri Aug 25 12:56:06 +0000 2023,,,,,,,,,denfaminicogame,'2786677338,電ファミニコゲーマー,Thu Aug 24 03:15:02 +0000 2023,'1694548844028309506,https://x.com/denfaminicogame/status/1694548844028309506,＼電ファミ&amp;numanの夏休み超特大プレゼント祭り!／スクウェア・エニックスさまよりSQUARE ENIX MASTERLINE NieR:Automata 1/3スケール 2B（ヨルハ二号B型） DX版を1名様にプレゼント!@denfaminicogameと@SQEX_MD_GOODSをフォロー＆RTで応募完了プレゼント一覧▼https://t.co/mseVMHWeXv https://t.co/2ojfaSZt7j,225.0,16962.0,5844.0,1197979.0,ja,,,,,,,,,,,,
tweet-1687259604307349504,2026-03-06 19:33:50,推特,zawashitanoshuu,'1600267986,Shuu,原创,Fri Aug 04 00:30:12 +0000 2023,,,,,,,,,zawashitanoshuu,'1600267986,Shuu,Fri Aug 04 00:30:12 +0000 2023,'1687259604307349504,https://x.com/zawashitanoshuu/status/1687259604307349504,"Had a nice dream last night,. FFXV remake by Yoshida San, rewritten by Natsuko San. I was standing freezing outside in a store line, just can't wait to play the full potential of this game could be, then I suddenly realized, it's Summer, there's no way this cold...so I'm just..🥲",0.0,0.0,0.0,46.0,en,,,,,,,,,,,,
tweet-1685099440498147328,2026-03-06 19:33:50,推特,zawashitanoshuu,'1600267986,Shuu,原创,Sat Jul 29 01:26:28 +0000 2023,,,,,,,,,zawashitanoshuu,'1600267986,Shuu,Sat Jul 29 01:26:28 +0000 2023,'1685099440498147328,https://x.com/zawashitanoshuu/status/1685099440498147328,😍😍😍😍🥳🥳🥳🥳,0.0,0.0,0.0,31.0,art,,,,,,,,,,,,
tweet-1426818547217362947,2026-03-06 19:34:47,推特,TRIGUN66602994,'1424047910581198848,TRIGUN,原创,Sun Aug 15 08:10:25 +0000 2021,,,,,,,,,TRIGUN66602994,'1424047910581198848,TRIGUN,Sun Aug 15 08:10:25 +0000 2021,'1426818547217362947,https://x.com/TRIGUN66602994/status/1426818547217362947,https://t.co/2ekjLOqLMe,0.0,0.0,1.0,,zxx,,,,,,,,,,,,
tweet-2028370774835474675,2026-03-06 19:44:57,推特,amanlovefreedom,'742198676706058240,跨越未知的孤独X人,转帖,Mon Mar 02 07:24:12 +0000 2026,,,,,,,,,cccchuizi,'1545623727332659200,玩个锤子,Mon Mar 02 03:02:33 +0000 2026,'2028304925659398474,https://x.com/cccchuizi/status/2028304925659398474,【开工季福利来袭！！！】为了感谢大家对我们的支持，我们打算免费送一台 Mac Mini256GB + 2000刀PackyAPI额度，助力2026年VibeCoding 和养殖龙虾！一等奖：macmini 256GB 一台二等奖：Packyapi额度100 刀✖️10 人三等奖：Packyapi额度50 刀✖️20 人 https://t.co/OR7bQ64WRS,3599.0,3205.0,3866.0,237195.0,zh,,,,,,,,,,,,
tweet-2012541879842132060,2026-03-06 19:44:57,推特,amanlovefreedom,'742198676706058240,跨越未知的孤独X人,原创,Sat Jan 17 15:05:50 +0000 2026,,,,,,,,,amanlovefreedom,'742198676706058240,跨越未知的孤独X人,Sat Jan 17 15:05:50 +0000 2026,'2012541879842132060,https://x.com/amanlovefreedom/status/2012541879842132060,😂😂😂 https://t.co/9mHbn8AeO1,0.0,0.0,0.0,43.0,qme,,,,,,,,,,,,
tweet-1976190778159636483,2026-03-06 19:44:57,推特,amanlovefreedom,'742198676706058240,跨越未知的孤独X人,原创,Thu Oct 09 07:39:32 +0000 2025,,,,,,,,,amanlovefreedom,'742198676706058240,跨越未知的孤独X人,Thu Oct 09 07:39:32 +0000 2025,'1976190778159636483,https://x.com/amanlovefreedom/status/1976190778159636483,#ClaudeCode 这个工具不错，可以快速切换不同的模型。https://t.co/nV6ElqAQSM https://t.co/8vEZxkHO0r,0.0,1.0,0.0,338.0,zh,,,,,,,,,,,,
tweet-1974396586445918323,2026-03-06 19:44:57,推特,amanlovefreedom,'742198676706058240,跨越未知的孤独X人,原创,Sat Oct 04 08:50:03 +0000 2025,,,,,,,,,amanlovefreedom,'742198676706058240,跨越未知的孤独X人,Sat Oct 04 08:50:03 +0000 2025,'1974396586445918323,https://x.com/amanlovefreedom/status/1974396586445918323,我的iphone15更新了最新的系统26.0.1后发热很严重...🤡用小风扇给它降降温🤣 https://t.co/azYfzu8qkO,0.0,0.0,0.0,148.0,zh,,,,,,,,,,,,
tweet-1965281432970166600,2026-03-06 19:44:57,推特,amanlovefreedom,'742198676706058240,跨越未知的孤独X人,转帖,Tue Sep 09 05:09:41 +0000 2025,,,,,,,,,krzyzanowskim,'25336778,Marcin Krzyzanowski,Fri Sep 05 09:23:56 +0000 2025,'1963895864620916810,https://x.com/krzyzanowskim/status/1963895864620916810,"these Chinese AI are undervalued. I switched from Claude to https://t.co/tkkgRVX1Pr (using Claude Code CLI), and guess what, I noticed no difference in daily use. Except it's $3 instead $200there is world outside OpenAI and Anthropic, that is better than you may think. https://t.co/ofnPnYCa5k",328.0,725.0,11893.0,1271972.0,en,,,,,,,,,,,,
tweet-1963108236644470954,2026-03-06 19:44:57,推特,amanlovefreedom,'742198676706058240,跨越未知的孤独X人,转帖,Wed Sep 03 05:14:11 +0000 2025,,,,,,,,,gxjdian,'1907377820030173184,纯棉短裤,Tue Sep 02 05:40:14 +0000 2025,'1962752408192458791,https://x.com/gxjdian/status/1962752408192458791,免费嫖一年Google Gemini Pro开通教程，含支付开通工具重点：含学生证生成工具！！！截止日期：2025 年 10 月 6 日欢迎转发，收藏！ https://t.co/bEQRdN86Tr,28.0,408.0,1839.0,417693.0,zh,,,,,,,,,,,,
tweet-1963107151422935491,2026-03-06 19:44:57,推特,amanlovefreedom,'742198676706058240,跨越未知的孤独X人,原创,Wed Sep 03 05:09:52 +0000 2025,,,,,,,,,amanlovefreedom,'742198676706058240,跨越未知的孤独X人,Wed Sep 03 05:09:52 +0000 2025,'1963107151422935491,https://x.com/amanlovefreedom/status/1963107151422935491,#GoogleAIPro 花了RMB3 认证了学生资格，已成功订阅Google AI Pro https://t.co/2wWmID10Bn,0.0,0.0,0.0,350.0,zh,,,,,,,,,,,,
tweet-1956990952821993589,2026-03-06 19:44:57,推特,amanlovefreedom,'742198676706058240,跨越未知的孤独X人,原创,Sun Aug 17 08:06:16 +0000 2025,,,,,,,,,amanlovefreedom,'742198676706058240,跨越未知的孤独X人,Sun Aug 17 08:06:16 +0000 2025,'1956990952821993589,https://x.com/amanlovefreedom/status/1956990952821993589,#情感反诈模拟器 #互助留言板 #反诈分享想想都累😱 https://t.co/f4srMxDIxr,0.0,0.0,1.0,76.0,ja,,,,,,,,,,,,
tweet-1933416192913612906,2026-03-06 19:44:57,推特,amanlovefreedom,'742198676706058240,跨越未知的孤独X人,原创,Fri Jun 13 06:48:36 +0000 2025,,,,,,,,,amanlovefreedom,'742198676706058240,跨越未知的孤独X人,Fri Jun 13 06:48:36 +0000 2025,'1933416192913612906,https://x.com/amanlovefreedom/status/1933416192913612906,还记得你何时加入 X 吗？我知道！#我的X周年纪念日 https://t.co/cXveKuO5u5,0.0,0.0,2.0,94.0,zh,,,,,,,,,,,,
tweet-1915329707723395175,2026-03-06 19:44:57,推特,amanlovefreedom,'742198676706058240,跨越未知的孤独X人,原创,Thu Apr 24 08:59:22 +0000 2025,,,,,,,,,amanlovefreedom,'742198676706058240,跨越未知的孤独X人,Thu Apr 24 08:59:22 +0000 2025,'1915329707723395175,https://x.com/amanlovefreedom/status/1915329707723395175,#退税 国库处理中😍 https://t.co/l3OupLIBYF,0.0,0.0,0.0,102.0,zh,,,,,,,,,,,,
tweet-1912730232982995258,2026-03-06 19:44:57,推特,amanlovefreedom,'742198676706058240,跨越未知的孤独X人,原创,Thu Apr 17 04:49:59 +0000 2025,,,,,,,,,amanlovefreedom,'742198676706058240,跨越未知的孤独X人,Thu Apr 17 04:49:59 +0000 2025,'1912730232982995258,https://x.com/amanlovefreedom/status/1912730232982995258,她们，是法庭上明辨是非的正义使者，用专业和智慧守护着公平正义的最后一道防线；她们，是调解室里春风化雨的贴心人，用耐心和温情化解矛盾纠纷，传递司法温度；她们，是执行路上无畏前行的追梦人，用坚韧和执着兑现胜诉当事人的合法权益，维护法律尊严；是新时代的女法官！ https://t.co/C0y0lxPYZ9,0.0,0.0,0.0,104.0,zh,,,,,,,,,,,,
tweet-1909822409664033277,2026-03-06 19:44:57,推特,amanlovefreedom,'742198676706058240,跨越未知的孤独X人,原创,Wed Apr 09 04:15:19 +0000 2025,,,,,,,,,amanlovefreedom,'742198676706058240,跨越未知的孤独X人,Wed Apr 09 04:15:19 +0000 2025,'1909822409664033277,https://x.com/amanlovefreedom/status/1909822409664033277,x友们，我的网站第一单，开单了！！！🤡 https://t.co/lSbaA7aa4r,0.0,0.0,0.0,92.0,zh,,,,,,,,,,,,
tweet-1901921925313577443,2026-03-06 19:44:57,推特,amanlovefreedom,'742198676706058240,跨越未知的孤独X人,原创,Tue Mar 18 09:01:37 +0000 2025,,,,,,,,,amanlovefreedom,'742198676706058240,跨越未知的孤独X人,Tue Mar 18 09:01:37 +0000 2025,'1901921925313577443,https://x.com/amanlovefreedom/status/1901921925313577443,#Cursor claude-3.7-sonnet MAX https://t.co/WrcqdsdFNr,0.0,0.0,0.0,271.0,fr,,,,,,,,,,,,
tweet-1900389589652541671,2026-03-06 19:44:57,推特,amanlovefreedom,'742198676706058240,跨越未知的孤独X人,原创,Fri Mar 14 03:32:40 +0000 2025,,,,,,,,,amanlovefreedom,'742198676706058240,跨越未知的孤独X人,Fri Mar 14 03:32:40 +0000 2025,'1900389589652541671,https://x.com/amanlovefreedom/status/1900389589652541671,突然发现Android Studio的Logcat图标好有意思😃 https://t.co/T2Gpsodoa1,0.0,0.0,0.0,99.0,zh,,,,,,,,,,,,
tweet-1894215395504263437,2026-03-06 19:44:57,推特,amanlovefreedom,'742198676706058240,跨越未知的孤独X人,原创,Tue Feb 25 02:38:37 +0000 2025,,,,,,,,,amanlovefreedom,'742198676706058240,跨越未知的孤独X人,Tue Feb 25 02:38:37 +0000 2025,'1894215395504263437,https://x.com/amanlovefreedom/status/1894215395504263437,#CLAUDE37 Claude 3.7 Sonnet！！！🥳 一直很喜欢用Claude。 https://t.co/J4Fi14ijJB,0.0,0.0,0.0,104.0,zh,,,,,,,,,,,,
tweet-1891737556296884682,2026-03-06 19:44:57,推特,amanlovefreedom,'742198676706058240,跨越未知的孤独X人,原创,Tue Feb 18 06:32:34 +0000 2025,,,,,,,,,amanlovefreedom,'742198676706058240,跨越未知的孤独X人,Tue Feb 18 06:32:34 +0000 2025,'1891737556296884682,https://x.com/amanlovefreedom/status/1891737556296884682,#Cursor 这个脚本可以的，续杯上了！🤡https://t.co/F5ZQUczqNC https://t.co/DKVQSDbGgD,0.0,0.0,0.0,362.0,zh,,,,,,,,,,,,
tweet-1890315921731756504,2026-03-06 19:44:57,推特,amanlovefreedom,'742198676706058240,跨越未知的孤独X人,原创,Fri Feb 14 08:23:30 +0000 2025,,,,,,,,,amanlovefreedom,'742198676706058240,跨越未知的孤独X人,Fri Feb 14 08:23:30 +0000 2025,'1890315921731756504,https://x.com/amanlovefreedom/status/1890315921731756504,https://t.co/00OyM4tZMd好看的图片！！！🥳,0.0,0.0,0.0,90.0,zh,,,,,,,,,,,,
tweet-1889508493436338300,2026-03-06 19:44:57,推特,amanlovefreedom,'742198676706058240,跨越未知的孤独X人,原创,Wed Feb 12 02:55:04 +0000 2025,,,,,,,,,amanlovefreedom,'742198676706058240,跨越未知的孤独X人,Wed Feb 12 02:55:04 +0000 2025,'1889508493436338300,https://x.com/amanlovefreedom/status/1889508493436338300,#openwrt 之前安装iStoreOS系统后再安装翻墙软件后，重启系统就会挂掉。现在安装eSir的定制openwrt系统，终于搞定了。但是这个eSir没有迅雷下载这个软件，需要手动安装。 https://t.co/h0dlLXE6Ls,0.0,0.0,0.0,402.0,zh,,,,,,,,,,,,
tweet-1883492160210976897,2026-03-06 19:44:57,推特,amanlovefreedom,'742198676706058240,跨越未知的孤独X人,原创,Sun Jan 26 12:28:19 +0000 2025,,,,,,,,,amanlovefreedom,'742198676706058240,跨越未知的孤独X人,Sun Jan 26 12:28:19 +0000 2025,'1883492160210976897,https://x.com/amanlovefreedom/status/1883492160210976897,https://t.co/DlN7plk3TM,0.0,0.0,0.0,71.0,zxx,,,,,,,,,,,,
tweet-1876107357383729202,2026-03-06 19:44:57,推特,amanlovefreedom,'742198676706058240,跨越未知的孤独X人,原创,Mon Jan 06 03:23:45 +0000 2025,,,,,,,,,amanlovefreedom,'742198676706058240,跨越未知的孤独X人,Mon Jan 06 03:23:45 +0000 2025,'1876107357383729202,https://x.com/amanlovefreedom/status/1876107357383729202,#ChatGPT 每100人民币= 458.76澳大利亚币 🤡 https://t.co/itFSHaFJjd,0.0,0.0,0.0,128.0,zh,,,,,,,,,,,,
tweet-2029433551163138347,2026-03-06 19:45:58,推特,tuanbababa,'1468102140920954882,岑子詺,转帖,Thu Mar 05 05:47:18 +0000 2026,,,,,,,,,lu202621,'2024917045318692864,璟昂（广州🇨🇳）大号被封,Thu Feb 26 12:12:39 +0000 2026,'2026993812615172595,https://x.com/lu202621/status/2026993812615172595,淫叫放声浪叫到扰民被抓着细腰猛烈后入 https://t.co/bVsppzrZNi,6.0,274.0,2463.0,110222.0,zh,,,,,,,,,,,,
tweet-2029430247184117803,2026-03-06 19:45:58,推特,tuanbababa,'1468102140920954882,岑子詺,转帖,Thu Mar 05 05:34:10 +0000 2026,,,,,,,,,180s180,'2952085957,腹黑小可爱(找BF),Tue Mar 03 16:09:53 +0000 2026,'2028865454442488303,https://x.com/180s180/status/2028865454442488303,超粗大屌打桩粉嫩无毛菊，夹着鸡巴收缩一动一动，操开了射在逼上再把精液插回去https://t.co/9abLIDjUoi,0.0,238.0,1237.0,32900.0,zh,,,,,,,,,,,,
tweet-2029355679723421706,2026-03-06 19:45:58,推特,tuanbababa,'1468102140920954882,岑子詺,转帖,Thu Mar 05 00:37:52 +0000 2026,,,,,,,,,quebulide,'1225095769167843328,却不里的,Wed Mar 04 18:36:37 +0000 2026,'2029264770592080082,https://x.com/quebulide/status/2029264770592080082,😍卧槽，太他妈太牛逼啦！飞机喷射，撸玩嫩屌秀骚穴！ 耐操，会发骚😍https://t.co/OBxCPLfT0v,1.0,831.0,1934.0,45486.0,zh,,,,,,,,,,,,
tweet-2029355519513690347,2026-03-06 19:45:58,推特,tuanbababa,'1468102140920954882,岑子詺,转帖,Thu Mar 05 00:37:14 +0000 2026,,,,,,,,,qiyizhongzi,'1214969687777267712,Qiyizhongzi 🍑,Sun Jan 18 02:00:00 +0000 2026,'2012706507033559509,https://x.com/qiyizhongzi/status/2012706507033559509,"🕷️🍆💦🍑💦@qiyizhongzi🍑(Full Video + Picture 完整版影片+高清照片)https://t.co/AYeHB5G1si🍑(4k quality ,All kinds of payment are available)https://t.co/VBjL63cNxp🍑(支付宝，银联，信用卡付费订阅)https://t.co/RIqoxiEMQH https://t.co/BCxD3WXKKm",55.0,3966.0,24095.0,744084.0,zh,,,,,,,,,,,,
tweet-2029355343424245898,2026-03-06 19:45:58,推特,tuanbababa,'1468102140920954882,岑子詺,转帖,Thu Mar 05 00:36:32 +0000 2026,,,,,,,,,Baobeinaiibai,'1011639762514477056,奶白迅猛龙,Wed Mar 04 12:31:00 +0000 2026,'2029172759688036611,https://x.com/Baobeinaiibai/status/2029172759688036611,wataa🐶又被哥哥用肉棒进行全身精油按摩了，还用肉棒磨我的小穴，哥哥好坏看我被按爽了发春了就插进来了还内射了🥵🥵 https://t.co/C4eamEJfAF,1.0,1524.0,13293.0,385789.0,zh,,,,,,,,,,,,
tweet-2028121089172472105,2026-03-06 19:45:58,推特,tuanbababa,'1468102140920954882,岑子詺,转帖,Sun Mar 01 14:52:02 +0000 2026,,,,,,,,,Hellosnoopy888,'1884409990330605569,笨笨(互推私),Sat Feb 28 06:52:50 +0000 2026,'2027638104098803876,https://x.com/Hellosnoopy888/status/2027638104098803876,双胞胎两兄弟竟然还有一个亲弟弟，名字叫雷佳旺。他们雷家的基因真的是太强大了，雷佳旺和他俩长得不一样，但是鸡巴继承了雷家的优良基因，又大又长又粗。我请他们吃饭，他们把弟弟也带上一起，这顿饭花了我好几百，但是花得值！雷佳旺长得很帅，又嫩又阳光，真的太优质了，我的逼被这三兄弟折磨够了🫨 https://t.co/6NHVTYGCoC,0.0,1022.0,6437.0,251359.0,zh,,,,,,,,,,,,
tweet-2028120823731507202,2026-03-06 19:45:58,推特,tuanbababa,'1468102140920954882,岑子詺,转帖,Sun Mar 01 14:50:59 +0000 2026,,,,,,,,,fanglangnantu,'1558674751308337153,NANTU @上海,Sat Feb 28 06:57:19 +0000 2026,'2027639232068784598,https://x.com/fanglangnantu/status/2027639232068784598,Muscle🆚Muscle 肌肉对抗🔥加长完整版 https://t.co/PtoePDk1u3,378.0,9212.0,57983.0,1447820.0,ja,,,,,,,,,,,,
tweet-2027545638888673497,2026-03-06 19:45:58,推特,tuanbababa,'1468102140920954882,岑子詺,转帖,Sat Feb 28 00:45:24 +0000 2026,,,,,,,,,shinohatoanna,'889835550026289152,眠さん,Fri Feb 27 11:07:58 +0000 2026,'2027339923603530046,https://x.com/shinohatoanna/status/2027339923603530046,奶叔体正，样样精通🔥 🔥 🔥 纯绿色看片地址资源非常丰富❤ https://t.co/NwBaUdaCfR,1.0,964.0,4263.0,105240.0,zh,,,,,,,,,,,,
tweet-2027545497641300300,2026-03-06 19:45:58,推特,tuanbababa,'1468102140920954882,岑子詺,转帖,Sat Feb 28 00:44:51 +0000 2026,,,,,,,,,1ojqnk35516,'2000672934994829313,猛攻小王子,Tue Feb 24 14:31:18 +0000 2026,'2026303931740307540,https://x.com/1ojqnk35516/status/2026303931740307540,06巨根天菜小奶狗三人行 酒店激情做爱 【奶弟挖掘 2 - 3】 https://t.co/g4ujZJwvBN,12.0,2178.0,6509.0,122372.0,ja,,,,,,,,,,,,
tweet-2024417433659068615,2026-03-06 19:45:58,推特,tuanbababa,'1468102140920954882,岑子詺,转帖,Thu Feb 19 09:35:02 +0000 2026,,,,,,,,,dylhho,'1965928173075574785,李憨憨哦～（视频购买看简介）（互推）,Tue Feb 17 06:28:58 +0000 2026,'2023645831161929968,https://x.com/dylhho/status/2023645831161929968,抖音李憨憨被榜一大哥拿下中途被摘t内设，露脸完整版在电报新年第一炮，让我看看你们的大年粗1️⃣视频购买：微信：dylihanhan4电报订阅链接：https://t.co/1AxqGMaKOWQQ：3777599694或3991057343 https://t.co/GgOQLSPOzj,38.0,1119.0,11548.0,1207327.0,zh,,,,,,,,,,,,
tweet-2023650412528889868,2026-03-06 19:45:58,推特,tuanbababa,'1468102140920954882,岑子詺,转帖,Tue Feb 17 06:47:10 +0000 2026,,,,,,,,,dongmian23,'1914141565569634304,冬眠的小粉丝,Sun Feb 15 13:00:28 +0000 2026,'2023019582399914391,https://x.com/dongmian23/status/2023019582399914391,爆操老家坚持带套的学生。我说好的我戴，进门吃了一会儿鸡巴再加被我扇了一耳光就开始无脑发骚了，做完了套都没拿出来，操的一菊花的血🍆： @kenny2074 https://t.co/NqkUOwc0l7,27.0,549.0,4734.0,183020.0,zh,,,,,,,,,,,,
tweet-2023358097738142023,2026-03-06 19:45:58,推特,tuanbababa,'1468102140920954882,岑子詺,转帖,Mon Feb 16 11:25:37 +0000 2026,,,,,,,,,ppa0605,'1962816957419544576,阿梓同学,Sun Feb 15 16:32:35 +0000 2026,'2023072962753233320,https://x.com/ppa0605/status/2023072962753233320,047：大屌帅哥勾引送性用品上门的快递小哥，再被大屌无套猛操内射Hung Stud Seduces Delivery Boy with Sex Toys – Raw Fucked &amp; Bred Deep🍑 @az040605 @ppa0605 🍆 @CS_xiaok0717支付宝银联订阅⬇️Full video and more videos⬇️https://t.co/dNMW9jJDE7 https://t.co/RhNztnPAeD,6.0,186.0,1300.0,61009.0,zh,,,,,,,,,,,,
tweet-2022618655570219374,2026-03-06 19:45:58,推特,tuanbababa,'1468102140920954882,岑子詺,转帖,Sat Feb 14 10:27:20 +0000 2026,,,,,,,,,reals6677,'1862312720,ぼん,Fri Feb 06 16:12:45 +0000 2026,'2019806480393015592,https://x.com/reals6677/status/2019806480393015592,下面展示视频为系列多个片段，喜欢白袜/精瘦/薄肌不要错过！薄肌zhouzhou/小白系列37个高质量视频，仅需55！质量高，接受不了价格的勿扰需要的直接加主页置顶视频不单卖，不议价！ https://t.co/G9mn67vqY8,12.0,1467.0,7240.0,176735.0,zh,,,,,,,,,,,,
tweet-2022513220196667774,2026-03-06 19:45:58,推特,tuanbababa,'1468102140920954882,岑子詺,转帖,Sat Feb 14 03:28:22 +0000 2026,,,,,,,,,public_65,'1918983923193069568,贵州吴彦祖,Thu Feb 12 15:09:20 +0000 2026,'2021964845105692685,https://x.com/public_65/status/2021964845105692685,“保護隱私，也保護你想愛的心”· 頭條永久免費睇：https://t.co/4cryFi0XdC ·不撸D：https://t.co/PXASy4niKx「🌏全国巡鸟」· GV影視：https://t.co/ZaW6HIXBb2最完整最齊嘅GV· 搜同：https://t.co/8EopCH6xE9亞洲最大社區· G漫:https://t.co/IvSb6faYBr（热门番剧）https://t.co/iKxutYZ7kB,0.0,85.0,150.0,8252.0,zh,,,,,,,,,,,,
tweet-2022484429810303060,2026-03-06 19:45:58,推特,tuanbababa,'1468102140920954882,岑子詺,转帖,Sat Feb 14 01:33:58 +0000 2026,,,,,,,,,120602Tomo,'2224154676,止于秋水,Tue Feb 10 05:53:25 +0000 2026,'2021100171866800249,https://x.com/120602Tomo/status/2021100171866800249,苏十七一个在南京上学的19岁小男孩谈的还有男朋友专门从南京来合肥找我破处他说这样很刺激他是刺激了他男朋友知道要气死了从面积聊天开房脱衣服吃鸡巴灌肠一镜到底中途偷偷摘套后面又带上拿着他手把套摘了操的他嗷嗷叫求我内射https://t.co/jnibrBO824,0.0,1684.0,10547.0,563471.0,zh,,,,,,,,,,,,
tweet-2022478667184771423,2026-03-06 19:45:58,推特,tuanbababa,'1468102140920954882,岑子詺,转帖,Sat Feb 14 01:11:04 +0000 2026,,,,,,,,,randyangelp,'214210483,randy angel,Thu Feb 12 08:48:56 +0000 2026,'2021869114688786750,https://x.com/randyangelp/status/2021869114688786750,顾尧全套86部原版打包65包更，含新品含多部绝版，收藏很全的一套。类型同一个黑皮体育生，大鵰铁蛋有声有射，叫声很man，单部时长十几分钟 https://t.co/nVQ8n9xOlP,4.0,168.0,1010.0,69574.0,zh,,,,,,,,,,,,
tweet-1966306669383790887,2026-03-06 19:47:19,推特,fssanxin23355,'1795656858935697409,Fssanxin Vinnie,原创,Fri Sep 12 01:03:36 +0000 2025,,,,,,,,,fssanxin23355,'1795656858935697409,Fssanxin Vinnie,Fri Sep 12 01:03:36 +0000 2025,'1966306669383790887,https://x.com/fssanxin23355/status/1966306669383790887,26 head 1200 speed embroidery machine with dual devices. Escort customers' business https://t.co/UI43s53xNA,0.0,0.0,0.0,36.0,en,,,,,,,,,,,,
tweet-1957736126631821814,2026-03-06 19:47:19,推特,fssanxin23355,'1795656858935697409,Fssanxin Vinnie,原创,Tue Aug 19 09:27:20 +0000 2025,,,,,,,,,fssanxin23355,'1795656858935697409,Fssanxin Vinnie,Tue Aug 19 09:27:20 +0000 2025,'1957736126631821814,https://x.com/fssanxin23355/status/1957736126631821814,26 head dual device machine with a maximum speed of 1200. Escort customers' business https://t.co/fyw2Mv24QP,0.0,0.0,0.0,42.0,en,,,,,,,,,,,,
tweet-1989203423011725399,2026-03-06 19:47:51,推特,creamypodo,'1237393652,🍅mat,原创,Fri Nov 14 05:27:08 +0000 2025,,,,,,,,,creamypodo,'1237393652,🍅mat,Fri Nov 14 05:27:08 +0000 2025,'1989203423011725399,https://x.com/creamypodo/status/1989203423011725399,ルミナス 五人ver.🌞😺🎀🦋🌼https://t.co/SS6U39v22v「コネクト」ではできなかったパート分りが今回実現しました！！「アリスのパートは四人で歌う」特にA2の「きっと」の合唱が好き💚💙🩵合唱はサビにもありますので楽しんでください。ジャケットは昔のBKを使って作られました。#ClariS https://t.co/ndp25KWU8B,1.0,0.0,2.0,356.0,ja,,,,,,,,,,,,
tweet-2029766142684746033,2026-03-06 19:47:51,推特,creamypodo,'1237393652,🍅mat,转帖,Fri Mar 06 03:48:54 +0000 2026,,,,,,,,,realsoundjp,'1501970341,Real Sound（リアルサウンド）,Thu Mar 05 10:00:03 +0000 2026,'2029497157959700831,https://x.com/realsoundjp/status/2029497157959700831,︶︶⊹︶ 夜々 インタビュー ︶⊹︶︶🔗https://t.co/xVbihlk6lC「もう愛せない自分は捨てよう」――新しい“夜々”の解放、アルバム『0:00』と12の物語／📸撮り下ろし写真はこちらhttps://t.co/k3QxO2jOXg＼#夜々 #夜々_000 @__imyoyo__,0.0,7.0,19.0,6281.0,ja,,,,,,,,,,,,
tweet-2029551509948518736,2026-03-06 19:47:51,推特,creamypodo,'1237393652,🍅mat,转帖,Thu Mar 05 13:36:01 +0000 2026,,,,,,,,,realsoundjp,'1501970341,Real Sound（リアルサウンド）,Thu Mar 05 10:00:21 +0000 2026,'2029497233578877256,https://x.com/realsoundjp/status/2029497233578877256,【インタビュー】夜々「もう愛せない自分は捨てよう」　新しい“夜々”の解放、アルバム『0:00』と12の物語https://t.co/S0zpj1wjcJ#夜々 https://t.co/S0zpj1wjcJ,0.0,6.0,19.0,7249.0,ja,,,,,,,,,,,,
tweet-2029015310490026277,2026-03-06 19:47:51,推特,creamypodo,'1237393652,🍅mat,转帖,Wed Mar 04 02:05:21 +0000 2026,,,,,,,,,YESfm781,'120719930,YES-fm イエスエフエム,Mon Mar 02 13:44:47 +0000 2026,'2028466550739812437,https://x.com/YESfm781/status/2028466550739812437,【YES-fm 3月の #リコメンナンバ】   今月は、シンガーソングライター「#夜々」をピックアップ！ 3/4にリリースするalbum『0:00』より「#Ray」をオンエア！   詳細はこちらHP: https://t.co/3T5VNTKVbM#YESfm #パワープレイ https://t.co/oFENrGeAAu,0.0,3.0,12.0,1829.0,ja,,,,,,,,,,,,
tweet-2029014401546678747,2026-03-06 19:47:51,推特,creamypodo,'1237393652,🍅mat,转帖,Wed Mar 04 02:01:45 +0000 2026,,,,,,,,,__imyoyo__,'1839219306544115715,夜々 / yoyo,Tue Mar 03 15:00:03 +0000 2026,'2028847882116518202,https://x.com/__imyoyo__/status/2028847882116518202,2026年 3月4日 水曜日時刻は0:00をまわりました。夜々 1st Album ''0:00''ついにリリースしました。想いを込めて紡いだ、12曲の物語。あなたに受け取ってもらえたら、うれしいです。聴いてくれたらぜひ、#夜々_000 で感想聞かせてね。ちゃんと全部、読みにいきます💌 https://t.co/VJ6WaAGehv,5.0,28.0,121.0,9281.0,ja,,,,,,,,,,,,
tweet-2028063875971641726,2026-03-06 19:47:51,推特,creamypodo,'1237393652,🍅mat,原创,Sun Mar 01 11:04:42 +0000 2026,,,,,,,,,creamypodo,'1237393652,🍅mat,Sun Mar 01 11:04:42 +0000 2026,'2028063875971641726,https://x.com/creamypodo/status/2028063875971641726,タカラモノ、とても明るくて以前のClariS雰囲気とはまったく違って、なんか10年前にwhiteeeenの曲を聞いたような気がする,0.0,0.0,0.0,49.0,ja,,,,,,,,,,,,
tweet-2027979256077209884,2026-03-06 19:47:51,推特,creamypodo,'1237393652,🍅mat,转帖,Sun Mar 01 05:28:27 +0000 2026,,,,,,,,,ClariS_Staff,'185600255,ClariS☆スタッフ,Sat Feb 28 15:10:43 +0000 2026,'2027763399896301950,https://x.com/ClariS_Staff/status/2027763399896301950,"⋱  #タカラモノ 配信スタート💎 ⋰またひとつ私たちの「タカラモノ」が増えました💎明るくポップでつい笑顔になっちゃう1曲🌼""ありふれた言葉だけど 出会えてよかったよ""って、皆さんにもエリーとアンナにも伝えたくなるような心温まる歌詞がだいすき🤍🩵🧡 https://t.co/kl0yNXR4Fm",11.0,204.0,712.0,48235.0,ja,,,,,,,,,,,,
tweet-2027660599178445123,2026-03-06 19:47:51,推特,creamypodo,'1237393652,🍅mat,转帖,Sat Feb 28 08:22:13 +0000 2026,,,,,,,,,ClariS_Staff,'185600255,ClariS☆スタッフ,Fri Feb 27 06:33:29 +0000 2026,'2027270846851739894,https://x.com/ClariS_Staff/status/2027270846851739894,⋱ ✨配信リリース情報✨  ⋰パチンコ・パチスロ「リコリス・リコイル」搭載曲❤️‍🔥#ClariS 新曲「#タカラモノ」が3/1(日)0時より配信スタート🎶お楽しみに！#リコリコ https://t.co/z2fXw3BBA7,9.0,197.0,609.0,44393.0,ja,,,,,,,,,,,,
tweet-2026138850330837237,2026-03-06 19:47:51,推特,creamypodo,'1237393652,🍅mat,转帖,Tue Feb 24 03:35:20 +0000 2026,,,,,,,,,RBW_MAMAMOO,'2295631308,마마무(MAMAMOO),Mon Feb 23 04:00:00 +0000 2026,'2025782671624786044,https://x.com/RBW_MAMAMOO/status/2025782671624786044,[#솔라]Solar x ❔[總有一顆屬於你的星球 (Your Own Star)]◽ Coming Up Poster ◽2026.03.09 6PM (KST) RELEASE✔2026.03.09 5PM (GMT+8) RELEASE✔#MAMAMOO #Solar#總有一顆屬於你的星球 #Your_Own_Star https://t.co/P20KuJPIer,17.0,1064.0,3702.0,208247.0,zh,,,,,,,,,,,,
tweet-2021176489358578169,2026-03-06 19:47:51,推特,creamypodo,'1237393652,🍅mat,转帖,Tue Feb 10 10:56:41 +0000 2026,,,,,,,,,__imyoyo__,'1839219306544115715,夜々 / yoyo,Tue Feb 10 08:00:01 +0000 2026,'2021132031896510948,https://x.com/__imyoyo__/status/2021132031896510948,"2026.2.18 (Wed) Release6th Digital Single ""Nonsense""Produced &amp; Mixed by Night TempoLyric: Nanako AshidaMusic: yoyo, Night TempoArrangement: Night TempoVocal Direction: Night TempoArt work: Engawa https://t.co/eiapmb0yu6",0.0,12.0,69.0,4012.0,en,,,,,,,,,,,,
tweet-2017956235740364849,2026-03-06 19:47:51,推特,creamypodo,'1237393652,🍅mat,转帖,Sun Feb 01 13:40:33 +0000 2026,,,,,,,,,ClariS_Staff,'185600255,ClariS☆スタッフ,Sun Feb 01 13:30:25 +0000 2026,'2017953686883119526,https://x.com/ClariS_Staff/status/2017953686883119526,"皆さんお待たせしました🥹🤍ClariS第３章の始まりの歌「Trigger」がまもなく配信となります🎧💫私たちにたくさんの進む""きっかけ""をくれた曲が、皆さんの元に届くこと本当に嬉しいです🔫💎この「Trigger」という楽曲が今度は皆さんの心の引き金を引くきっかけとなりますように…💫 https://t.co/c4bjLOcqTz",27.0,308.0,1224.0,65607.0,ja,,,,,,,,,,,,
tweet-2017947152819929344,2026-03-06 19:47:51,推特,creamypodo,'1237393652,🍅mat,转帖,Sun Feb 01 13:04:27 +0000 2026,,,,,,,,,ClariS_Staff,'185600255,ClariS☆スタッフ,Sun Feb 01 13:03:54 +0000 2026,'2017947013913121232,https://x.com/ClariS_Staff/status/2017947013913121232,#リスアニ！LIVE 2026ありがとうございました🪩💫ClariS第３章のスタートから1年🪽この1年の色々な出来事が思い出されるような、3人の想いがとても詰まった時間になりました🧡🩷🩵皆さんにも届いていたら嬉しいです💌また戻ってこれるように頑張ります🥰🪞 #ClariS 🌼🎀🦋 https://t.co/dJQHRTlJkO,31.0,274.0,1103.0,50405.0,ja,,,,,,,,,,,,
tweet-2017946447274979589,2026-03-06 19:47:51,推特,creamypodo,'1237393652,🍅mat,转帖,Sun Feb 01 13:01:39 +0000 2026,,,,,,,,,dam_anison,'1918628036,DAMアニメ部,Sun Feb 01 12:20:28 +0000 2026,'2017936085662499199,https://x.com/dam_anison/status/2017936085662499199,／Wフォロー＆リポストで当たる🎁#リスアニ！LIVE 2026＼ #ClariS（@ClariS_Staff）のサイン入りパンフレットを抽選で1名様にプレゼント✨ ◆応募方法①@Lis_Ani と @dam_anison をフォロー②この投稿をリポスト ◆応募締切2月4日 23:59 https://t.co/4LqxEOBgSq,35.0,2871.0,1578.0,77491.0,ja,,,,,,,,,,,,
tweet-2017893090871197981,2026-03-06 19:47:51,推特,creamypodo,'1237393652,🍅mat,转帖,Sun Feb 01 09:29:38 +0000 2026,,,,,,,,,__uninosushi__,'1587351840256974850,ᴜɴɪ.,Mon Dec 15 03:50:19 +0000 2025,'2000413082452123996,https://x.com/__uninosushi__/status/2000413082452123996,⠀૮(᪲ฅ◞݄ ˕ ݄◟ฅ)᪲ა　　𐔌 ᥩྀི.  ˔ ،  ꒱　　૮꒰ ੈ  ⑅◞ ˕◟꒱ა₍ᐢ× ༝ ×ᐢ₎　　₍ ᐢ•⤙• ᐢ₎　　໒꒰ྀི⸝⸝-   -⸝⸝꒱ྀི১૮꒰`⎚⩊⎚´ ྀི꒱ა　　૮꒰ྀི˶ᵔ ᗜ ᵔ˶꒱ྀིა　　૮₍ ℹ︎꒳ℹ︎₎ა૮₍๑•ˑก₎ა　　૮₍｡´ᴖ ˔ ᴖ`｡₎ა　　₍ᐡ｡っ ̫-｡ᐡ₎⠀,0.0,311.0,2673.0,200443.0,und,,,,,,,,,,,,
tweet-2017892284998513058,2026-03-06 19:47:51,推特,creamypodo,'1237393652,🍅mat,转帖,Sun Feb 01 09:26:26 +0000 2026,,,,,,,,,__uninosushi__,'1587351840256974850,ᴜɴɪ.,Thu Jan 15 05:32:03 +0000 2026,'2011672708883628060,https://x.com/__uninosushi__/status/2011672708883628060,⠀ฅ^. ˬ .^ฅⳊ　　( ^ฅ&gt;\\\\\&lt;ฅ^)　　₍^.  ̫.^₎ฅ⋆⭒˚｡⋆ฅ(＾・ω・＾ฅ)　　ฅ^&gt; ᴗ &lt;^₎　　ฅ(͡°ᴥ͡°)ฅฅ₍ᓀ‸ᓂマ ੭♪　　ฅ^ ◞ ﻌ ◟ ^ฅ　　ⓛⰙⓛฅฅ(=චᆽච=ฅ)　　ฅ^•ꈊ•^ฅو　　ฅ^ &gt;ꞈ &lt; ^ฅ ࿔⠀,0.0,200.0,1971.0,,th,,,,,,,,,,,,
tweet-2017892087379734651,2026-03-06 19:47:51,推特,creamypodo,'1237393652,🍅mat,转帖,Sun Feb 01 09:25:38 +0000 2026,,,,,,,,,__uninosushi__,'1587351840256974850,ᴜɴɪ.,Sun Jan 18 02:08:40 +0000 2026,'2012708687874576646,https://x.com/__uninosushi__/status/2012708687874576646,⠀↻(𓄼 .̀  ̮.́)Ψ　　(⃔ .  ̫ .  )⃕↝　　ᝯ◂ ࠫ‘֊‘ ࠫ▾ಎ➹ ♡(⃔ ^-^   )⃕↝　　ψ(⃔ ･-･×)⃕↝　　⇇(:3冫∠)↝(⃔ ･-･´˟ )⃕↝　　(⃔ ꒪꒳꒪̟ )⃕　　ψ(*`ｰ´)ψ𓆩(⃔ ꒪-꒪̟  )⃕𓆪↝　　↜(⃔っ •̤ ༝ •̤ c)⃕　　↜૮₍ ՞. ̫.՞₎ა⠀,0.0,547.0,4494.0,233549.0,und,,,,,,,,,,,,
tweet-2017892036142117273,2026-03-06 19:47:51,推特,creamypodo,'1237393652,🍅mat,转帖,Sun Feb 01 09:25:26 +0000 2026,,,,,,,,,__uninosushi__,'1587351840256974850,ᴜɴɪ.,Thu Jan 22 07:59:04 +0000 2026,'2014246421114020036,https://x.com/__uninosushi__/status/2014246421114020036,⠀ﾉ͜ ̑₍ ̥₀̴̶̷ ‍ ̫ ₀̴̶̷ ̥₎ ̑͜\  o⸍꜆𖠚꜀⸌𝘰⠀,0.0,217.0,2297.0,,und,,,,,,,,,,,,
tweet-2015310841130913845,2026-03-06 19:47:51,推特,creamypodo,'1237393652,🍅mat,转帖,Sun Jan 25 06:28:41 +0000 2026,,,,,,,,,ClariS_Staff,'185600255,ClariS☆スタッフ,Sun Jan 25 05:57:44 +0000 2026,'2015303052635632092,https://x.com/ClariS_Staff/status/2015303052635632092,⋱🌼🎀🦋 #ClariS第３章1周年 🎂🔫🤍⋰エリーとアンナが加入して1年が経ちました🩵🧡1周年おめでとう🎂そして、ClariSになってくれてありがとう🩷3人で歩む新しい道はとっても楽しくて、自分も知らなかった自分を知ることが出来て、まだまだ頑張りたいと思える素敵な時間です💎 https://t.co/UJbxZUYyaY,39.0,356.0,1691.0,95839.0,ja,,,,,,,,,,,,
tweet-2012037361908269226,2026-03-06 19:47:51,推特,creamypodo,'1237393652,🍅mat,转帖,Fri Jan 16 05:41:03 +0000 2026,,,,,,,,,musichouse_ABC,'1650776245809078274,ABCテレビ「Music House」（毎週日曜深夜1時35分〜O.A）Tver見逃し配信中,Thu Jan 15 08:43:59 +0000 2026,'2011721012023603544,https://x.com/musichouse_ABC/status/2011721012023603544,1月18日(日)25:35放送🌻🕊️ラインナップ🎀🦋オープニング #otsumami feat.mikan コメントインタビュー #ClariSMV紹介#THEJETBOYBANGERZ#Sakurashimeji コメント　ミニコーナー&amp;エンディング #NeoAster👧📺＜第3章の活動が本格的にスタートしたClariSが3人揃って登場です🍀 https://t.co/fmL6nRW3H1,1.0,61.0,268.0,21896.0,ja,,,,,,,,,,,,
tweet-2012036564977950999,2026-03-06 19:47:51,推特,creamypodo,'1237393652,🍅mat,转帖,Fri Jan 16 05:37:53 +0000 2026,,,,,,,,,__imyoyo__,'1839219306544115715,夜々 / yoyo,Thu Jan 15 13:00:03 +0000 2026,'2011785451284414917,https://x.com/__imyoyo__/status/2011785451284414917,本日メジャーデビュー１周年を迎えました夜々に出会ってくれた皆さまに感謝の気持ちでいっぱいですいつも本当にありがとうございます♡そして本日から、夜々の音楽を聴いてくださる皆さまをyoyoner (ﾖﾖﾅｰ)と呼ばせていただきます🗣️𓍯2年目もよろしくお願いします🦭だいすきなyoyoner！♡ https://t.co/RabmW50LsV,12.0,17.0,105.0,4246.0,ja,,,,,,,,,,,,
tweet-2011675172546257218,2026-03-06 19:47:51,推特,creamypodo,'1237393652,🍅mat,原创,Thu Jan 15 05:41:50 +0000 2026,,,,,,,,,creamypodo,'1237393652,🍅mat,Thu Jan 15 05:41:50 +0000 2026,'2011675172546257218,https://x.com/creamypodo/status/2011675172546257218,夜々メジャーデビュー1周年おめでとう🖤 https://t.co/7nHo6BnMQD,0.0,0.0,1.0,37.0,ja,,,,,,,,,,,,
tweet-1523719008956325890,2026-03-06 19:58:22,推特,GiacomoYu,'533077665,GiacomoYu,原创,Mon May 09 17:38:15 +0000 2022,,,,,,,,,GiacomoYu,'533077665,GiacomoYu,Mon May 09 17:38:15 +0000 2022,'1523719008956325890,https://x.com/GiacomoYu/status/1523719008956325890,喺意大利睇意语版《奇异博士2》，中间居然听到有两句粤语台词……,0.0,0.0,0.0,,zh,,,,,,,,,,,,
tweet-1491568502192451587,2026-03-06 19:58:22,推特,GiacomoYu,'533077665,GiacomoYu,原创,Thu Feb 10 00:23:37 +0000 2022,,,,,,,,,GiacomoYu,'533077665,GiacomoYu,Thu Feb 10 00:23:37 +0000 2022,'1491568502192451587,https://x.com/GiacomoYu/status/1491568502192451587,好彩自己没察觉到伊份情感，没畀任何回应，算系平稳过渡，件事就简单好多。即使宜家先知，只要继续扮无知，做好心理建设去面对，应该唔会有乜尴尬,0.0,0.0,0.0,,zh,,,,,,,,,,,,
tweet-1473041559142731780,2026-03-06 19:58:22,推特,GiacomoYu,'533077665,GiacomoYu,原创,Mon Dec 20 21:24:10 +0000 2021,,,,,,,,,GiacomoYu,'533077665,GiacomoYu,Mon Dec 20 21:24:10 +0000 2021,'1473041559142731780,https://x.com/GiacomoYu/status/1473041559142731780,情怀来了 https://t.co/T9pgEq5cRt,0.0,0.0,0.0,,zh,,,,,,,,,,,,
tweet-1458225928593682435,2026-03-06 19:58:22,推特,GiacomoYu,'533077665,GiacomoYu,原创,Wed Nov 10 00:12:08 +0000 2021,,,,,,,,,GiacomoYu,'533077665,GiacomoYu,Wed Nov 10 00:12:08 +0000 2021,'1458225928593682435,https://x.com/GiacomoYu/status/1458225928593682435,一开机，畀个壁纸软件更新嘅壁纸吓一跳 https://t.co/IDSJzAwzxs,0.0,0.0,0.0,,zh,,,,,,,,,,,,
tweet-1374900924796317696,2026-03-06 19:58:22,推特,GiacomoYu,'533077665,GiacomoYu,原创,Thu Mar 25 01:48:19 +0000 2021,,,,,,,,,GiacomoYu,'533077665,GiacomoYu,Thu Mar 25 01:48:19 +0000 2021,'1374900924796317696,https://x.com/GiacomoYu/status/1374900924796317696,Lavazza竟然有适配Nespresso嘅胶囊，正！ https://t.co/gNY7lcHdpN,0.0,0.0,0.0,,zh,,,,,,,,,,,,
tweet-1355347104890302464,2026-03-06 19:58:22,推特,GiacomoYu,'533077665,GiacomoYu,原创,Sat Jan 30 02:48:25 +0000 2021,,,,,,,,,GiacomoYu,'533077665,GiacomoYu,Sat Jan 30 02:48:25 +0000 2021,'1355347104890302464,https://x.com/GiacomoYu/status/1355347104890302464,最閪憎有线嘅电器,0.0,0.0,0.0,,ja,,,,,,,,,,,,
tweet-1355259285970821124,2026-03-06 19:58:22,推特,GiacomoYu,'533077665,GiacomoYu,原创,Fri Jan 29 20:59:27 +0000 2021,,,,,,,,,GiacomoYu,'533077665,GiacomoYu,Fri Jan 29 20:59:27 +0000 2021,'1355259285970821124,https://x.com/GiacomoYu/status/1355259285970821124,自学钻石俯卧撑，感觉有啲风险，容易扭伤手臂搏头,0.0,0.0,0.0,,zh,,,,,,,,,,,,
tweet-1332866925609832455,2026-03-06 19:58:22,推特,GiacomoYu,'533077665,GiacomoYu,原创,Sun Nov 29 02:00:13 +0000 2020,,,,,,,,,GiacomoYu,'533077665,GiacomoYu,Sun Nov 29 02:00:13 +0000 2020,'1332866925609832455,https://x.com/GiacomoYu/status/1332866925609832455,年纪一大，连薯片都偏向原味……,0.0,0.0,0.0,,zh,,,,,,,,,,,,
tweet-1322959580436045824,2026-03-06 19:58:22,推特,GiacomoYu,'533077665,GiacomoYu,原创,Sun Nov 01 17:51:58 +0000 2020,,,,,,,,,GiacomoYu,'533077665,GiacomoYu,Sun Nov 01 17:51:58 +0000 2020,'1322959580436045824,https://x.com/GiacomoYu/status/1322959580436045824,仆街啦，上班唔饮咖啡就攰到头痛，睇来真系咖啡因瘾症,0.0,0.0,0.0,,ja,,,,,,,,,,,,
tweet-1322272176075087872,2026-03-06 19:58:22,推特,GiacomoYu,'533077665,GiacomoYu,原创,Fri Oct 30 20:20:28 +0000 2020,,,,,,,,,GiacomoYu,'533077665,GiacomoYu,Fri Oct 30 20:20:28 +0000 2020,'1322272176075087872,https://x.com/GiacomoYu/status/1322272176075087872,收到工资之前，所有稍微大啲嘅消费都就住就住，包括一餐普通嘅麦当劳,0.0,0.0,0.0,,zh,,,,,,,,,,,,
tweet-1311819461373157377,2026-03-06 19:58:22,推特,GiacomoYu,'533077665,GiacomoYu,原创,Fri Oct 02 00:05:06 +0000 2020,,,,,,,,,GiacomoYu,'533077665,GiacomoYu,Fri Oct 02 00:05:06 +0000 2020,'1311819461373157377,https://x.com/GiacomoYu/status/1311819461373157377,三餐正常少少，体重就反弹，睇来之前嘅减肥成果主要成因都系唔科学嘅饮食习惯，跟住落来健身强度要加大先得,0.0,0.0,0.0,,zh,,,,,,,,,,,,
tweet-1309273463723634693,2026-03-06 19:58:22,推特,GiacomoYu,'533077665,GiacomoYu,原创,Thu Sep 24 23:28:13 +0000 2020,,,,,,,,,GiacomoYu,'533077665,GiacomoYu,Thu Sep 24 23:28:13 +0000 2020,'1309273463723634693,https://x.com/GiacomoYu/status/1309273463723634693,两杯咖啡+出身汗嘅健身，总算缓解咗头痛,0.0,0.0,0.0,,zh,,,,,,,,,,,,
tweet-1303475807604662273,2026-03-06 19:58:22,推特,GiacomoYu,'533077665,GiacomoYu,原创,Tue Sep 08 23:30:24 +0000 2020,,,,,,,,,GiacomoYu,'533077665,GiacomoYu,Tue Sep 08 23:30:24 +0000 2020,'1303475807604662273,https://x.com/GiacomoYu/status/1303475807604662273,巨人结局篇章，写死角色嘅频率，已经令我有啲麻木，网友个个对韩吉一片泪目，我只系EM…………,0.0,0.0,0.0,,zh,,,,,,,,,,,,
tweet-1290108723315146752,2026-03-06 19:58:22,推特,GiacomoYu,'533077665,GiacomoYu,原创,Mon Aug 03 02:14:23 +0000 2020,,,,,,,,,GiacomoYu,'533077665,GiacomoYu,Mon Aug 03 02:14:23 +0000 2020,'1290108723315146752,https://x.com/GiacomoYu/status/1290108723315146752,为咗走出绝路，行上咗另外一条更绝嘅路，30中年先来热血，希望可以成功啦，勿斯一系饿死一系翻唔到屋企,0.0,0.0,0.0,,zh,,,,,,,,,,,,
tweet-1282518023446900737,2026-03-06 19:58:22,推特,GiacomoYu,'533077665,GiacomoYu,原创,Mon Jul 13 03:31:39 +0000 2020,,,,,,,,,GiacomoYu,'533077665,GiacomoYu,Mon Jul 13 03:31:39 +0000 2020,'1282518023446900737,https://x.com/GiacomoYu/status/1282518023446900737,最多畀你喺我面前贱多三个礼拜，之后我睬你都生臭狐，正一仆街贱精食屎狗,0.0,0.0,0.0,,zh,,,,,,,,,,,,
tweet-1276863390535778306,2026-03-06 19:58:22,推特,GiacomoYu,'533077665,GiacomoYu,原创,Sat Jun 27 13:02:09 +0000 2020,,,,,,,,,GiacomoYu,'533077665,GiacomoYu,Sat Jun 27 13:02:09 +0000 2020,'1276863390535778306,https://x.com/GiacomoYu/status/1276863390535778306,事实证明，没有最折堕，只有更折堕，点解会有咁贱嘅老细,0.0,0.0,0.0,,zh,,,,,,,,,,,,
tweet-1276467508732735490,2026-03-06 19:58:22,推特,GiacomoYu,'533077665,GiacomoYu,原创,Fri Jun 26 10:49:04 +0000 2020,,,,,,,,,GiacomoYu,'533077665,GiacomoYu,Fri Jun 26 10:49:04 +0000 2020,'1276467508732735490,https://x.com/GiacomoYu/status/1276467508732735490,我当初就应该饿死，都唔应该打伊份折堕工,0.0,0.0,0.0,,zh,,,,,,,,,,,,
tweet-1273420983182000128,2026-03-06 19:58:22,推特,GiacomoYu,'533077665,GiacomoYu,原创,Thu Jun 18 01:03:16 +0000 2020,,,,,,,,,GiacomoYu,'533077665,GiacomoYu,Thu Jun 18 01:03:16 +0000 2020,'1273420983182000128,https://x.com/GiacomoYu/status/1273420983182000128,没惗到肚腩都唔难减，贵在坚持，希望同样嘅精神可以延续到其它方面,0.0,0.0,0.0,,zh,,,,,,,,,,,,
tweet-1205851404964913152,2026-03-06 19:58:22,推特,GiacomoYu,'533077665,GiacomoYu,原创,Sat Dec 14 14:05:53 +0000 2019,,,,,,,,,GiacomoYu,'533077665,GiacomoYu,Sat Dec 14 14:05:53 +0000 2019,'1205851404964913152,https://x.com/GiacomoYu/status/1205851404964913152,一段时间没留意，原来《银之匙》已经完结咗，当年追嘅时候，真系深受入边嘅激扬青春同人生哲理感动，可惜并没改善自己，到今日变成一个废材中年,0.0,0.0,0.0,,zh,,,,,,,,,,,,
profile-conversation-2029889312413188116,2026-03-06 19:58:22,推特,GiacomoYu,'533077665,GiacomoYu,回复,Fri Nov 22 13:43:36 +0000 2019,'1197873265118711808,https://x.com/GiacomoYu/status/1197873265118711808,心悒越来越频繁、严重，甚至差啲忍唔住落泪，我知道伊份感情终归会过去，但系过程真系漫长煎熬，希望宜家嘅状态表示就快接近顶峰，跨咗过去就系坦途,0.0,0.0,0.0,,zh,GiacomoYu,'533077665,GiacomoYu,Tue Nov 12 20:52:20 +0000 2019,'1194357281116315654,https://x.com/GiacomoYu/status/1194357281116315654,好似要窒息嘅生活，有时会希望时间过得快啲，可能就可以走过心入边嘅伤痛，可能就可以结束伊种折堕嘅生活，但系自己完全没任何成长，时间过得再快，得到嘅都只系岁数嘅增加而已,1.0,0.0,0.0,,zh,,,,,,,,,,,,
tweet-2010653572955066393,2026-03-06 20:00:09,推特,zxlstef,'1977591172177809408,x l,转帖,Mon Jan 12 10:02:22 +0000 2026,,,,,,,,,UnitasLabs,'1930625039306747904,Unitas Labs,Mon Jan 12 09:50:02 +0000 2026,'2010650468696179076,https://x.com/UnitasLabs/status/2010650468696179076,Our exclusive Booster Campaign with @BinanceWallet goes live today!Complete Phase 1 tasks to qualify for rewards:🔷Social quests🔷Staking USDu🔷Binance Alpha PointsEligible users receive $UP token allocations.Learn more 🔽 https://t.co/w2rc9BzWut,2355.0,70489.0,13110.0,699655.0,en,,,,,,,,,,,,
tweet-2003288616152498699,2026-03-06 20:00:09,推特,zxlstef,'1977591172177809408,x l,原创,Tue Dec 23 02:16:40 +0000 2025,,,,,,,,,zxlstef,'1977591172177809408,x l,Tue Dec 23 02:16:40 +0000 2025,'2003288616152498699,https://x.com/zxlstef/status/2003288616152498699,立即参与币安每日一词！瓜分400000 HOME大奖，日拱一卒，提升加密货币知识！ https://t.co/zqchgzetEc,0.0,0.0,0.0,5.0,zh,,,,,,,,,,,,
tweet-2003287895411671392,2026-03-06 20:00:09,推特,zxlstef,'1977591172177809408,x l,原创,Tue Dec 23 02:13:48 +0000 2025,,,,,,,,,zxlstef,'1977591172177809408,x l,Tue Dec 23 02:13:48 +0000 2025,'2003287895411671392,https://x.com/zxlstef/status/2003287895411671392,立即参与币安每日一词！瓜分400000 HOME大奖，日拱一卒，提升加密货币知识！ https://t.co/NHHi51bLki,0.0,0.0,0.0,3.0,zh,,,,,,,,,,,,
tweet-2003159098465108303,2026-03-06 20:00:09,推特,zxlstef,'1977591172177809408,x l,转帖,Mon Dec 22 17:42:00 +0000 2025,,,,,,,,,BinanceWallet,'1400391752368992260,Binance Wallet,Sat Dec 20 11:12:14 +0000 2025,'2002336233490702656,https://x.com/BinanceWallet/status/2002336233490702656,Top 10 Updates of 2025 1️⃣ Multi-platform: Web &amp; Extension2️⃣ Advanced data tools: Signals &amp; Tracker3️⃣ Diverse trading options: Meme Rush &amp; Limit Order4️⃣ Alpha Trading: Point &amp; Event5️⃣ Booster Program6️⃣ Stock Token7️⃣ Binance Wallet Referral 8️⃣ Secure Auto-Sign9️⃣ Multiple https://t.co/NuZAQ8KwCl,3970.0,33582.0,13130.0,721491.0,en,,,,,,,,,,,,
tweet-2003001240280809822,2026-03-06 20:00:09,推特,zxlstef,'1977591172177809408,x l,转帖,Mon Dec 22 07:14:44 +0000 2025,,,,,,,,,BitwayOfficial,'1475044530244419589,Bitway,Mon Dec 22 06:20:02 +0000 2025,'2002987475535642764,https://x.com/BitwayOfficial/status/2002987475535642764,"Introducing Bitway: The Internet Capital Gateway for On-Chain FinanceIncubated and backed by @yzilabs via @EASYResidency Season 1, Bitway is founded by early members of Binance Labs and Chainspace, the blockchain scalability project later acquired by Facebook.Bitway serves as https://t.co/XeJ1THPuTF",1956.0,77125.0,11865.0,674365.0,en,,,,,,,,,,,,
tweet-1998649684219638233,2026-03-06 20:00:09,推特,zxlstef,'1977591172177809408,x l,转帖,Wed Dec 10 07:03:12 +0000 2025,,,,,,,,,binancezh,'1451036242431262720,币安Binance华语,Tue Dec 09 05:03:14 +0000 2025,'1998257104180879594,https://x.com/binancezh/status/1998257104180879594,🫡 尊敬的币安钱包体验官，欢迎体验本周更新并抽奖！🎁 50 位幸运用户 → 每人 20 USDC-全场景稳定币交易升级，体验更自由高效的交易方式-支持创建多个独立无私钥钱包，满足多场景需求-新增信号功能，捕捉潜力代币动向-新增独家社交热度功能，实时掌握市场热点与趋势如何参与：1️⃣ 关注 https://t.co/UCbSex7Vzl,1479.0,1035.0,1299.0,97445.0,zh,,,,,,,,,,,,
tweet-1988946414047752542,2026-03-06 20:00:09,推特,zxlstef,'1977591172177809408,x l,转帖,Thu Nov 13 12:25:52 +0000 2025,,,,,,,,,TreehouseFi,'1371771070571683841,Treehouse,Wed Nov 12 09:00:09 +0000 2025,'1988532255241945296,https://x.com/TreehouseFi/status/1988532255241945296,"🌳 tETH Turns One: A ReviewIn one year, $tETH has grown to 81K+ ETH ($300M) in TVL, 47K+ users, and 2 chains, delivering on its promise of steady, low-volatility yield.But the real story isn’t just returns.It’s how the strategy held strong through DeFi’s “hard mode.” 🧵👇 https://t.co/NMS9oQ3HQK",1359.0,94047.0,13066.0,792265.0,en,,,,,,,,,,,,
tweet-1988946322708385976,2026-03-06 20:00:09,推特,zxlstef,'1977591172177809408,x l,转帖,Thu Nov 13 12:25:30 +0000 2025,,,,,,,,,TreehouseFi,'1371771070571683841,Treehouse,Wed Oct 08 06:31:12 +0000 2025,'1975811197175013427,https://x.com/TreehouseFi/status/1975811197175013427,"🌳 Q3 2025 was Treehouse’s biggest quarter yet.We launched $TREE through Gaia TGE, expanded tAssets across major protocols and chains, and saw real-world adoption of DOR with institutional integrations.Here’s everything we built this quarter. 🧵👇https://t.co/SC5srbfA6p https://t.co/hHFBmRP59o",1371.0,94220.0,12917.0,515458.0,en,,,,,,,,,,,,
tweet-1988946066369290653,2026-03-06 20:00:09,推特,zxlstef,'1977591172177809408,x l,转帖,Thu Nov 13 12:24:29 +0000 2025,,,,,,,,,TreehouseFi,'1371771070571683841,Treehouse,Mon Nov 10 10:01:23 +0000 2025,'1987822890629357746,https://x.com/TreehouseFi/status/1987822890629357746,"🌳 TIP 4: TREE BuybacksA new TIP proposal is live to allocate 50% of MEY fees from $tETH toward $TREE buybacks.Acquired TREE will be held in a designated address managed by the DAO Treasury, strengthening long-term alignment between protocol growth and tokenholder value. 🧵👇 https://t.co/2hIf0A1ge9",1197.0,94172.0,12707.0,912961.0,en,,,,,,,,,,,,
tweet-1988242481667060003,2026-03-06 20:00:09,推特,zxlstef,'1977591172177809408,x l,转帖,Tue Nov 11 13:48:42 +0000 2025,,,,,,,,,r3vl_xyz,'1090286948894326785,Reveel,Mon Nov 10 22:23:53 +0000 2025,'1988009745245237346,https://x.com/r3vl_xyz/status/1988009745245237346,Welcome to the REVAlution! This is what happens when AgentFi + Stablecoins + x402 come together!Already $180M in Annualized Agent Volume on @REVApay_ai !,2067.0,58351.0,9509.0,753609.0,en,,,,,,,,,,,,
tweet-1986042043966329213,2026-03-06 20:00:09,推特,zxlstef,'1977591172177809408,x l,转帖,Wed Nov 05 12:04:56 +0000 2025,,,,,,,,,zkPass,'1506532533365886981,zkPass,Wed Nov 05 11:50:24 +0000 2025,'1986038386214486326,https://x.com/zkPass/status/1986038386214486326,"zkPass × @BinanceWallet Booster Program - Phase 1 Goes Live→ Starts Nov 5, 12:00 UTC→ Eligibility: Users with 61 + Alpha Points→ Rewards: 10,000,000 $ZKP→ Complete verifiable quests, power your proofs with VOLEitH, and earn what you prove.Proof is the new Alpha. 🌐 ✅ https://t.co/Pnabp8f7IF",1983.0,97776.0,17996.0,939655.0,en,,,,,,,,,,,,
tweet-1983954999878250727,2026-03-06 20:00:09,推特,zxlstef,'1977591172177809408,x l,转帖,Thu Oct 30 17:51:46 +0000 2025,,,,,,,,,binancezh,'1451036242431262720,币安Binance华语,Thu Oct 30 10:06:15 +0000 2025,'1983837847410094463,https://x.com/binancezh/status/1983837847410094463,这个万圣节一起来‘抓鬼’吧👻🎃各位勇士，前方有五只会威胁账户和交易安全的怪物，快拿起正确的武器把他们消灭！妖魔鬼怪快离开！今年的糖币安买单🔔🕸️抽10位全对答案获得66U；AI设计其他安全相关鬼怪，3个优秀作品获得周边套盒！带 #币安万圣节 和5题答案或作品RT并评论即可参与🧵 https://t.co/bbrmDAuUAb,1918.0,573.0,880.0,334142.0,zh,,,,,,,,,,,,
tweet-1983134917698506860,2026-03-06 20:00:09,推特,zxlstef,'1977591172177809408,x l,转帖,Tue Oct 28 11:33:03 +0000 2025,,,,,,,,,pieverse_io,'1846966319251705857,pieverse,Tue Oct 28 08:46:07 +0000 2025,'1983092903963701635,https://x.com/pieverse_io/status/1983092903963701635,"🚀 Phase 4 of the Pieverse x @BinanceWallet Booster Campaign is LIVE!The final phase begins and the future of timestamped, verifiable payments continues.🎁 30,000,000 $PIEVERSE (3% of the total initial supply) will be distributed across 4 phases of this campaign.🗓️ Phase 4 https://t.co/DVXTdFYPJX",2885.0,103503.0,19903.0,1142626.0,en,,,,,,,,,,,,
tweet-1981024507872661660,2026-03-06 20:00:09,推特,zxlstef,'1977591172177809408,x l,转帖,Wed Oct 22 15:47:02 +0000 2025,,,,,,,,,r3vl_xyz,'1090286948894326785,Reveel,Mon Oct 06 14:04:13 +0000 2025,'1975200425931669657,https://x.com/r3vl_xyz/status/1975200425931669657,"Milestone unlocked: 500,000 registered Stablecoin IDs 🟩Half a million people now moving money with universal identityThis is just the beginning. https://t.co/6eqNJBmjdj",4362.0,103059.0,20516.0,1094343.0,en,,,,,,,,,,,,
tweet-1978345848925745332,2026-03-06 20:00:09,推特,zxlstef,'1977591172177809408,x l,转帖,Wed Oct 15 06:23:00 +0000 2025,,,,,,,,,BASCAN_io,'1674737220169895936,BAS(BNB Attestation Service),Fri Oct 10 04:57:24 +0000 2025,'1976512365354184876,https://x.com/BASCAN_io/status/1976512365354184876,"BAS Booster Program x @BinanceWallet — Season 3 Week 3 Kicks Off!😁10.10, 13:00 （UTC+8） →  10.17, 13:00 （UTC+8）😁Reward Pool: 50,000,000 (0.5%) $BAS😁Eligibility: 61+ Alpha PointsThis Week’s Tasks:🫶Hold ≥ 3000+ BAS in past 7 days — share 12.5M BAS🫶Buy ≥ 1000 https://t.co/M1Al3hUPoc",2106.0,83257.0,12685.0,1031921.0,en,,,,,,,,,,,,
tweet-1977947245627478192,2026-03-06 20:00:09,推特,zxlstef,'1977591172177809408,x l,转帖,Tue Oct 14 03:59:06 +0000 2025,,,,,,,,,pieverse_io,'1846966319251705857,pieverse,Mon Oct 13 11:49:03 +0000 2025,'1977703126385017339,https://x.com/pieverse_io/status/1977703126385017339,"🚀 Phase 3 of the Pieverse x @BinanceWallet Booster Campaign is officially LIVE!We’re excited to unveil the next step in our mission to bring trusted, timestamped value to Web3.🎁 30,000,000 $PIEVERSE (3% of the total initial supply) will be distributed across 4 phases of https://t.co/InFyn0cfxN",3158.0,105462.0,20096.0,1273162.0,en,,,,,,,,,,,,
tweet-1547231708092985345,2026-03-06 20:04:18,推特,GIAOALG,'1234693914306572288,白馬曌青衣,原创,Wed Jul 13 14:49:20 +0000 2022,,,,,,,,,GIAOALG,'1234693914306572288,白馬曌青衣,Wed Jul 13 14:49:20 +0000 2022,'1547231708092985345,https://x.com/GIAOALG/status/1547231708092985345,今晚的超级月亮~ https://t.co/RvRYEAcnxp,3.0,0.0,4.0,,zh,,,,,,,,,,,,
tweet-1294605972321628162,2026-03-06 20:04:18,推特,GIAOALG,'1234693914306572288,白馬曌青衣,原创,Sat Aug 15 12:04:51 +0000 2020,,,,,,,,,GIAOALG,'1234693914306572288,白馬曌青衣,Sat Aug 15 12:04:51 +0000 2020,'1294605972321628162,https://x.com/GIAOALG/status/1294605972321628162,75年前的今天，先烈们用鲜血和生命换来了抗日战争的胜利！我们没有资格替先辈原谅侵略者，警钟长鸣，吾辈需自强。 https://t.co/3Y5kmTFURP,0.0,0.0,0.0,,zh,,,,,,,,,,,,
tweet-1292795660748562432,2026-03-06 20:04:18,推特,GIAOALG,'1234693914306572288,白馬曌青衣,原创,Mon Aug 10 12:11:19 +0000 2020,,,,,,,,,GIAOALG,'1234693914306572288,白馬曌青衣,Mon Aug 10 12:11:19 +0000 2020,'1292795660748562432,https://x.com/GIAOALG/status/1292795660748562432,大快人心！！干得漂亮！！立秋了，是时候开始秋后算账了。反贼们继续跳，看你们能蹦多久。转自：人民日报 https://t.co/OOlzeHcNbS,0.0,0.0,0.0,,zh,,,,,,,,,,,,
tweet-1262972180834316288,2026-03-06 20:04:18,推特,GIAOALG,'1234693914306572288,白馬曌青衣,原创,Wed May 20 05:03:27 +0000 2020,,,,,,,,,GIAOALG,'1234693914306572288,白馬曌青衣,Wed May 20 05:03:27 +0000 2020,'1262972180834316288,https://x.com/GIAOALG/status/1262972180834316288,#一国两智#台湾#智障 https://t.co/T9GL6LI1cc,2.0,0.0,0.0,,qme,,,,,,,,,,,,
tweet-1254473279869317123,2026-03-06 20:04:18,推特,GIAOALG,'1234693914306572288,白馬曌青衣,原创,Sun Apr 26 18:11:51 +0000 2020,,,,,,,,,GIAOALG,'1234693914306572288,白馬曌青衣,Sun Apr 26 18:11:51 +0000 2020,'1254473279869317123,https://x.com/GIAOALG/status/1254473279869317123,#特朗普 #美国#USA https://t.co/He3waYHmuB,0.0,0.0,2.0,,qme,,,,,,,,,,,,
tweet-1254473140513603585,2026-03-06 20:04:18,推特,GIAOALG,'1234693914306572288,白馬曌青衣,原创,Sun Apr 26 18:11:18 +0000 2020,,,,,,,,,GIAOALG,'1234693914306572288,白馬曌青衣,Sun Apr 26 18:11:18 +0000 2020,'1254473140513603585,https://x.com/GIAOALG/status/1254473140513603585,#台湾 #双标 https://t.co/S5Hfj3IA7v,0.0,1.0,1.0,,qme,,,,,,,,,,,,
tweet-1236453144692813825,2026-03-06 20:04:18,推特,GIAOALG,'1234693914306572288,白馬曌青衣,原创,Sun Mar 08 00:46:16 +0000 2020,,,,,,,,,GIAOALG,'1234693914306572288,白馬曌青衣,Sun Mar 08 00:46:16 +0000 2020,'1236453144692813825,https://x.com/GIAOALG/status/1236453144692813825,#黑警死全家真他妈的搞笑，居然还有这种话题，香港真的没救了，这么多脑残青年。把👴🏻逗得笑出🐷叫。老子好奇肺炎怎么没让你们得上，废青全部得肺炎暴毙是我最想看到的新闻了。香港的教育界跟狗屎一样，教出这么多废青？还搁那bb个不停，要不是一国两制，解放军早就把你们的狗嘴堵上了。 https://t.co/a8DTsGruMC,0.0,0.0,2.0,,zh,,,,,,,,,,,,
tweet-1957886589486702891,2026-03-06 20:05:51,推特,laoli1027,'1957881709397200896,laoli,转帖,Tue Aug 19 19:25:13 +0000 2025,,,,,,,,,Ahab_Channel,'1228011812286676992,亚哈Ahab,Thu May 30 07:36:15 +0000 2024,'1796083186235277315,https://x.com/Ahab_Channel/status/1796083186235277315,#Azurlane #樫野 很奇怪诶！为什么要吃小麦还要戴这个（） https://t.co/c2UJPtnVfx,29.0,499.0,5777.0,273921,zh,,,,,,,,,,,,
